id_venta,producto,precio,cantidad,fecha_venta,categoria,total_venta,id_campanha,canal,costo,fecha_inicio,fecha_fin,en_campaña
792,Cuadro decorativo,69.94,5.0,2024-01-02,Decoración,349.7,1,RRSS,5.27,2024-04-27,2024-06-04,False
792,Cuadro decorativo,69.94,5.0,2024-01-02,Decoración,349.7,31,Email,5.28,2024-08-15,2024-09-12,False
792,Cuadro decorativo,69.94,5.0,2024-01-02,Decoración,349.7,61,TV,5.3,2024-11-05,2024-12-23,False
811,Lámpara de mesa,105.1,5.0,2024-01-02,Decoración,525.5,32,Email,5.54,2024-03-28,2024-04-20,False
811,Lámpara de mesa,105.1,5.0,2024-01-02,Decoración,525.5,2,RRSS,5.88,2024-05-30,2024-06-29,False
811,Lámpara de mesa,105.1,5.0,2024-01-02,Decoración,525.5,62,TV,4.51,2024-08-26,2024-10-07,False
1156,Secadora,97.96,3.0,2024-01-02,Electrodomésticos,293.88,3,RRSS,5.1,2024-07-24,2024-08-30,False
1156,Secadora,97.96,3.0,2024-01-02,Electrodomésticos,293.88,63,TV,5.69,2024-11-03,2024-11-28,False
1156,Secadora,97.96,3.0,2024-01-02,Electrodomésticos,293.88,33,Email,3.8,2024-12-20,2025-01-07,False
1372,Heladera,114.35,8.0,2024-01-02,Electrodomésticos,914.8,34,Email,4.2,2024-05-06,2024-07-05,False
1372,Heladera,114.35,8.0,2024-01-02,Electrodomésticos,914.8,4,RRSS,4.53,2024-05-31,2024-07-15,False
1372,Heladera,114.35,8.0,2024-01-02,Electrodomésticos,914.8,64,TV,4.38,2024-07-10,2024-08-09,False
1546,Secadora,106.21,4.0,2024-01-02,Electrodomésticos,424.84,3,RRSS,5.1,2024-07-24,2024-08-30,False
1546,Secadora,106.21,4.0,2024-01-02,Electrodomésticos,424.84,63,TV,5.69,2024-11-03,2024-11-28,False
1546,Secadora,106.21,4.0,2024-01-02,Electrodomésticos,424.84,33,Email,3.8,2024-12-20,2025-01-07,False
1697,Horno eléctrico,35.35,9.0,2024-01-02,Electrodomésticos,318.15000000000003,35,Email,5.65,2024-07-31,2024-09-29,False
1697,Horno eléctrico,35.35,9.0,2024-01-02,Electrodomésticos,318.15000000000003,5,RRSS,5.16,2024-08-22,2024-10-17,False
1697,Horno eléctrico,35.35,9.0,2024-01-02,Electrodomésticos,318.15000000000003,65,TV,3.08,2024-10-23,2024-12-11,False
1710,Plancha de vapor,65.43,2.0,2024-01-02,Electrodomésticos,130.86,36,Email,5.41,2024-04-02,2024-06-01,False
1710,Plancha de vapor,65.43,2.0,2024-01-02,Electrodomésticos,130.86,6,RRSS,4.02,2024-09-24,2024-11-02,False
1710,Plancha de vapor,65.43,2.0,2024-01-02,Electrodomésticos,130.86,66,TV,4.69,2024-10-04,2024-10-23,False
2959,Proyector,88.17,9.0,2024-01-02,Electrónica,793.53,67,TV,3.68,2024-05-22,2024-07-12,False
2959,Proyector,88.17,9.0,2024-01-02,Electrónica,793.53,37,Email,3.22,2024-07-06,2024-07-26,False
2959,Proyector,88.17,9.0,2024-01-02,Electrónica,793.53,7,RRSS,5.57,2024-07-30,2024-08-16,False
318,Rincón de plantas,79.86,11.0,2024-01-03,Decoración,878.46,38,Email,5.76,2024-06-14,2024-07-15,False
318,Rincón de plantas,79.86,11.0,2024-01-03,Decoración,878.46,8,RRSS,4.88,2024-08-03,2024-08-18,False
318,Rincón de plantas,79.86,11.0,2024-01-03,Decoración,878.46,68,TV,5.81,2024-12-17,2025-02-14,False
419,Candelabro,66.11,8.0,2024-01-03,Decoración,528.88,69,TV,3.25,2024-05-29,2024-06-30,False
419,Candelabro,66.11,8.0,2024-01-03,Decoración,528.88,39,Email,6.08,2024-07-17,2024-08-18,False
419,Candelabro,66.11,8.0,2024-01-03,Decoración,528.88,9,RRSS,5.32,2024-10-08,2024-11-16,False
1374,Aspiradora,95.9,5.0,2024-01-03,Electrodomésticos,479.5,40,Email,6.24,2024-06-24,2024-08-12,False
1374,Aspiradora,95.9,5.0,2024-01-03,Electrodomésticos,479.5,10,RRSS,7.16,2024-08-19,2024-09-19,False
1374,Aspiradora,95.9,5.0,2024-01-03,Electrodomésticos,479.5,70,TV,3.06,2024-12-13,2024-12-29,False
1571,Freidora eléctrica,111.18,1.0,2024-01-03,Electrodomésticos,111.18,71,TV,4.37,2024-06-05,2024-07-24,False
1571,Freidora eléctrica,111.18,1.0,2024-01-03,Electrodomésticos,111.18,41,Email,3.92,2024-11-23,2025-01-01,False
1571,Freidora eléctrica,111.18,1.0,2024-01-03,Electrodomésticos,111.18,11,RRSS,5.27,2024-12-29,2025-01-21,False
1814,Aspiradora,70.91,2.0,2024-01-03,Electrodomésticos,141.82,40,Email,6.24,2024-06-24,2024-08-12,False
1814,Aspiradora,70.91,2.0,2024-01-03,Electrodomésticos,141.82,10,RRSS,7.16,2024-08-19,2024-09-19,False
1814,Aspiradora,70.91,2.0,2024-01-03,Electrodomésticos,141.82,70,TV,3.06,2024-12-13,2024-12-29,False
2769,Proyector,43.62,11.0,2024-01-03,Electrónica,479.82,67,TV,3.68,2024-05-22,2024-07-12,False
2769,Proyector,43.62,11.0,2024-01-03,Electrónica,479.82,37,Email,3.22,2024-07-06,2024-07-26,False
2769,Proyector,43.62,11.0,2024-01-03,Electrónica,479.82,7,RRSS,5.57,2024-07-30,2024-08-16,False
2794,Tablet,67.97,9.0,2024-01-03,Electrónica,611.73,12,RRSS,3.4,2024-03-26,2024-05-13,False
2794,Tablet,67.97,9.0,2024-01-03,Electrónica,611.73,72,TV,4.9,2024-07-08,2024-09-03,False
2794,Tablet,67.97,9.0,2024-01-03,Electrónica,611.73,42,Email,4.42,2024-07-14,2024-09-03,False
2824,Tablet,74.09,5.0,2024-01-03,Electrónica,370.45000000000005,12,RRSS,3.4,2024-03-26,2024-05-13,False
2824,Tablet,74.09,5.0,2024-01-03,Electrónica,370.45000000000005,72,TV,4.9,2024-07-08,2024-09-03,False
2824,Tablet,74.09,5.0,2024-01-03,Electrónica,370.45000000000005,42,Email,4.42,2024-07-14,2024-09-03,False
446,Cortinas,62.1,4.0,2024-01-04,Decoración,248.4,43,Email,5.67,2024-05-02,2024-06-17,False
446,Cortinas,62.1,4.0,2024-01-04,Decoración,248.4,73,TV,6.47,2024-08-17,2024-09-26,False
446,Cortinas,62.1,4.0,2024-01-04,Decoración,248.4,13,RRSS,5.22,2024-09-16,2024-10-15,False
630,Adorno de pared,71.99,9.0,2024-01-04,Decoración,647.91,74,TV,4.81,2024-03-20,2024-05-03,False
630,Adorno de pared,71.99,9.0,2024-01-04,Decoración,647.91,44,Email,5.08,2024-04-13,2024-05-10,False
630,Adorno de pared,71.99,9.0,2024-01-04,Decoración,647.91,14,RRSS,4.16,2024-10-22,2024-12-21,False
794,Jarrón decorativo,96.97,7.0,2024-01-04,Decoración,678.79,15,RRSS,4.65,2024-05-09,2024-06-13,False
794,Jarrón decorativo,96.97,7.0,2024-01-04,Decoración,678.79,45,Email,4.52,2024-06-05,2024-07-31,False
794,Jarrón decorativo,96.97,7.0,2024-01-04,Decoración,678.79,75,TV,4.1,2024-11-03,2024-12-25,False
882,Cuadro decorativo,101.92,9.0,2024-01-04,Decoración,917.28,1,RRSS,5.27,2024-04-27,2024-06-04,False
882,Cuadro decorativo,101.92,9.0,2024-01-04,Decoración,917.28,31,Email,5.28,2024-08-15,2024-09-12,False
882,Cuadro decorativo,101.92,9.0,2024-01-04,Decoración,917.28,61,TV,5.3,2024-11-05,2024-12-23,False
969,Candelabro,90.7,12.0,2024-01-04,Decoración,1088.4,69,TV,3.25,2024-05-29,2024-06-30,False
969,Candelabro,90.7,12.0,2024-01-04,Decoración,1088.4,39,Email,6.08,2024-07-17,2024-08-18,False
969,Candelabro,90.7,12.0,2024-01-04,Decoración,1088.4,9,RRSS,5.32,2024-10-08,2024-11-16,False
1445,Lavadora,28.41,10.0,2024-01-04,Electrodomésticos,284.1,46,Email,3.63,2024-05-12,2024-05-29,False
1445,Lavadora,28.41,10.0,2024-01-04,Electrodomésticos,284.1,76,TV,4.66,2024-05-26,2024-07-02,False
1445,Lavadora,28.41,10.0,2024-01-04,Electrodomésticos,284.1,16,RRSS,3.56,2024-08-14,2024-09-20,False
1971,Freidora eléctrica,122.25,11.0,2024-01-04,Electrodomésticos,1344.75,71,TV,4.37,2024-06-05,2024-07-24,False
1971,Freidora eléctrica,122.25,11.0,2024-01-04,Electrodomésticos,1344.75,41,Email,3.92,2024-11-23,2025-01-01,False
1971,Freidora eléctrica,122.25,11.0,2024-01-04,Electrodomésticos,1344.75,11,RRSS,5.27,2024-12-29,2025-01-21,False
2209,Proyector,32.15,1.0,2024-01-04,Electrónica,32.15,67,TV,3.68,2024-05-22,2024-07-12,False
2209,Proyector,32.15,1.0,2024-01-04,Electrónica,32.15,37,Email,3.22,2024-07-06,2024-07-26,False
2209,Proyector,32.15,1.0,2024-01-04,Electrónica,32.15,7,RRSS,5.57,2024-07-30,2024-08-16,False
256,Cortinas,86.82,8.0,2024-01-05,Decoración,694.56,43,Email,5.67,2024-05-02,2024-06-17,False
256,Cortinas,86.82,8.0,2024-01-05,Decoración,694.56,73,TV,6.47,2024-08-17,2024-09-26,False
256,Cortinas,86.82,8.0,2024-01-05,Decoración,694.56,13,RRSS,5.22,2024-09-16,2024-10-15,False
606,Cortinas,106.66,11.0,2024-01-05,Decoración,1173.26,43,Email,5.67,2024-05-02,2024-06-17,False
606,Cortinas,106.66,11.0,2024-01-05,Decoración,1173.26,73,TV,6.47,2024-08-17,2024-09-26,False
606,Cortinas,106.66,11.0,2024-01-05,Decoración,1173.26,13,RRSS,5.22,2024-09-16,2024-10-15,False
704,Jarrón decorativo,57.22,9.0,2024-01-05,Decoración,514.98,15,RRSS,4.65,2024-05-09,2024-06-13,False
704,Jarrón decorativo,57.22,9.0,2024-01-05,Decoración,514.98,45,Email,4.52,2024-06-05,2024-07-31,False
704,Jarrón decorativo,57.22,9.0,2024-01-05,Decoración,514.98,75,TV,4.1,2024-11-03,2024-12-25,False
1362,Heladera,109.49,11.0,2024-01-05,Electrodomésticos,1204.3899999999999,34,Email,4.2,2024-05-06,2024-07-05,False
1362,Heladera,109.49,11.0,2024-01-05,Electrodomésticos,1204.3899999999999,4,RRSS,4.53,2024-05-31,2024-07-15,False
1362,Heladera,109.49,11.0,2024-01-05,Electrodomésticos,1204.3899999999999,64,TV,4.38,2024-07-10,2024-08-09,False
2155,Auriculares,84.8,10.0,2024-01-05,Electrónica,848.0,47,Email,4.19,2024-06-02,2024-07-22,False
2155,Auriculares,84.8,10.0,2024-01-05,Electrónica,848.0,17,RRSS,6.06,2024-07-15,2024-08-15,False
2155,Auriculares,84.8,10.0,2024-01-05,Electrónica,848.0,77,TV,4.99,2024-11-11,2024-12-06,False
2947,Cámara digital,107.78,3.0,2024-01-05,Electrónica,323.34000000000003,18,RRSS,5.46,2024-07-16,2024-09-13,False
2947,Cámara digital,107.78,3.0,2024-01-05,Electrónica,323.34000000000003,78,TV,4.1,2024-08-02,2024-09-20,False
2947,Cámara digital,107.78,3.0,2024-01-05,Electrónica,323.34000000000003,48,Email,6.84,2024-10-31,2024-12-09,False
1495,Lavadora,38.99,6.0,2024-01-06,Electrodomésticos,233.94,46,Email,3.63,2024-05-12,2024-05-29,False
1495,Lavadora,38.99,6.0,2024-01-06,Electrodomésticos,233.94,76,TV,4.66,2024-05-26,2024-07-02,False
1495,Lavadora,38.99,6.0,2024-01-06,Electrodomésticos,233.94,16,RRSS,3.56,2024-08-14,2024-09-20,False
1572,Cafetera,61.4,9.0,2024-01-06,Electrodomésticos,552.6,49,Email,5.2,2024-06-20,2024-07-22,False
1572,Cafetera,61.4,9.0,2024-01-06,Electrodomésticos,552.6,79,TV,7.26,2024-08-13,2024-10-11,False
1572,Cafetera,61.4,9.0,2024-01-06,Electrodomésticos,552.6,19,RRSS,5.7,2024-08-19,2024-09-15,False
2180,Consola de videojuegos,102.57,9.0,2024-01-06,Electrónica,923.1299999999999,50,Email,4.97,2024-05-03,2024-05-28,False
2180,Consola de videojuegos,102.57,9.0,2024-01-06,Electrónica,923.1299999999999,20,RRSS,3.16,2024-07-15,2024-08-03,False
2180,Consola de videojuegos,102.57,9.0,2024-01-06,Electrónica,923.1299999999999,80,TV,4.64,2024-11-01,2024-11-20,False
2487,Cámara digital,50.76,3.0,2024-01-06,Electrónica,152.28,18,RRSS,5.46,2024-07-16,2024-09-13,False
2487,Cámara digital,50.76,3.0,2024-01-06,Electrónica,152.28,78,TV,4.1,2024-08-02,2024-09-20,False
2487,Cámara digital,50.76,3.0,2024-01-06,Electrónica,152.28,48,Email,6.84,2024-10-31,2024-12-09,False
2603,Smartphone,87.05,5.0,2024-01-06,Electrónica,435.25,21,RRSS,6.37,2024-03-29,2024-05-16,False
2603,Smartphone,87.05,5.0,2024-01-06,Electrónica,435.25,51,Email,4.65,2024-05-28,2024-06-15,False
2603,Smartphone,87.05,5.0,2024-01-06,Electrónica,435.25,81,TV,4.78,2024-09-28,2024-10-24,False
2885,Auriculares,100.4,6.0,2024-01-06,Electrónica,602.4000000000001,47,Email,4.19,2024-06-02,2024-07-22,False
2885,Auriculares,100.4,6.0,2024-01-06,Electrónica,602.4000000000001,17,RRSS,6.06,2024-07-15,2024-08-15,False
2885,Auriculares,100.4,6.0,2024-01-06,Electrónica,602.4000000000001,77,TV,4.99,2024-11-11,2024-12-06,False
17,Elementos de cerámica,108.48,11.0,2024-01-07,Decoración,1193.28,22,RRSS,5.44,2024-06-26,2024-07-15,False
17,Elementos de cerámica,108.48,11.0,2024-01-07,Decoración,1193.28,82,TV,5.69,2024-09-08,2024-10-12,False
17,Elementos de cerámica,108.48,11.0,2024-01-07,Decoración,1193.28,52,Email,5.74,2024-09-09,2024-09-30,False
183,Espejo decorativo,82.76,8.0,2024-01-07,Decoración,662.08,83,TV,5.24,2024-05-31,2024-07-08,False
183,Espejo decorativo,82.76,8.0,2024-01-07,Decoración,662.08,53,Email,4.9,2024-07-17,2024-08-01,False
183,Espejo decorativo,82.76,8.0,2024-01-07,Decoración,662.08,23,RRSS,4.75,2024-08-28,2024-10-17,False
560,Adorno de pared,57.62,6.0,2024-01-07,Decoración,345.71999999999997,74,TV,4.81,2024-03-20,2024-05-03,False
560,Adorno de pared,57.62,6.0,2024-01-07,Decoración,345.71999999999997,44,Email,5.08,2024-04-13,2024-05-10,False
560,Adorno de pared,57.62,6.0,2024-01-07,Decoración,345.71999999999997,14,RRSS,4.16,2024-10-22,2024-12-21,False
632,Cuadro decorativo,30.49,12.0,2024-01-07,Decoración,365.88,1,RRSS,5.27,2024-04-27,2024-06-04,False
632,Cuadro decorativo,30.49,12.0,2024-01-07,Decoración,365.88,31,Email,5.28,2024-08-15,2024-09-12,False
632,Cuadro decorativo,30.49,12.0,2024-01-07,Decoración,365.88,61,TV,5.3,2024-11-05,2024-12-23,False
699,Candelabro,34.23,12.0,2024-01-07,Decoración,410.76,69,TV,3.25,2024-05-29,2024-06-30,False
699,Candelabro,34.23,12.0,2024-01-07,Decoración,410.76,39,Email,6.08,2024-07-17,2024-08-18,False
699,Candelabro,34.23,12.0,2024-01-07,Decoración,410.76,9,RRSS,5.32,2024-10-08,2024-11-16,False
1150,Plancha de vapor,33.63,10.0,2024-01-07,Electrodomésticos,336.3,36,Email,5.41,2024-04-02,2024-06-01,False
1150,Plancha de vapor,33.63,10.0,2024-01-07,Electrodomésticos,336.3,6,RRSS,4.02,2024-09-24,2024-11-02,False
1150,Plancha de vapor,33.63,10.0,2024-01-07,Electrodomésticos,336.3,66,TV,4.69,2024-10-04,2024-10-23,False
1400,Plancha de vapor,26.91,5.0,2024-01-07,Electrodomésticos,134.55,36,Email,5.41,2024-04-02,2024-06-01,False
1400,Plancha de vapor,26.91,5.0,2024-01-07,Electrodomésticos,134.55,6,RRSS,4.02,2024-09-24,2024-11-02,False
1400,Plancha de vapor,26.91,5.0,2024-01-07,Electrodomésticos,134.55,66,TV,4.69,2024-10-04,2024-10-23,False
1496,Secadora,95.33,11.0,2024-01-07,Electrodomésticos,1048.6299999999999,3,RRSS,5.1,2024-07-24,2024-08-30,False
1496,Secadora,95.33,11.0,2024-01-07,Electrodomésticos,1048.6299999999999,63,TV,5.69,2024-11-03,2024-11-28,False
1496,Secadora,95.33,11.0,2024-01-07,Electrodomésticos,1048.6299999999999,33,Email,3.8,2024-12-20,2025-01-07,False
1524,Aspiradora,65.55,8.0,2024-01-07,Electrodomésticos,524.4,40,Email,6.24,2024-06-24,2024-08-12,False
1524,Aspiradora,65.55,8.0,2024-01-07,Electrodomésticos,524.4,10,RRSS,7.16,2024-08-19,2024-09-19,False
1524,Aspiradora,65.55,8.0,2024-01-07,Electrodomésticos,524.4,70,TV,3.06,2024-12-13,2024-12-29,False
1550,Plancha de vapor,51.51,7.0,2024-01-07,Electrodomésticos,360.57,36,Email,5.41,2024-04-02,2024-06-01,False
1550,Plancha de vapor,51.51,7.0,2024-01-07,Electrodomésticos,360.57,6,RRSS,4.02,2024-09-24,2024-11-02,False
1550,Plancha de vapor,51.51,7.0,2024-01-07,Electrodomésticos,360.57,66,TV,4.69,2024-10-04,2024-10-23,False
2174,Auriculares,116.04,11.0,2024-01-07,Electrónica,1276.44,47,Email,4.19,2024-06-02,2024-07-22,False
2174,Auriculares,116.04,11.0,2024-01-07,Electrónica,1276.44,17,RRSS,6.06,2024-07-15,2024-08-15,False
2174,Auriculares,116.04,11.0,2024-01-07,Electrónica,1276.44,77,TV,4.99,2024-11-11,2024-12-06,False
2773,Smartphone,107.51,5.0,2024-01-07,Electrónica,537.5500000000001,21,RRSS,6.37,2024-03-29,2024-05-16,False
2773,Smartphone,107.51,5.0,2024-01-07,Electrónica,537.5500000000001,51,Email,4.65,2024-05-28,2024-06-15,False
2773,Smartphone,107.51,5.0,2024-01-07,Electrónica,537.5500000000001,81,TV,4.78,2024-09-28,2024-10-24,False
2920,Consola de videojuegos,29.49,2.0,2024-01-07,Electrónica,58.98,50,Email,4.97,2024-05-03,2024-05-28,False
2920,Consola de videojuegos,29.49,2.0,2024-01-07,Electrónica,58.98,20,RRSS,3.16,2024-07-15,2024-08-03,False
2920,Consola de videojuegos,29.49,2.0,2024-01-07,Electrónica,58.98,80,TV,4.64,2024-11-01,2024-11-20,False
84,Jarrón decorativo,37.05,4.0,2024-01-08,Decoración,148.2,15,RRSS,4.65,2024-05-09,2024-06-13,False
84,Jarrón decorativo,37.05,4.0,2024-01-08,Decoración,148.2,45,Email,4.52,2024-06-05,2024-07-31,False
84,Jarrón decorativo,37.05,4.0,2024-01-08,Decoración,148.2,75,TV,4.1,2024-11-03,2024-12-25,False
349,Candelabro,57.65,6.0,2024-01-08,Decoración,345.9,69,TV,3.25,2024-05-29,2024-06-30,False
349,Candelabro,57.65,6.0,2024-01-08,Decoración,345.9,39,Email,6.08,2024-07-17,2024-08-18,False
349,Candelabro,57.65,6.0,2024-01-08,Decoración,345.9,9,RRSS,5.32,2024-10-08,2024-11-16,False
687,Elementos de cerámica,27.68,8.0,2024-01-08,Decoración,221.44,22,RRSS,5.44,2024-06-26,2024-07-15,False
687,Elementos de cerámica,27.68,8.0,2024-01-08,Decoración,221.44,82,TV,5.69,2024-09-08,2024-10-12,False
687,Elementos de cerámica,27.68,8.0,2024-01-08,Decoración,221.44,52,Email,5.74,2024-09-09,2024-09-30,False
696,Cortinas,32.57,8.0,2024-01-08,Decoración,260.56,43,Email,5.67,2024-05-02,2024-06-17,False
696,Cortinas,32.57,8.0,2024-01-08,Decoración,260.56,73,TV,6.47,2024-08-17,2024-09-26,False
696,Cortinas,32.57,8.0,2024-01-08,Decoración,260.56,13,RRSS,5.22,2024-09-16,2024-10-15,False
1734,Aspiradora,50.86,4.0,2024-01-08,Electrodomésticos,203.44,40,Email,6.24,2024-06-24,2024-08-12,False
1734,Aspiradora,50.86,4.0,2024-01-08,Electrodomésticos,203.44,10,RRSS,7.16,2024-08-19,2024-09-19,False
1734,Aspiradora,50.86,4.0,2024-01-08,Electrodomésticos,203.44,70,TV,3.06,2024-12-13,2024-12-29,False
2173,Smartphone,54.19,12.0,2024-01-08,Electrónica,650.28,21,RRSS,6.37,2024-03-29,2024-05-16,False
2173,Smartphone,54.19,12.0,2024-01-08,Electrónica,650.28,51,Email,4.65,2024-05-28,2024-06-15,False
2173,Smartphone,54.19,12.0,2024-01-08,Electrónica,650.28,81,TV,4.78,2024-09-28,2024-10-24,False
2283,Smartphone,70.07,11.0,2024-01-08,Electrónica,770.77,21,RRSS,6.37,2024-03-29,2024-05-16,False
2283,Smartphone,70.07,11.0,2024-01-08,Electrónica,770.77,51,Email,4.65,2024-05-28,2024-06-15,False
2283,Smartphone,70.07,11.0,2024-01-08,Electrónica,770.77,81,TV,4.78,2024-09-28,2024-10-24,False
2501,Parlantes Bluetooth,87.78,1.0,2024-01-08,Electrónica,87.78,84,TV,4.42,2024-04-17,2024-05-05,False
2501,Parlantes Bluetooth,87.78,1.0,2024-01-08,Electrónica,87.78,54,Email,2.95,2024-08-09,2024-09-22,False
2501,Parlantes Bluetooth,87.78,1.0,2024-01-08,Electrónica,87.78,24,RRSS,6.0,2024-09-22,2024-10-26,False
2918,SmartWatch,82.18,10.0,2024-01-08,Electrónica,821.8000000000001,85,TV,5.07,2024-04-01,2024-05-05,False
2918,SmartWatch,82.18,10.0,2024-01-08,Electrónica,821.8000000000001,55,Email,4.59,2024-10-13,2024-12-06,False
2918,SmartWatch,82.18,10.0,2024-01-08,Electrónica,821.8000000000001,25,RRSS,4.84,2024-11-23,2024-12-29,False
386,Cortinas,85.71,8.0,2024-01-09,Decoración,685.68,43,Email,5.67,2024-05-02,2024-06-17,False
386,Cortinas,85.71,8.0,2024-01-09,Decoración,685.68,73,TV,6.47,2024-08-17,2024-09-26,False
386,Cortinas,85.71,8.0,2024-01-09,Decoración,685.68,13,RRSS,5.22,2024-09-16,2024-10-15,False
599,Candelabro,47.22,5.0,2024-01-09,Decoración,236.1,69,TV,3.25,2024-05-29,2024-06-30,False
599,Candelabro,47.22,5.0,2024-01-09,Decoración,236.1,39,Email,6.08,2024-07-17,2024-08-18,False
599,Candelabro,47.22,5.0,2024-01-09,Decoración,236.1,9,RRSS,5.32,2024-10-08,2024-11-16,False
633,Espejo decorativo,60.39,2.0,2024-01-09,Decoración,120.78,83,TV,5.24,2024-05-31,2024-07-08,False
633,Espejo decorativo,60.39,2.0,2024-01-09,Decoración,120.78,53,Email,4.9,2024-07-17,2024-08-01,False
633,Espejo decorativo,60.39,2.0,2024-01-09,Decoración,120.78,23,RRSS,4.75,2024-08-28,2024-10-17,False
714,Jarrón decorativo,42.46,8.0,2024-01-09,Decoración,339.68,15,RRSS,4.65,2024-05-09,2024-06-13,False
714,Jarrón decorativo,42.46,8.0,2024-01-09,Decoración,339.68,45,Email,4.52,2024-06-05,2024-07-31,False
714,Jarrón decorativo,42.46,8.0,2024-01-09,Decoración,339.68,75,TV,4.1,2024-11-03,2024-12-25,False
871,Lámpara de mesa,79.64,11.0,2024-01-09,Decoración,876.04,32,Email,5.54,2024-03-28,2024-04-20,False
871,Lámpara de mesa,79.64,11.0,2024-01-09,Decoración,876.04,2,RRSS,5.88,2024-05-30,2024-06-29,False
871,Lámpara de mesa,79.64,11.0,2024-01-09,Decoración,876.04,62,TV,4.51,2024-08-26,2024-10-07,False
1132,Cafetera,29.88,10.0,2024-01-09,Electrodomésticos,298.8,49,Email,5.2,2024-06-20,2024-07-22,False
1132,Cafetera,29.88,10.0,2024-01-09,Electrodomésticos,298.8,79,TV,7.26,2024-08-13,2024-10-11,False
1132,Cafetera,29.88,10.0,2024-01-09,Electrodomésticos,298.8,19,RRSS,5.7,2024-08-19,2024-09-15,False
1443,Microondas,67.39,8.0,2024-01-09,Electrodomésticos,539.12,56,Email,4.94,2024-08-06,2024-08-25,False
1443,Microondas,67.39,8.0,2024-01-09,Electrodomésticos,539.12,26,RRSS,5.0,2024-09-25,2024-10-14,False
1443,Microondas,67.39,8.0,2024-01-09,Electrodomésticos,539.12,86,TV,4.25,2024-09-25,2024-11-15,False
1584,Aspiradora,99.58,7.0,2024-01-09,Electrodomésticos,697.06,40,Email,6.24,2024-06-24,2024-08-12,False
1584,Aspiradora,99.58,7.0,2024-01-09,Electrodomésticos,697.06,10,RRSS,7.16,2024-08-19,2024-09-19,False
1584,Aspiradora,99.58,7.0,2024-01-09,Electrodomésticos,697.06,70,TV,3.06,2024-12-13,2024-12-29,False
1617,Horno eléctrico,68.53,8.0,2024-01-09,Electrodomésticos,548.24,35,Email,5.65,2024-07-31,2024-09-29,False
1617,Horno eléctrico,68.53,8.0,2024-01-09,Electrodomésticos,548.24,5,RRSS,5.16,2024-08-22,2024-10-17,False
1617,Horno eléctrico,68.53,8.0,2024-01-09,Electrodomésticos,548.24,65,TV,3.08,2024-10-23,2024-12-11,False
1649,Batidora,39.26,11.0,2024-01-09,Electrodomésticos,431.85999999999996,57,Email,4.48,2024-04-10,2024-06-08,False
1649,Batidora,39.26,11.0,2024-01-09,Electrodomésticos,431.85999999999996,87,TV,6.28,2024-08-27,2024-10-11,False
1649,Batidora,39.26,11.0,2024-01-09,Electrodomésticos,431.85999999999996,27,RRSS,4.52,2024-11-01,2024-12-08,False
2917,Cámara digital,120.87,7.0,2024-01-09,Electrónica,846.09,18,RRSS,5.46,2024-07-16,2024-09-13,False
2917,Cámara digital,120.87,7.0,2024-01-09,Electrónica,846.09,78,TV,4.1,2024-08-02,2024-09-20,False
2917,Cámara digital,120.87,7.0,2024-01-09,Electrónica,846.09,48,Email,6.84,2024-10-31,2024-12-09,False
315,Alfombra,122.07,9.0,2024-01-10,Decoración,1098.6299999999999,58,Email,4.25,2024-03-31,2024-05-05,False
315,Alfombra,122.07,9.0,2024-01-10,Decoración,1098.6299999999999,88,TV,7.39,2024-07-25,2024-08-31,False
315,Alfombra,122.07,9.0,2024-01-10,Decoración,1098.6299999999999,28,RRSS,5.82,2024-11-27,2025-01-08,False
553,Espejo decorativo,96.29,9.0,2024-01-10,Decoración,866.61,83,TV,5.24,2024-05-31,2024-07-08,False
553,Espejo decorativo,96.29,9.0,2024-01-10,Decoración,866.61,53,Email,4.9,2024-07-17,2024-08-01,False
553,Espejo decorativo,96.29,9.0,2024-01-10,Decoración,866.61,23,RRSS,4.75,2024-08-28,2024-10-17,False
817,Elementos de cerámica,106.31,1.0,2024-01-10,Decoración,106.31,22,RRSS,5.44,2024-06-26,2024-07-15,False
817,Elementos de cerámica,106.31,1.0,2024-01-10,Decoración,106.31,82,TV,5.69,2024-09-08,2024-10-12,False
817,Elementos de cerámica,106.31,1.0,2024-01-10,Decoración,106.31,52,Email,5.74,2024-09-09,2024-09-30,False
830,Adorno de pared,67.23,10.0,2024-01-10,Decoración,672.3000000000001,74,TV,4.81,2024-03-20,2024-05-03,False
830,Adorno de pared,67.23,10.0,2024-01-10,Decoración,672.3000000000001,44,Email,5.08,2024-04-13,2024-05-10,False
830,Adorno de pared,67.23,10.0,2024-01-10,Decoración,672.3000000000001,14,RRSS,4.16,2024-10-22,2024-12-21,False
854,Jarrón decorativo,42.83,5.0,2024-01-10,Decoración,214.14999999999998,15,RRSS,4.65,2024-05-09,2024-06-13,False
854,Jarrón decorativo,42.83,5.0,2024-01-10,Decoración,214.14999999999998,45,Email,4.52,2024-06-05,2024-07-31,False
854,Jarrón decorativo,42.83,5.0,2024-01-10,Decoración,214.14999999999998,75,TV,4.1,2024-11-03,2024-12-25,False
1090,Plancha de vapor,66.15,8.0,2024-01-10,Electrodomésticos,529.2,36,Email,5.41,2024-04-02,2024-06-01,False
1090,Plancha de vapor,66.15,8.0,2024-01-10,Electrodomésticos,529.2,6,RRSS,4.02,2024-09-24,2024-11-02,False
1090,Plancha de vapor,66.15,8.0,2024-01-10,Electrodomésticos,529.2,66,TV,4.69,2024-10-04,2024-10-23,False
1464,Aspiradora,36.38,5.0,2024-01-10,Electrodomésticos,181.9,40,Email,6.24,2024-06-24,2024-08-12,False
1464,Aspiradora,36.38,5.0,2024-01-10,Electrodomésticos,181.9,10,RRSS,7.16,2024-08-19,2024-09-19,False
1464,Aspiradora,36.38,5.0,2024-01-10,Electrodomésticos,181.9,70,TV,3.06,2024-12-13,2024-12-29,False
1933,Microondas,46.05,6.0,2024-01-10,Electrodomésticos,276.29999999999995,56,Email,4.94,2024-08-06,2024-08-25,False
1933,Microondas,46.05,6.0,2024-01-10,Electrodomésticos,276.29999999999995,26,RRSS,5.0,2024-09-25,2024-10-14,False
1933,Microondas,46.05,6.0,2024-01-10,Electrodomésticos,276.29999999999995,86,TV,4.25,2024-09-25,2024-11-15,False
308,Rincón de plantas,31.7,11.0,2024-01-11,Decoración,348.7,38,Email,5.76,2024-06-14,2024-07-15,False
308,Rincón de plantas,31.7,11.0,2024-01-11,Decoración,348.7,8,RRSS,4.88,2024-08-03,2024-08-18,False
308,Rincón de plantas,31.7,11.0,2024-01-11,Decoración,348.7,68,TV,5.81,2024-12-17,2025-02-14,False
718,Rincón de plantas,29.88,8.0,2024-01-11,Decoración,239.04,38,Email,5.76,2024-06-14,2024-07-15,False
718,Rincón de plantas,29.88,8.0,2024-01-11,Decoración,239.04,8,RRSS,4.88,2024-08-03,2024-08-18,False
718,Rincón de plantas,29.88,8.0,2024-01-11,Decoración,239.04,68,TV,5.81,2024-12-17,2025-02-14,False
804,Jarrón decorativo,87.84,7.0,2024-01-11,Decoración,614.88,15,RRSS,4.65,2024-05-09,2024-06-13,False
804,Jarrón decorativo,87.84,7.0,2024-01-11,Decoración,614.88,45,Email,4.52,2024-06-05,2024-07-31,False
804,Jarrón decorativo,87.84,7.0,2024-01-11,Decoración,614.88,75,TV,4.1,2024-11-03,2024-12-25,False
963,Espejo decorativo,32.34,5.0,2024-01-11,Decoración,161.70000000000002,83,TV,5.24,2024-05-31,2024-07-08,False
963,Espejo decorativo,32.34,5.0,2024-01-11,Decoración,161.70000000000002,53,Email,4.9,2024-07-17,2024-08-01,False
963,Espejo decorativo,32.34,5.0,2024-01-11,Decoración,161.70000000000002,23,RRSS,4.75,2024-08-28,2024-10-17,False
1167,Horno eléctrico,119.7,6.0,2024-01-11,Electrodomésticos,718.2,35,Email,5.65,2024-07-31,2024-09-29,False
1167,Horno eléctrico,119.7,6.0,2024-01-11,Electrodomésticos,718.2,5,RRSS,5.16,2024-08-22,2024-10-17,False
1167,Horno eléctrico,119.7,6.0,2024-01-11,Electrodomésticos,718.2,65,TV,3.08,2024-10-23,2024-12-11,False
1234,Aspiradora,36.89,7.0,2024-01-11,Electrodomésticos,258.23,40,Email,6.24,2024-06-24,2024-08-12,False
1234,Aspiradora,36.89,7.0,2024-01-11,Electrodomésticos,258.23,10,RRSS,7.16,2024-08-19,2024-09-19,False
1234,Aspiradora,36.89,7.0,2024-01-11,Electrodomésticos,258.23,70,TV,3.06,2024-12-13,2024-12-29,False
1319,Batidora,79.98,12.0,2024-01-11,Electrodomésticos,959.76,57,Email,4.48,2024-04-10,2024-06-08,False
1319,Batidora,79.98,12.0,2024-01-11,Electrodomésticos,959.76,87,TV,6.28,2024-08-27,2024-10-11,False
1319,Batidora,79.98,12.0,2024-01-11,Electrodomésticos,959.76,27,RRSS,4.52,2024-11-01,2024-12-08,False
1885,Lavadora,120.75,10.0,2024-01-11,Electrodomésticos,1207.5,46,Email,3.63,2024-05-12,2024-05-29,False
1885,Lavadora,120.75,10.0,2024-01-11,Electrodomésticos,1207.5,76,TV,4.66,2024-05-26,2024-07-02,False
1885,Lavadora,120.75,10.0,2024-01-11,Electrodomésticos,1207.5,16,RRSS,3.56,2024-08-14,2024-09-20,False
2268,SmartWatch,48.45,2.0,2024-01-11,Electrónica,96.9,85,TV,5.07,2024-04-01,2024-05-05,False
2268,SmartWatch,48.45,2.0,2024-01-11,Electrónica,96.9,55,Email,4.59,2024-10-13,2024-12-06,False
2268,SmartWatch,48.45,2.0,2024-01-11,Electrónica,96.9,25,RRSS,4.84,2024-11-23,2024-12-29,False
2325,Auriculares,117.43,11.0,2024-01-11,Electrónica,1291.73,47,Email,4.19,2024-06-02,2024-07-22,False
2325,Auriculares,117.43,11.0,2024-01-11,Electrónica,1291.73,17,RRSS,6.06,2024-07-15,2024-08-15,False
2325,Auriculares,117.43,11.0,2024-01-11,Electrónica,1291.73,77,TV,4.99,2024-11-11,2024-12-06,False
2761,Parlantes Bluetooth,29.89,9.0,2024-01-11,Electrónica,269.01,84,TV,4.42,2024-04-17,2024-05-05,False
2761,Parlantes Bluetooth,29.89,9.0,2024-01-11,Electrónica,269.01,54,Email,2.95,2024-08-09,2024-09-22,False
2761,Parlantes Bluetooth,29.89,9.0,2024-01-11,Electrónica,269.01,24,RRSS,6.0,2024-09-22,2024-10-26,False
243,Espejo decorativo,55.61,1.0,2024-01-12,Decoración,55.61,83,TV,5.24,2024-05-31,2024-07-08,False
243,Espejo decorativo,55.61,1.0,2024-01-12,Decoración,55.61,53,Email,4.9,2024-07-17,2024-08-01,False
243,Espejo decorativo,55.61,1.0,2024-01-12,Decoración,55.61,23,RRSS,4.75,2024-08-28,2024-10-17,False
1441,Freidora eléctrica,52.57,11.0,2024-01-12,Electrodomésticos,578.27,71,TV,4.37,2024-06-05,2024-07-24,False
1441,Freidora eléctrica,52.57,11.0,2024-01-12,Electrodomésticos,578.27,41,Email,3.92,2024-11-23,2025-01-01,False
1441,Freidora eléctrica,52.57,11.0,2024-01-12,Electrodomésticos,578.27,11,RRSS,5.27,2024-12-29,2025-01-21,False
2428,SmartWatch,115.0,10.0,2024-01-12,Electrónica,1150.0,85,TV,5.07,2024-04-01,2024-05-05,False
2428,SmartWatch,115.0,10.0,2024-01-12,Electrónica,1150.0,55,Email,4.59,2024-10-13,2024-12-06,False
2428,SmartWatch,115.0,10.0,2024-01-12,Electrónica,1150.0,25,RRSS,4.84,2024-11-23,2024-12-29,False
2583,Smartphone,67.93,10.0,2024-01-12,Electrónica,679.3000000000001,21,RRSS,6.37,2024-03-29,2024-05-16,False
2583,Smartphone,67.93,10.0,2024-01-12,Electrónica,679.3000000000001,51,Email,4.65,2024-05-28,2024-06-15,False
2583,Smartphone,67.93,10.0,2024-01-12,Electrónica,679.3000000000001,81,TV,4.78,2024-09-28,2024-10-24,False
2980,Consola de videojuegos,110.6,12.0,2024-01-12,Electrónica,1327.1999999999998,50,Email,4.97,2024-05-03,2024-05-28,False
2980,Consola de videojuegos,110.6,12.0,2024-01-12,Electrónica,1327.1999999999998,20,RRSS,3.16,2024-07-15,2024-08-03,False
2980,Consola de videojuegos,110.6,12.0,2024-01-12,Electrónica,1327.1999999999998,80,TV,4.64,2024-11-01,2024-11-20,False
88,Rincón de plantas,109.33,9.0,2024-01-13,Decoración,983.97,38,Email,5.76,2024-06-14,2024-07-15,False
88,Rincón de plantas,109.33,9.0,2024-01-13,Decoración,983.97,8,RRSS,4.88,2024-08-03,2024-08-18,False
88,Rincón de plantas,109.33,9.0,2024-01-13,Decoración,983.97,68,TV,5.81,2024-12-17,2025-02-14,False
501,Lámpara de mesa,35.2,6.0,2024-01-13,Decoración,211.20000000000002,32,Email,5.54,2024-03-28,2024-04-20,False
501,Lámpara de mesa,35.2,6.0,2024-01-13,Decoración,211.20000000000002,2,RRSS,5.88,2024-05-30,2024-06-29,False
501,Lámpara de mesa,35.2,6.0,2024-01-13,Decoración,211.20000000000002,62,TV,4.51,2024-08-26,2024-10-07,False
507,Elementos de cerámica,111.1,1.0,2024-01-13,Decoración,111.1,22,RRSS,5.44,2024-06-26,2024-07-15,False
507,Elementos de cerámica,111.1,1.0,2024-01-13,Decoración,111.1,82,TV,5.69,2024-09-08,2024-10-12,False
507,Elementos de cerámica,111.1,1.0,2024-01-13,Decoración,111.1,52,Email,5.74,2024-09-09,2024-09-30,False
669,Lámpara de mesa,96.79,5.0,2024-01-13,Decoración,483.95000000000005,32,Email,5.54,2024-03-28,2024-04-20,False
669,Lámpara de mesa,96.79,5.0,2024-01-13,Decoración,483.95000000000005,2,RRSS,5.88,2024-05-30,2024-06-29,False
669,Lámpara de mesa,96.79,5.0,2024-01-13,Decoración,483.95000000000005,62,TV,4.51,2024-08-26,2024-10-07,False
987,Elementos de cerámica,102.62,3.0,2024-01-13,Decoración,307.86,22,RRSS,5.44,2024-06-26,2024-07-15,False
987,Elementos de cerámica,102.62,3.0,2024-01-13,Decoración,307.86,82,TV,5.69,2024-09-08,2024-10-12,False
987,Elementos de cerámica,102.62,3.0,2024-01-13,Decoración,307.86,52,Email,5.74,2024-09-09,2024-09-30,False
1548,Cafetera,35.73,12.0,2024-01-13,Electrodomésticos,428.76,49,Email,5.2,2024-06-20,2024-07-22,False
1548,Cafetera,35.73,12.0,2024-01-13,Electrodomésticos,428.76,79,TV,7.26,2024-08-13,2024-10-11,False
1548,Cafetera,35.73,12.0,2024-01-13,Electrodomésticos,428.76,19,RRSS,5.7,2024-08-19,2024-09-15,False
2822,Televisor,57.34,1.0,2024-01-13,Electrónica,57.34,29,RRSS,3.96,2024-05-17,2024-06-28,False
2822,Televisor,57.34,1.0,2024-01-13,Electrónica,57.34,59,Email,4.19,2024-11-20,2025-01-19,False
2822,Televisor,57.34,1.0,2024-01-13,Electrónica,57.34,89,TV,4.98,2024-12-13,2025-02-08,False
2924,Tablet,32.3,1.0,2024-01-13,Electrónica,32.3,12,RRSS,3.4,2024-03-26,2024-05-13,False
2924,Tablet,32.3,1.0,2024-01-13,Electrónica,32.3,72,TV,4.9,2024-07-08,2024-09-03,False
2924,Tablet,32.3,1.0,2024-01-13,Electrónica,32.3,42,Email,4.42,2024-07-14,2024-09-03,False
20,Adorno de pared,90.21,2.0,2024-01-14,Decoración,180.42,74,TV,4.81,2024-03-20,2024-05-03,False
20,Adorno de pared,90.21,2.0,2024-01-14,Decoración,180.42,44,Email,5.08,2024-04-13,2024-05-10,False
20,Adorno de pared,90.21,2.0,2024-01-14,Decoración,180.42,14,RRSS,4.16,2024-10-22,2024-12-21,False
53,Espejo decorativo,115.45,7.0,2024-01-14,Decoración,808.15,83,TV,5.24,2024-05-31,2024-07-08,False
53,Espejo decorativo,115.45,7.0,2024-01-14,Decoración,808.15,53,Email,4.9,2024-07-17,2024-08-01,False
53,Espejo decorativo,115.45,7.0,2024-01-14,Decoración,808.15,23,RRSS,4.75,2024-08-28,2024-10-17,False
608,Rincón de plantas,64.67,10.0,2024-01-14,Decoración,646.7,38,Email,5.76,2024-06-14,2024-07-15,False
608,Rincón de plantas,64.67,10.0,2024-01-14,Decoración,646.7,8,RRSS,4.88,2024-08-03,2024-08-18,False
608,Rincón de plantas,64.67,10.0,2024-01-14,Decoración,646.7,68,TV,5.81,2024-12-17,2025-02-14,False
993,Espejo decorativo,98.26,1.0,2024-01-14,Decoración,98.26,83,TV,5.24,2024-05-31,2024-07-08,False
993,Espejo decorativo,98.26,1.0,2024-01-14,Decoración,98.26,53,Email,4.9,2024-07-17,2024-08-01,False
993,Espejo decorativo,98.26,1.0,2024-01-14,Decoración,98.26,23,RRSS,4.75,2024-08-28,2024-10-17,False
1065,Lavadora,43.98,6.0,2024-01-14,Electrodomésticos,263.88,46,Email,3.63,2024-05-12,2024-05-29,False
1065,Lavadora,43.98,6.0,2024-01-14,Electrodomésticos,263.88,76,TV,4.66,2024-05-26,2024-07-02,False
1065,Lavadora,43.98,6.0,2024-01-14,Electrodomésticos,263.88,16,RRSS,3.56,2024-08-14,2024-09-20,False
1599,Batidora,96.78,12.0,2024-01-14,Electrodomésticos,1161.3600000000001,57,Email,4.48,2024-04-10,2024-06-08,False
1599,Batidora,96.78,12.0,2024-01-14,Electrodomésticos,1161.3600000000001,87,TV,6.28,2024-08-27,2024-10-11,False
1599,Batidora,96.78,12.0,2024-01-14,Electrodomésticos,1161.3600000000001,27,RRSS,4.52,2024-11-01,2024-12-08,False
1638,Cafetera,123.96,9.0,2024-01-14,Electrodomésticos,1115.6399999999999,49,Email,5.2,2024-06-20,2024-07-22,False
1638,Cafetera,123.96,9.0,2024-01-14,Electrodomésticos,1115.6399999999999,79,TV,7.26,2024-08-13,2024-10-11,False
1638,Cafetera,123.96,9.0,2024-01-14,Electrodomésticos,1115.6399999999999,19,RRSS,5.7,2024-08-19,2024-09-15,False
1685,Lavadora,84.8,3.0,2024-01-14,Electrodomésticos,254.39999999999998,46,Email,3.63,2024-05-12,2024-05-29,False
1685,Lavadora,84.8,3.0,2024-01-14,Electrodomésticos,254.39999999999998,76,TV,4.66,2024-05-26,2024-07-02,False
1685,Lavadora,84.8,3.0,2024-01-14,Electrodomésticos,254.39999999999998,16,RRSS,3.56,2024-08-14,2024-09-20,False
2685,Auriculares,27.36,10.0,2024-01-14,Electrónica,273.6,47,Email,4.19,2024-06-02,2024-07-22,False
2685,Auriculares,27.36,10.0,2024-01-14,Electrónica,273.6,17,RRSS,6.06,2024-07-15,2024-08-15,False
2685,Auriculares,27.36,10.0,2024-01-14,Electrónica,273.6,77,TV,4.99,2024-11-11,2024-12-06,False
169,Lámpara de mesa,76.32,9.0,2024-01-15,Decoración,686.8799999999999,32,Email,5.54,2024-03-28,2024-04-20,False
169,Lámpara de mesa,76.32,9.0,2024-01-15,Decoración,686.8799999999999,2,RRSS,5.88,2024-05-30,2024-06-29,False
169,Lámpara de mesa,76.32,9.0,2024-01-15,Decoración,686.8799999999999,62,TV,4.51,2024-08-26,2024-10-07,False
236,Cortinas,118.69,9.0,2024-01-15,Decoración,1068.21,43,Email,5.67,2024-05-02,2024-06-17,False
236,Cortinas,118.69,9.0,2024-01-15,Decoración,1068.21,73,TV,6.47,2024-08-17,2024-09-26,False
236,Cortinas,118.69,9.0,2024-01-15,Decoración,1068.21,13,RRSS,5.22,2024-09-16,2024-10-15,False
260,Adorno de pared,101.48,9.0,2024-01-15,Decoración,913.32,74,TV,4.81,2024-03-20,2024-05-03,False
260,Adorno de pared,101.48,9.0,2024-01-15,Decoración,913.32,44,Email,5.08,2024-04-13,2024-05-10,False
260,Adorno de pared,101.48,9.0,2024-01-15,Decoración,913.32,14,RRSS,4.16,2024-10-22,2024-12-21,False
977,Elementos de cerámica,74.35,5.0,2024-01-15,Decoración,371.75,22,RRSS,5.44,2024-06-26,2024-07-15,False
977,Elementos de cerámica,74.35,5.0,2024-01-15,Decoración,371.75,82,TV,5.69,2024-09-08,2024-10-12,False
977,Elementos de cerámica,74.35,5.0,2024-01-15,Decoración,371.75,52,Email,5.74,2024-09-09,2024-09-30,False
1271,Freidora eléctrica,119.46,2.0,2024-01-15,Electrodomésticos,238.92,71,TV,4.37,2024-06-05,2024-07-24,False
1271,Freidora eléctrica,119.46,2.0,2024-01-15,Electrodomésticos,238.92,41,Email,3.92,2024-11-23,2025-01-01,False
1271,Freidora eléctrica,119.46,2.0,2024-01-15,Electrodomésticos,238.92,11,RRSS,5.27,2024-12-29,2025-01-21,False
2098,SmartWatch,75.65,5.0,2024-01-15,Electrónica,378.25,85,TV,5.07,2024-04-01,2024-05-05,False
2098,SmartWatch,75.65,5.0,2024-01-15,Electrónica,378.25,55,Email,4.59,2024-10-13,2024-12-06,False
2098,SmartWatch,75.65,5.0,2024-01-15,Electrónica,378.25,25,RRSS,4.84,2024-11-23,2024-12-29,False
2196,Laptop,31.69,1.0,2024-01-15,Electrónica,31.69,60,Email,4.89,2024-09-28,2024-10-27,False
2196,Laptop,31.69,1.0,2024-01-15,Electrónica,31.69,30,RRSS,4.68,2024-10-23,2024-11-24,False
2196,Laptop,31.69,1.0,2024-01-15,Electrónica,31.69,90,TV,5.62,2024-11-16,2025-01-13,False
2590,Consola de videojuegos,99.14,6.0,2024-01-15,Electrónica,594.84,50,Email,4.97,2024-05-03,2024-05-28,False
2590,Consola de videojuegos,99.14,6.0,2024-01-15,Electrónica,594.84,20,RRSS,3.16,2024-07-15,2024-08-03,False
2590,Consola de videojuegos,99.14,6.0,2024-01-15,Electrónica,594.84,80,TV,4.64,2024-11-01,2024-11-20,False
2788,SmartWatch,30.38,8.0,2024-01-15,Electrónica,243.04,85,TV,5.07,2024-04-01,2024-05-05,False
2788,SmartWatch,30.38,8.0,2024-01-15,Electrónica,243.04,55,Email,4.59,2024-10-13,2024-12-06,False
2788,SmartWatch,30.38,8.0,2024-01-15,Electrónica,243.04,25,RRSS,4.84,2024-11-23,2024-12-29,False
2803,Smartphone,95.73,5.0,2024-01-15,Electrónica,478.65000000000003,21,RRSS,6.37,2024-03-29,2024-05-16,False
2803,Smartphone,95.73,5.0,2024-01-15,Electrónica,478.65000000000003,51,Email,4.65,2024-05-28,2024-06-15,False
2803,Smartphone,95.73,5.0,2024-01-15,Electrónica,478.65000000000003,81,TV,4.78,2024-09-28,2024-10-24,False
2874,Tablet,117.47,2.0,2024-01-15,Electrónica,234.94,12,RRSS,3.4,2024-03-26,2024-05-13,False
2874,Tablet,117.47,2.0,2024-01-15,Electrónica,234.94,72,TV,4.9,2024-07-08,2024-09-03,False
2874,Tablet,117.47,2.0,2024-01-15,Electrónica,234.94,42,Email,4.42,2024-07-14,2024-09-03,False
113,Espejo decorativo,75.93,10.0,2024-01-16,Decoración,759.3000000000001,83,TV,5.24,2024-05-31,2024-07-08,False
113,Espejo decorativo,75.93,10.0,2024-01-16,Decoración,759.3000000000001,53,Email,4.9,2024-07-17,2024-08-01,False
113,Espejo decorativo,75.93,10.0,2024-01-16,Decoración,759.3000000000001,23,RRSS,4.75,2024-08-28,2024-10-17,False
503,Espejo decorativo,101.91,3.0,2024-01-16,Decoración,305.73,83,TV,5.24,2024-05-31,2024-07-08,False
503,Espejo decorativo,101.91,3.0,2024-01-16,Decoración,305.73,53,Email,4.9,2024-07-17,2024-08-01,False
503,Espejo decorativo,101.91,3.0,2024-01-16,Decoración,305.73,23,RRSS,4.75,2024-08-28,2024-10-17,False
832,Cuadro decorativo,30.59,1.0,2024-01-16,Decoración,30.59,1,RRSS,5.27,2024-04-27,2024-06-04,False
832,Cuadro decorativo,30.59,1.0,2024-01-16,Decoración,30.59,31,Email,5.28,2024-08-15,2024-09-12,False
832,Cuadro decorativo,30.59,1.0,2024-01-16,Decoración,30.59,61,TV,5.3,2024-11-05,2024-12-23,False
962,Cuadro decorativo,40.97,11.0,2024-01-16,Decoración,450.66999999999996,1,RRSS,5.27,2024-04-27,2024-06-04,False
962,Cuadro decorativo,40.97,11.0,2024-01-16,Decoración,450.66999999999996,31,Email,5.28,2024-08-15,2024-09-12,False
962,Cuadro decorativo,40.97,11.0,2024-01-16,Decoración,450.66999999999996,61,TV,5.3,2024-11-05,2024-12-23,False
1250,Plancha de vapor,98.55,6.0,2024-01-16,Electrodomésticos,591.3,36,Email,5.41,2024-04-02,2024-06-01,False
1250,Plancha de vapor,98.55,6.0,2024-01-16,Electrodomésticos,591.3,6,RRSS,4.02,2024-09-24,2024-11-02,False
1250,Plancha de vapor,98.55,6.0,2024-01-16,Electrodomésticos,591.3,66,TV,4.69,2024-10-04,2024-10-23,False
1431,Freidora eléctrica,83.95,8.0,2024-01-16,Electrodomésticos,671.6,71,TV,4.37,2024-06-05,2024-07-24,False
1431,Freidora eléctrica,83.95,8.0,2024-01-16,Electrodomésticos,671.6,41,Email,3.92,2024-11-23,2025-01-01,False
1431,Freidora eléctrica,83.95,8.0,2024-01-16,Electrodomésticos,671.6,11,RRSS,5.27,2024-12-29,2025-01-21,False
1920,Plancha de vapor,86.65,6.0,2024-01-16,Electrodomésticos,519.9000000000001,36,Email,5.41,2024-04-02,2024-06-01,False
1920,Plancha de vapor,86.65,6.0,2024-01-16,Electrodomésticos,519.9000000000001,6,RRSS,4.02,2024-09-24,2024-11-02,False
1920,Plancha de vapor,86.65,6.0,2024-01-16,Electrodomésticos,519.9000000000001,66,TV,4.69,2024-10-04,2024-10-23,False
2129,Proyector,107.98,6.0,2024-01-16,Electrónica,647.88,67,TV,3.68,2024-05-22,2024-07-12,False
2129,Proyector,107.98,6.0,2024-01-16,Electrónica,647.88,37,Email,3.22,2024-07-06,2024-07-26,False
2129,Proyector,107.98,6.0,2024-01-16,Electrónica,647.88,7,RRSS,5.57,2024-07-30,2024-08-16,False
2220,Consola de videojuegos,31.57,1.0,2024-01-16,Electrónica,31.57,50,Email,4.97,2024-05-03,2024-05-28,False
2220,Consola de videojuegos,31.57,1.0,2024-01-16,Electrónica,31.57,20,RRSS,3.16,2024-07-15,2024-08-03,False
2220,Consola de videojuegos,31.57,1.0,2024-01-16,Electrónica,31.57,80,TV,4.64,2024-11-01,2024-11-20,False
2477,Cámara digital,38.37,9.0,2024-01-16,Electrónica,345.33,18,RRSS,5.46,2024-07-16,2024-09-13,False
2477,Cámara digital,38.37,9.0,2024-01-16,Electrónica,345.33,78,TV,4.1,2024-08-02,2024-09-20,False
2477,Cámara digital,38.37,9.0,2024-01-16,Electrónica,345.33,48,Email,6.84,2024-10-31,2024-12-09,False
2789,Proyector,115.19,11.0,2024-01-16,Electrónica,1267.09,67,TV,3.68,2024-05-22,2024-07-12,False
2789,Proyector,115.19,11.0,2024-01-16,Electrónica,1267.09,37,Email,3.22,2024-07-06,2024-07-26,False
2789,Proyector,115.19,11.0,2024-01-16,Electrónica,1267.09,7,RRSS,5.57,2024-07-30,2024-08-16,False
2935,Auriculares,80.29,2.0,2024-01-16,Electrónica,160.58,47,Email,4.19,2024-06-02,2024-07-22,False
2935,Auriculares,80.29,2.0,2024-01-16,Electrónica,160.58,17,RRSS,6.06,2024-07-15,2024-08-15,False
2935,Auriculares,80.29,2.0,2024-01-16,Electrónica,160.58,77,TV,4.99,2024-11-11,2024-12-06,False
131,Lámpara de mesa,58.32,10.0,2024-01-17,Decoración,583.2,32,Email,5.54,2024-03-28,2024-04-20,False
131,Lámpara de mesa,58.32,10.0,2024-01-17,Decoración,583.2,2,RRSS,5.88,2024-05-30,2024-06-29,False
131,Lámpara de mesa,58.32,10.0,2024-01-17,Decoración,583.2,62,TV,4.51,2024-08-26,2024-10-07,False
178,Rincón de plantas,81.5,1.0,2024-01-17,Decoración,81.5,38,Email,5.76,2024-06-14,2024-07-15,False
178,Rincón de plantas,81.5,1.0,2024-01-17,Decoración,81.5,8,RRSS,4.88,2024-08-03,2024-08-18,False
178,Rincón de plantas,81.5,1.0,2024-01-17,Decoración,81.5,68,TV,5.81,2024-12-17,2025-02-14,False
368,Rincón de plantas,87.4,9.0,2024-01-17,Decoración,786.6,38,Email,5.76,2024-06-14,2024-07-15,False
368,Rincón de plantas,87.4,9.0,2024-01-17,Decoración,786.6,8,RRSS,4.88,2024-08-03,2024-08-18,False
368,Rincón de plantas,87.4,9.0,2024-01-17,Decoración,786.6,68,TV,5.81,2024-12-17,2025-02-14,False
627,Elementos de cerámica,,,2024-01-17,Decoración,,22,RRSS,5.44,2024-06-26,2024-07-15,False
627,Elementos de cerámica,,,2024-01-17,Decoración,,82,TV,5.69,2024-09-08,2024-10-12,False
627,Elementos de cerámica,,,2024-01-17,Decoración,,52,Email,5.74,2024-09-09,2024-09-30,False
684,Jarrón decorativo,106.89,6.0,2024-01-17,Decoración,641.34,15,RRSS,4.65,2024-05-09,2024-06-13,False
684,Jarrón decorativo,106.89,6.0,2024-01-17,Decoración,641.34,45,Email,4.52,2024-06-05,2024-07-31,False
684,Jarrón decorativo,106.89,6.0,2024-01-17,Decoración,641.34,75,TV,4.1,2024-11-03,2024-12-25,False
1750,Plancha de vapor,94.53,2.0,2024-01-17,Electrodomésticos,189.06,36,Email,5.41,2024-04-02,2024-06-01,False
1750,Plancha de vapor,94.53,2.0,2024-01-17,Electrodomésticos,189.06,6,RRSS,4.02,2024-09-24,2024-11-02,False
1750,Plancha de vapor,94.53,2.0,2024-01-17,Electrodomésticos,189.06,66,TV,4.69,2024-10-04,2024-10-23,False
2171,Parlantes Bluetooth,,,2024-01-17,Electrónica,,84,TV,4.42,2024-04-17,2024-05-05,False
2171,Parlantes Bluetooth,,,2024-01-17,Electrónica,,54,Email,2.95,2024-08-09,2024-09-22,False
2171,Parlantes Bluetooth,,,2024-01-17,Electrónica,,24,RRSS,6.0,2024-09-22,2024-10-26,False
2284,Tablet,69.35,4.0,2024-01-17,Electrónica,277.4,12,RRSS,3.4,2024-03-26,2024-05-13,False
2284,Tablet,69.35,4.0,2024-01-17,Electrónica,277.4,72,TV,4.9,2024-07-08,2024-09-03,False
2284,Tablet,69.35,4.0,2024-01-17,Electrónica,277.4,42,Email,4.42,2024-07-14,2024-09-03,False
2402,Televisor,117.53,9.0,2024-01-17,Electrónica,1057.77,29,RRSS,3.96,2024-05-17,2024-06-28,False
2402,Televisor,117.53,9.0,2024-01-17,Electrónica,1057.77,59,Email,4.19,2024-11-20,2025-01-19,False
2402,Televisor,117.53,9.0,2024-01-17,Electrónica,1057.77,89,TV,4.98,2024-12-13,2025-02-08,False
2698,SmartWatch,76.47,7.0,2024-01-17,Electrónica,535.29,85,TV,5.07,2024-04-01,2024-05-05,False
2698,SmartWatch,76.47,7.0,2024-01-17,Electrónica,535.29,55,Email,4.59,2024-10-13,2024-12-06,False
2698,SmartWatch,76.47,7.0,2024-01-17,Electrónica,535.29,25,RRSS,4.84,2024-11-23,2024-12-29,False
430,Adorno de pared,81.76,5.0,2024-01-18,Decoración,408.8,74,TV,4.81,2024-03-20,2024-05-03,False
430,Adorno de pared,81.76,5.0,2024-01-18,Decoración,408.8,44,Email,5.08,2024-04-13,2024-05-10,False
430,Adorno de pared,81.76,5.0,2024-01-18,Decoración,408.8,14,RRSS,4.16,2024-10-22,2024-12-21,False
588,Rincón de plantas,80.17,3.0,2024-01-18,Decoración,240.51,38,Email,5.76,2024-06-14,2024-07-15,False
588,Rincón de plantas,80.17,3.0,2024-01-18,Decoración,240.51,8,RRSS,4.88,2024-08-03,2024-08-18,False
588,Rincón de plantas,80.17,3.0,2024-01-18,Decoración,240.51,68,TV,5.81,2024-12-17,2025-02-14,False
1626,Secadora,102.73,6.0,2024-01-18,Electrodomésticos,616.38,3,RRSS,5.1,2024-07-24,2024-08-30,False
1626,Secadora,102.73,6.0,2024-01-18,Electrodomésticos,616.38,63,TV,5.69,2024-11-03,2024-11-28,False
1626,Secadora,102.73,6.0,2024-01-18,Electrodomésticos,616.38,33,Email,3.8,2024-12-20,2025-01-07,False
1900,Plancha de vapor,45.14,1.0,2024-01-18,Electrodomésticos,45.14,36,Email,5.41,2024-04-02,2024-06-01,False
1900,Plancha de vapor,45.14,1.0,2024-01-18,Electrodomésticos,45.14,6,RRSS,4.02,2024-09-24,2024-11-02,False
1900,Plancha de vapor,45.14,1.0,2024-01-18,Electrodomésticos,45.14,66,TV,4.69,2024-10-04,2024-10-23,False
2119,Proyector,84.1,11.0,2024-01-18,Electrónica,925.0999999999999,67,TV,3.68,2024-05-22,2024-07-12,False
2119,Proyector,84.1,11.0,2024-01-18,Electrónica,925.0999999999999,37,Email,3.22,2024-07-06,2024-07-26,False
2119,Proyector,84.1,11.0,2024-01-18,Electrónica,925.0999999999999,7,RRSS,5.57,2024-07-30,2024-08-16,False
2244,Auriculares,63.67,5.0,2024-01-18,Electrónica,318.35,47,Email,4.19,2024-06-02,2024-07-22,False
2244,Auriculares,63.67,5.0,2024-01-18,Electrónica,318.35,17,RRSS,6.06,2024-07-15,2024-08-15,False
2244,Auriculares,63.67,5.0,2024-01-18,Electrónica,318.35,77,TV,4.99,2024-11-11,2024-12-06,False
2297,Cámara digital,119.43,5.0,2024-01-18,Electrónica,597.1500000000001,18,RRSS,5.46,2024-07-16,2024-09-13,False
2297,Cámara digital,119.43,5.0,2024-01-18,Electrónica,597.1500000000001,78,TV,4.1,2024-08-02,2024-09-20,False
2297,Cámara digital,119.43,5.0,2024-01-18,Electrónica,597.1500000000001,48,Email,6.84,2024-10-31,2024-12-09,False
2416,Laptop,81.74,10.0,2024-01-18,Electrónica,817.4,60,Email,4.89,2024-09-28,2024-10-27,False
2416,Laptop,81.74,10.0,2024-01-18,Electrónica,817.4,30,RRSS,4.68,2024-10-23,2024-11-24,False
2416,Laptop,81.74,10.0,2024-01-18,Electrónica,817.4,90,TV,5.62,2024-11-16,2025-01-13,False
2431,Parlantes Bluetooth,69.4,1.0,2024-01-18,Electrónica,69.4,84,TV,4.42,2024-04-17,2024-05-05,False
2431,Parlantes Bluetooth,69.4,1.0,2024-01-18,Electrónica,69.4,54,Email,2.95,2024-08-09,2024-09-22,False
2431,Parlantes Bluetooth,69.4,1.0,2024-01-18,Electrónica,69.4,24,RRSS,6.0,2024-09-22,2024-10-26,False
2792,Televisor,84.96,5.0,2024-01-18,Electrónica,424.79999999999995,29,RRSS,3.96,2024-05-17,2024-06-28,False
2792,Televisor,84.96,5.0,2024-01-18,Electrónica,424.79999999999995,59,Email,4.19,2024-11-20,2025-01-19,False
2792,Televisor,84.96,5.0,2024-01-18,Electrónica,424.79999999999995,89,TV,4.98,2024-12-13,2025-02-08,False
30,Adorno de pared,76.92,6.0,2024-01-19,Decoración,461.52,74,TV,4.81,2024-03-20,2024-05-03,False
30,Adorno de pared,76.92,6.0,2024-01-19,Decoración,461.52,44,Email,5.08,2024-04-13,2024-05-10,False
30,Adorno de pared,76.92,6.0,2024-01-19,Decoración,461.52,14,RRSS,4.16,2024-10-22,2024-12-21,False
49,Lámpara de mesa,52.95,6.0,2024-01-19,Decoración,317.70000000000005,32,Email,5.54,2024-03-28,2024-04-20,False
49,Lámpara de mesa,52.95,6.0,2024-01-19,Decoración,317.70000000000005,2,RRSS,5.88,2024-05-30,2024-06-29,False
49,Lámpara de mesa,52.95,6.0,2024-01-19,Decoración,317.70000000000005,62,TV,4.51,2024-08-26,2024-10-07,False
104,Jarrón decorativo,103.13,8.0,2024-01-19,Decoración,825.04,15,RRSS,4.65,2024-05-09,2024-06-13,False
104,Jarrón decorativo,103.13,8.0,2024-01-19,Decoración,825.04,45,Email,4.52,2024-06-05,2024-07-31,False
104,Jarrón decorativo,103.13,8.0,2024-01-19,Decoración,825.04,75,TV,4.1,2024-11-03,2024-12-25,False
323,Espejo decorativo,123.21,7.0,2024-01-19,Decoración,862.4699999999999,83,TV,5.24,2024-05-31,2024-07-08,False
323,Espejo decorativo,123.21,7.0,2024-01-19,Decoración,862.4699999999999,53,Email,4.9,2024-07-17,2024-08-01,False
323,Espejo decorativo,123.21,7.0,2024-01-19,Decoración,862.4699999999999,23,RRSS,4.75,2024-08-28,2024-10-17,False
395,Alfombra,33.48,12.0,2024-01-19,Decoración,401.76,58,Email,4.25,2024-03-31,2024-05-05,False
395,Alfombra,33.48,12.0,2024-01-19,Decoración,401.76,88,TV,7.39,2024-07-25,2024-08-31,False
395,Alfombra,33.48,12.0,2024-01-19,Decoración,401.76,28,RRSS,5.82,2024-11-27,2025-01-08,False
851,Lámpara de mesa,85.23,6.0,2024-01-19,Decoración,511.38,32,Email,5.54,2024-03-28,2024-04-20,False
851,Lámpara de mesa,85.23,6.0,2024-01-19,Decoración,511.38,2,RRSS,5.88,2024-05-30,2024-06-29,False
851,Lámpara de mesa,85.23,6.0,2024-01-19,Decoración,511.38,62,TV,4.51,2024-08-26,2024-10-07,False
1125,Lavadora,97.73,12.0,2024-01-19,Electrodomésticos,1172.76,46,Email,3.63,2024-05-12,2024-05-29,False
1125,Lavadora,97.73,12.0,2024-01-19,Electrodomésticos,1172.76,76,TV,4.66,2024-05-26,2024-07-02,False
1125,Lavadora,97.73,12.0,2024-01-19,Electrodomésticos,1172.76,16,RRSS,3.56,2024-08-14,2024-09-20,False
1332,Cafetera,98.21,11.0,2024-01-19,Electrodomésticos,1080.31,49,Email,5.2,2024-06-20,2024-07-22,False
1332,Cafetera,98.21,11.0,2024-01-19,Electrodomésticos,1080.31,79,TV,7.26,2024-08-13,2024-10-11,False
1332,Cafetera,98.21,11.0,2024-01-19,Electrodomésticos,1080.31,19,RRSS,5.7,2024-08-19,2024-09-15,False
1806,Secadora,27.45,10.0,2024-01-19,Electrodomésticos,274.5,3,RRSS,5.1,2024-07-24,2024-08-30,False
1806,Secadora,27.45,10.0,2024-01-19,Electrodomésticos,274.5,63,TV,5.69,2024-11-03,2024-11-28,False
1806,Secadora,27.45,10.0,2024-01-19,Electrodomésticos,274.5,33,Email,3.8,2024-12-20,2025-01-07,False
2231,Parlantes Bluetooth,42.98,7.0,2024-01-19,Electrónica,300.85999999999996,84,TV,4.42,2024-04-17,2024-05-05,False
2231,Parlantes Bluetooth,42.98,7.0,2024-01-19,Electrónica,300.85999999999996,54,Email,2.95,2024-08-09,2024-09-22,False
2231,Parlantes Bluetooth,42.98,7.0,2024-01-19,Electrónica,300.85999999999996,24,RRSS,6.0,2024-09-22,2024-10-26,False
401,Lámpara de mesa,69.47,8.0,2024-01-20,Decoración,555.76,32,Email,5.54,2024-03-28,2024-04-20,False
401,Lámpara de mesa,69.47,8.0,2024-01-20,Decoración,555.76,2,RRSS,5.88,2024-05-30,2024-06-29,False
401,Lámpara de mesa,69.47,8.0,2024-01-20,Decoración,555.76,62,TV,4.51,2024-08-26,2024-10-07,False
788,Rincón de plantas,85.75,3.0,2024-01-20,Decoración,257.25,38,Email,5.76,2024-06-14,2024-07-15,False
788,Rincón de plantas,85.75,3.0,2024-01-20,Decoración,257.25,8,RRSS,4.88,2024-08-03,2024-08-18,False
788,Rincón de plantas,85.75,3.0,2024-01-20,Decoración,257.25,68,TV,5.81,2024-12-17,2025-02-14,False
1007,Horno eléctrico,98.42,8.0,2024-01-20,Electrodomésticos,787.36,35,Email,5.65,2024-07-31,2024-09-29,False
1007,Horno eléctrico,98.42,8.0,2024-01-20,Electrodomésticos,787.36,5,RRSS,5.16,2024-08-22,2024-10-17,False
1007,Horno eléctrico,98.42,8.0,2024-01-20,Electrodomésticos,787.36,65,TV,3.08,2024-10-23,2024-12-11,False
1489,Batidora,95.59,3.0,2024-01-20,Electrodomésticos,286.77,57,Email,4.48,2024-04-10,2024-06-08,False
1489,Batidora,95.59,3.0,2024-01-20,Electrodomésticos,286.77,87,TV,6.28,2024-08-27,2024-10-11,False
1489,Batidora,95.59,3.0,2024-01-20,Electrodomésticos,286.77,27,RRSS,4.52,2024-11-01,2024-12-08,False
2187,Cámara digital,108.61,2.0,2024-01-20,Electrónica,217.22,18,RRSS,5.46,2024-07-16,2024-09-13,False
2187,Cámara digital,108.61,2.0,2024-01-20,Electrónica,217.22,78,TV,4.1,2024-08-02,2024-09-20,False
2187,Cámara digital,108.61,2.0,2024-01-20,Electrónica,217.22,48,Email,6.84,2024-10-31,2024-12-09,False
2588,SmartWatch,83.01,11.0,2024-01-20,Electrónica,913.11,85,TV,5.07,2024-04-01,2024-05-05,False
2588,SmartWatch,83.01,11.0,2024-01-20,Electrónica,913.11,55,Email,4.59,2024-10-13,2024-12-06,False
2588,SmartWatch,83.01,11.0,2024-01-20,Electrónica,913.11,25,RRSS,4.84,2024-11-23,2024-12-29,False
2721,Parlantes Bluetooth,40.74,6.0,2024-01-20,Electrónica,244.44,84,TV,4.42,2024-04-17,2024-05-05,False
2721,Parlantes Bluetooth,40.74,6.0,2024-01-20,Electrónica,244.44,54,Email,2.95,2024-08-09,2024-09-22,False
2721,Parlantes Bluetooth,40.74,6.0,2024-01-20,Electrónica,244.44,24,RRSS,6.0,2024-09-22,2024-10-26,False
2897,Cámara digital,71.45,5.0,2024-01-20,Electrónica,357.25,18,RRSS,5.46,2024-07-16,2024-09-13,False
2897,Cámara digital,71.45,5.0,2024-01-20,Electrónica,357.25,78,TV,4.1,2024-08-02,2024-09-20,False
2897,Cámara digital,71.45,5.0,2024-01-20,Electrónica,357.25,48,Email,6.84,2024-10-31,2024-12-09,False
2987,Cámara digital,91.13,8.0,2024-01-20,Electrónica,729.04,18,RRSS,5.46,2024-07-16,2024-09-13,False
2987,Cámara digital,91.13,8.0,2024-01-20,Electrónica,729.04,78,TV,4.1,2024-08-02,2024-09-20,False
2987,Cámara digital,91.13,8.0,2024-01-20,Electrónica,729.04,48,Email,6.84,2024-10-31,2024-12-09,False
59,Lámpara de mesa,121.72,8.0,2024-01-21,Decoración,973.76,32,Email,5.54,2024-03-28,2024-04-20,False
59,Lámpara de mesa,121.72,8.0,2024-01-21,Decoración,973.76,2,RRSS,5.88,2024-05-30,2024-06-29,False
59,Lámpara de mesa,121.72,8.0,2024-01-21,Decoración,973.76,62,TV,4.51,2024-08-26,2024-10-07,False
754,Jarrón decorativo,91.53,12.0,2024-01-21,Decoración,1098.3600000000001,15,RRSS,4.65,2024-05-09,2024-06-13,False
754,Jarrón decorativo,91.53,12.0,2024-01-21,Decoración,1098.3600000000001,45,Email,4.52,2024-06-05,2024-07-31,False
754,Jarrón decorativo,91.53,12.0,2024-01-21,Decoración,1098.3600000000001,75,TV,4.1,2024-11-03,2024-12-25,False
1117,Horno eléctrico,103.57,1.0,2024-01-21,Electrodomésticos,103.57,35,Email,5.65,2024-07-31,2024-09-29,False
1117,Horno eléctrico,103.57,1.0,2024-01-21,Electrodomésticos,103.57,5,RRSS,5.16,2024-08-22,2024-10-17,False
1117,Horno eléctrico,103.57,1.0,2024-01-21,Electrodomésticos,103.57,65,TV,3.08,2024-10-23,2024-12-11,False
1140,Plancha de vapor,27.61,7.0,2024-01-21,Electrodomésticos,193.26999999999998,36,Email,5.41,2024-04-02,2024-06-01,False
1140,Plancha de vapor,27.61,7.0,2024-01-21,Electrodomésticos,193.26999999999998,6,RRSS,4.02,2024-09-24,2024-11-02,False
1140,Plancha de vapor,27.61,7.0,2024-01-21,Electrodomésticos,193.26999999999998,66,TV,4.69,2024-10-04,2024-10-23,False
1145,Lavadora,67.2,11.0,2024-01-21,Electrodomésticos,739.2,46,Email,3.63,2024-05-12,2024-05-29,False
1145,Lavadora,67.2,11.0,2024-01-21,Electrodomésticos,739.2,76,TV,4.66,2024-05-26,2024-07-02,False
1145,Lavadora,67.2,11.0,2024-01-21,Electrodomésticos,739.2,16,RRSS,3.56,2024-08-14,2024-09-20,False
1286,Secadora,84.5,11.0,2024-01-21,Electrodomésticos,929.5,3,RRSS,5.1,2024-07-24,2024-08-30,False
1286,Secadora,84.5,11.0,2024-01-21,Electrodomésticos,929.5,63,TV,5.69,2024-11-03,2024-11-28,False
1286,Secadora,84.5,11.0,2024-01-21,Electrodomésticos,929.5,33,Email,3.8,2024-12-20,2025-01-07,False
1754,Aspiradora,104.86,8.0,2024-01-21,Electrodomésticos,838.88,40,Email,6.24,2024-06-24,2024-08-12,False
1754,Aspiradora,104.86,8.0,2024-01-21,Electrodomésticos,838.88,10,RRSS,7.16,2024-08-19,2024-09-19,False
1754,Aspiradora,104.86,8.0,2024-01-21,Electrodomésticos,838.88,70,TV,3.06,2024-12-13,2024-12-29,False
1882,Cafetera,51.16,12.0,2024-01-21,Electrodomésticos,613.92,49,Email,5.2,2024-06-20,2024-07-22,False
1882,Cafetera,51.16,12.0,2024-01-21,Electrodomésticos,613.92,79,TV,7.26,2024-08-13,2024-10-11,False
1882,Cafetera,51.16,12.0,2024-01-21,Electrodomésticos,613.92,19,RRSS,5.7,2024-08-19,2024-09-15,False
2560,Consola de videojuegos,87.23,5.0,2024-01-21,Electrónica,436.15000000000003,50,Email,4.97,2024-05-03,2024-05-28,False
2560,Consola de videojuegos,87.23,5.0,2024-01-21,Electrónica,436.15000000000003,20,RRSS,3.16,2024-07-15,2024-08-03,False
2560,Consola de videojuegos,87.23,5.0,2024-01-21,Electrónica,436.15000000000003,80,TV,4.64,2024-11-01,2024-11-20,False
442,Cuadro decorativo,29.17,1.0,2024-01-22,Decoración,29.17,1,RRSS,5.27,2024-04-27,2024-06-04,False
442,Cuadro decorativo,29.17,1.0,2024-01-22,Decoración,29.17,31,Email,5.28,2024-08-15,2024-09-12,False
442,Cuadro decorativo,29.17,1.0,2024-01-22,Decoración,29.17,61,TV,5.3,2024-11-05,2024-12-23,False
547,Elementos de cerámica,83.81,6.0,2024-01-22,Decoración,502.86,22,RRSS,5.44,2024-06-26,2024-07-15,False
547,Elementos de cerámica,83.81,6.0,2024-01-22,Decoración,502.86,82,TV,5.69,2024-09-08,2024-10-12,False
547,Elementos de cerámica,83.81,6.0,2024-01-22,Decoración,502.86,52,Email,5.74,2024-09-09,2024-09-30,False
984,Jarrón decorativo,26.97,5.0,2024-01-22,Decoración,134.85,15,RRSS,4.65,2024-05-09,2024-06-13,False
984,Jarrón decorativo,26.97,5.0,2024-01-22,Decoración,134.85,45,Email,4.52,2024-06-05,2024-07-31,False
984,Jarrón decorativo,26.97,5.0,2024-01-22,Decoración,134.85,75,TV,4.1,2024-11-03,2024-12-25,False
1106,Secadora,91.54,2.0,2024-01-22,Electrodomésticos,183.08,3,RRSS,5.1,2024-07-24,2024-08-30,False
1106,Secadora,91.54,2.0,2024-01-22,Electrodomésticos,183.08,63,TV,5.69,2024-11-03,2024-11-28,False
1106,Secadora,91.54,2.0,2024-01-22,Electrodomésticos,183.08,33,Email,3.8,2024-12-20,2025-01-07,False
1808,Cafetera,45.98,3.0,2024-01-22,Electrodomésticos,137.94,49,Email,5.2,2024-06-20,2024-07-22,False
1808,Cafetera,45.98,3.0,2024-01-22,Electrodomésticos,137.94,79,TV,7.26,2024-08-13,2024-10-11,False
1808,Cafetera,45.98,3.0,2024-01-22,Electrodomésticos,137.94,19,RRSS,5.7,2024-08-19,2024-09-15,False
1981,Freidora eléctrica,48.68,8.0,2024-01-22,Electrodomésticos,389.44,71,TV,4.37,2024-06-05,2024-07-24,False
1981,Freidora eléctrica,48.68,8.0,2024-01-22,Electrodomésticos,389.44,41,Email,3.92,2024-11-23,2025-01-01,False
1981,Freidora eléctrica,48.68,8.0,2024-01-22,Electrodomésticos,389.44,11,RRSS,5.27,2024-12-29,2025-01-21,False
80,Adorno de pared,51.56,5.0,2024-01-23,Decoración,257.8,74,TV,4.81,2024-03-20,2024-05-03,False
80,Adorno de pared,51.56,5.0,2024-01-23,Decoración,257.8,44,Email,5.08,2024-04-13,2024-05-10,False
80,Adorno de pared,51.56,5.0,2024-01-23,Decoración,257.8,14,RRSS,4.16,2024-10-22,2024-12-21,False
189,Lámpara de mesa,26.42,2.0,2024-01-23,Decoración,52.84,32,Email,5.54,2024-03-28,2024-04-20,False
189,Lámpara de mesa,26.42,2.0,2024-01-23,Decoración,52.84,2,RRSS,5.88,2024-05-30,2024-06-29,False
189,Lámpara de mesa,26.42,2.0,2024-01-23,Decoración,52.84,62,TV,4.51,2024-08-26,2024-10-07,False
839,Lámpara de mesa,96.37,5.0,2024-01-23,Decoración,481.85,32,Email,5.54,2024-03-28,2024-04-20,False
839,Lámpara de mesa,96.37,5.0,2024-01-23,Decoración,481.85,2,RRSS,5.88,2024-05-30,2024-06-29,False
839,Lámpara de mesa,96.37,5.0,2024-01-23,Decoración,481.85,62,TV,4.51,2024-08-26,2024-10-07,False
947,Elementos de cerámica,117.34,1.0,2024-01-23,Decoración,117.34,22,RRSS,5.44,2024-06-26,2024-07-15,False
947,Elementos de cerámica,117.34,1.0,2024-01-23,Decoración,117.34,82,TV,5.69,2024-09-08,2024-10-12,False
947,Elementos de cerámica,117.34,1.0,2024-01-23,Decoración,117.34,52,Email,5.74,2024-09-09,2024-09-30,False
1592,Cafetera,86.79,3.0,2024-01-23,Electrodomésticos,260.37,49,Email,5.2,2024-06-20,2024-07-22,False
1592,Cafetera,86.79,3.0,2024-01-23,Electrodomésticos,260.37,79,TV,7.26,2024-08-13,2024-10-11,False
1592,Cafetera,86.79,3.0,2024-01-23,Electrodomésticos,260.37,19,RRSS,5.7,2024-08-19,2024-09-15,False
2690,Consola de videojuegos,102.4,2.0,2024-01-23,Electrónica,204.8,50,Email,4.97,2024-05-03,2024-05-28,False
2690,Consola de videojuegos,102.4,2.0,2024-01-23,Electrónica,204.8,20,RRSS,3.16,2024-07-15,2024-08-03,False
2690,Consola de videojuegos,102.4,2.0,2024-01-23,Electrónica,204.8,80,TV,4.64,2024-11-01,2024-11-20,False
39,Lámpara de mesa,57.35,12.0,2024-01-24,Decoración,688.2,32,Email,5.54,2024-03-28,2024-04-20,False
39,Lámpara de mesa,57.35,12.0,2024-01-24,Decoración,688.2,2,RRSS,5.88,2024-05-30,2024-06-29,False
39,Lámpara de mesa,57.35,12.0,2024-01-24,Decoración,688.2,62,TV,4.51,2024-08-26,2024-10-07,False
164,Jarrón decorativo,66.27,1.0,2024-01-24,Decoración,66.27,15,RRSS,4.65,2024-05-09,2024-06-13,False
164,Jarrón decorativo,66.27,1.0,2024-01-24,Decoración,66.27,45,Email,4.52,2024-06-05,2024-07-31,False
164,Jarrón decorativo,66.27,1.0,2024-01-24,Decoración,66.27,75,TV,4.1,2024-11-03,2024-12-25,False
196,Cortinas,90.87,4.0,2024-01-24,Decoración,363.48,43,Email,5.67,2024-05-02,2024-06-17,False
196,Cortinas,90.87,4.0,2024-01-24,Decoración,363.48,73,TV,6.47,2024-08-17,2024-09-26,False
196,Cortinas,90.87,4.0,2024-01-24,Decoración,363.48,13,RRSS,5.22,2024-09-16,2024-10-15,False
768,Rincón de plantas,89.47,2.0,2024-01-24,Decoración,178.94,38,Email,5.76,2024-06-14,2024-07-15,False
768,Rincón de plantas,89.47,2.0,2024-01-24,Decoración,178.94,8,RRSS,4.88,2024-08-03,2024-08-18,False
768,Rincón de plantas,89.47,2.0,2024-01-24,Decoración,178.94,68,TV,5.81,2024-12-17,2025-02-14,False
1515,Lavadora,108.37,1.0,2024-01-24,Electrodomésticos,108.37,46,Email,3.63,2024-05-12,2024-05-29,False
1515,Lavadora,108.37,1.0,2024-01-24,Electrodomésticos,108.37,76,TV,4.66,2024-05-26,2024-07-02,False
1515,Lavadora,108.37,1.0,2024-01-24,Electrodomésticos,108.37,16,RRSS,3.56,2024-08-14,2024-09-20,False
1786,Secadora,40.63,3.0,2024-01-24,Electrodomésticos,121.89000000000001,3,RRSS,5.1,2024-07-24,2024-08-30,False
1786,Secadora,40.63,3.0,2024-01-24,Electrodomésticos,121.89000000000001,63,TV,5.69,2024-11-03,2024-11-28,False
1786,Secadora,40.63,3.0,2024-01-24,Electrodomésticos,121.89000000000001,33,Email,3.8,2024-12-20,2025-01-07,False
1977,Horno eléctrico,45.79,7.0,2024-01-24,Electrodomésticos,320.53,35,Email,5.65,2024-07-31,2024-09-29,False
1977,Horno eléctrico,45.79,7.0,2024-01-24,Electrodomésticos,320.53,5,RRSS,5.16,2024-08-22,2024-10-17,False
1977,Horno eléctrico,45.79,7.0,2024-01-24,Electrodomésticos,320.53,65,TV,3.08,2024-10-23,2024-12-11,False
2354,Tablet,27.98,8.0,2024-01-24,Electrónica,223.84,12,RRSS,3.4,2024-03-26,2024-05-13,False
2354,Tablet,27.98,8.0,2024-01-24,Electrónica,223.84,72,TV,4.9,2024-07-08,2024-09-03,False
2354,Tablet,27.98,8.0,2024-01-24,Electrónica,223.84,42,Email,4.42,2024-07-14,2024-09-03,False
2543,Smartphone,91.39,7.0,2024-01-24,Electrónica,639.73,21,RRSS,6.37,2024-03-29,2024-05-16,False
2543,Smartphone,91.39,7.0,2024-01-24,Electrónica,639.73,51,Email,4.65,2024-05-28,2024-06-15,False
2543,Smartphone,91.39,7.0,2024-01-24,Electrónica,639.73,81,TV,4.78,2024-09-28,2024-10-24,False
2623,Smartphone,27.32,7.0,2024-01-24,Electrónica,191.24,21,RRSS,6.37,2024-03-29,2024-05-16,False
2623,Smartphone,27.32,7.0,2024-01-24,Electrónica,191.24,51,Email,4.65,2024-05-28,2024-06-15,False
2623,Smartphone,27.32,7.0,2024-01-24,Electrónica,191.24,81,TV,4.78,2024-09-28,2024-10-24,False
2982,Televisor,26.7,9.0,2024-01-24,Electrónica,240.29999999999998,29,RRSS,3.96,2024-05-17,2024-06-28,False
2982,Televisor,26.7,9.0,2024-01-24,Electrónica,240.29999999999998,59,Email,4.19,2024-11-20,2025-01-19,False
2982,Televisor,26.7,9.0,2024-01-24,Electrónica,240.29999999999998,89,TV,4.98,2024-12-13,2025-02-08,False
85,Alfombra,71.14,2.0,2024-01-25,Decoración,142.28,58,Email,4.25,2024-03-31,2024-05-05,False
85,Alfombra,71.14,2.0,2024-01-25,Decoración,142.28,88,TV,7.39,2024-07-25,2024-08-31,False
85,Alfombra,71.14,2.0,2024-01-25,Decoración,142.28,28,RRSS,5.82,2024-11-27,2025-01-08,False
983,Espejo decorativo,123.22,10.0,2024-01-25,Decoración,1232.2,83,TV,5.24,2024-05-31,2024-07-08,False
983,Espejo decorativo,123.22,10.0,2024-01-25,Decoración,1232.2,53,Email,4.9,2024-07-17,2024-08-01,False
983,Espejo decorativo,123.22,10.0,2024-01-25,Decoración,1232.2,23,RRSS,4.75,2024-08-28,2024-10-17,False
1378,Cafetera,96.94,4.0,2024-01-25,Electrodomésticos,387.76,49,Email,5.2,2024-06-20,2024-07-22,False
1378,Cafetera,96.94,4.0,2024-01-25,Electrodomésticos,387.76,79,TV,7.26,2024-08-13,2024-10-11,False
1378,Cafetera,96.94,4.0,2024-01-25,Electrodomésticos,387.76,19,RRSS,5.7,2024-08-19,2024-09-15,False
1485,Lavadora,66.16,4.0,2024-01-25,Electrodomésticos,264.64,46,Email,3.63,2024-05-12,2024-05-29,False
1485,Lavadora,66.16,4.0,2024-01-25,Electrodomésticos,264.64,76,TV,4.66,2024-05-26,2024-07-02,False
1485,Lavadora,66.16,4.0,2024-01-25,Electrodomésticos,264.64,16,RRSS,3.56,2024-08-14,2024-09-20,False
1503,Microondas,39.45,9.0,2024-01-25,Electrodomésticos,355.05,56,Email,4.94,2024-08-06,2024-08-25,False
1503,Microondas,39.45,9.0,2024-01-25,Electrodomésticos,355.05,26,RRSS,5.0,2024-09-25,2024-10-14,False
1503,Microondas,39.45,9.0,2024-01-25,Electrodomésticos,355.05,86,TV,4.25,2024-09-25,2024-11-15,False
2121,Parlantes Bluetooth,100.6,6.0,2024-01-25,Electrónica,603.5999999999999,84,TV,4.42,2024-04-17,2024-05-05,False
2121,Parlantes Bluetooth,100.6,6.0,2024-01-25,Electrónica,603.5999999999999,54,Email,2.95,2024-08-09,2024-09-22,False
2121,Parlantes Bluetooth,100.6,6.0,2024-01-25,Electrónica,603.5999999999999,24,RRSS,6.0,2024-09-22,2024-10-26,False
2340,Consola de videojuegos,109.68,5.0,2024-01-25,Electrónica,548.4000000000001,50,Email,4.97,2024-05-03,2024-05-28,False
2340,Consola de videojuegos,109.68,5.0,2024-01-25,Electrónica,548.4000000000001,20,RRSS,3.16,2024-07-15,2024-08-03,False
2340,Consola de videojuegos,109.68,5.0,2024-01-25,Electrónica,548.4000000000001,80,TV,4.64,2024-11-01,2024-11-20,False
2502,Televisor,77.83,8.0,2024-01-25,Electrónica,622.64,29,RRSS,3.96,2024-05-17,2024-06-28,False
2502,Televisor,77.83,8.0,2024-01-25,Electrónica,622.64,59,Email,4.19,2024-11-20,2025-01-19,False
2502,Televisor,77.83,8.0,2024-01-25,Electrónica,622.64,89,TV,4.98,2024-12-13,2025-02-08,False
2619,Proyector,70.1,10.0,2024-01-25,Electrónica,701.0,67,TV,3.68,2024-05-22,2024-07-12,False
2619,Proyector,70.1,10.0,2024-01-25,Electrónica,701.0,37,Email,3.22,2024-07-06,2024-07-26,False
2619,Proyector,70.1,10.0,2024-01-25,Electrónica,701.0,7,RRSS,5.57,2024-07-30,2024-08-16,False
2735,Auriculares,93.37,10.0,2024-01-25,Electrónica,933.7,47,Email,4.19,2024-06-02,2024-07-22,False
2735,Auriculares,93.37,10.0,2024-01-25,Electrónica,933.7,17,RRSS,6.06,2024-07-15,2024-08-15,False
2735,Auriculares,93.37,10.0,2024-01-25,Electrónica,933.7,77,TV,4.99,2024-11-11,2024-12-06,False
2948,SmartWatch,29.15,2.0,2024-01-25,Electrónica,58.3,85,TV,5.07,2024-04-01,2024-05-05,False
2948,SmartWatch,29.15,2.0,2024-01-25,Electrónica,58.3,55,Email,4.59,2024-10-13,2024-12-06,False
2948,SmartWatch,29.15,2.0,2024-01-25,Electrónica,58.3,25,RRSS,4.84,2024-11-23,2024-12-29,False
73,Espejo decorativo,52.58,9.0,2024-01-26,Decoración,473.21999999999997,83,TV,5.24,2024-05-31,2024-07-08,False
73,Espejo decorativo,52.58,9.0,2024-01-26,Decoración,473.21999999999997,53,Email,4.9,2024-07-17,2024-08-01,False
73,Espejo decorativo,52.58,9.0,2024-01-26,Decoración,473.21999999999997,23,RRSS,4.75,2024-08-28,2024-10-17,False
621,Lámpara de mesa,70.6,6.0,2024-01-26,Decoración,423.59999999999997,32,Email,5.54,2024-03-28,2024-04-20,False
621,Lámpara de mesa,70.6,6.0,2024-01-26,Decoración,423.59999999999997,2,RRSS,5.88,2024-05-30,2024-06-29,False
621,Lámpara de mesa,70.6,6.0,2024-01-26,Decoración,423.59999999999997,62,TV,4.51,2024-08-26,2024-10-07,False
787,Elementos de cerámica,106.39,6.0,2024-01-26,Decoración,638.34,22,RRSS,5.44,2024-06-26,2024-07-15,False
787,Elementos de cerámica,106.39,6.0,2024-01-26,Decoración,638.34,82,TV,5.69,2024-09-08,2024-10-12,False
787,Elementos de cerámica,106.39,6.0,2024-01-26,Decoración,638.34,52,Email,5.74,2024-09-09,2024-09-30,False
933,Espejo decorativo,110.02,1.0,2024-01-26,Decoración,110.02,83,TV,5.24,2024-05-31,2024-07-08,False
933,Espejo decorativo,110.02,1.0,2024-01-26,Decoración,110.02,53,Email,4.9,2024-07-17,2024-08-01,False
933,Espejo decorativo,110.02,1.0,2024-01-26,Decoración,110.02,23,RRSS,4.75,2024-08-28,2024-10-17,False
1768,Cafetera,120.32,9.0,2024-01-26,Electrodomésticos,1082.8799999999999,49,Email,5.2,2024-06-20,2024-07-22,False
1768,Cafetera,120.32,9.0,2024-01-26,Electrodomésticos,1082.8799999999999,79,TV,7.26,2024-08-13,2024-10-11,False
1768,Cafetera,120.32,9.0,2024-01-26,Electrodomésticos,1082.8799999999999,19,RRSS,5.7,2024-08-19,2024-09-15,False
2252,Televisor,89.27,8.0,2024-01-26,Electrónica,714.16,29,RRSS,3.96,2024-05-17,2024-06-28,False
2252,Televisor,89.27,8.0,2024-01-26,Electrónica,714.16,59,Email,4.19,2024-11-20,2025-01-19,False
2252,Televisor,89.27,8.0,2024-01-26,Electrónica,714.16,89,TV,4.98,2024-12-13,2025-02-08,False
2305,Auriculares,31.03,9.0,2024-01-26,Electrónica,279.27,47,Email,4.19,2024-06-02,2024-07-22,False
2305,Auriculares,31.03,9.0,2024-01-26,Electrónica,279.27,17,RRSS,6.06,2024-07-15,2024-08-15,False
2305,Auriculares,31.03,9.0,2024-01-26,Electrónica,279.27,77,TV,4.99,2024-11-11,2024-12-06,False
218,Rincón de plantas,120.32,1.0,2024-01-27,Decoración,120.32,38,Email,5.76,2024-06-14,2024-07-15,False
218,Rincón de plantas,120.32,1.0,2024-01-27,Decoración,120.32,8,RRSS,4.88,2024-08-03,2024-08-18,False
218,Rincón de plantas,120.32,1.0,2024-01-27,Decoración,120.32,68,TV,5.81,2024-12-17,2025-02-14,False
310,Adorno de pared,103.79,2.0,2024-01-27,Decoración,207.58,74,TV,4.81,2024-03-20,2024-05-03,False
310,Adorno de pared,103.79,2.0,2024-01-27,Decoración,207.58,44,Email,5.08,2024-04-13,2024-05-10,False
310,Adorno de pared,103.79,2.0,2024-01-27,Decoración,207.58,14,RRSS,4.16,2024-10-22,2024-12-21,False
496,Cortinas,37.02,5.0,2024-01-27,Decoración,185.10000000000002,43,Email,5.67,2024-05-02,2024-06-17,False
496,Cortinas,37.02,5.0,2024-01-27,Decoración,185.10000000000002,73,TV,6.47,2024-08-17,2024-09-26,False
496,Cortinas,37.02,5.0,2024-01-27,Decoración,185.10000000000002,13,RRSS,5.22,2024-09-16,2024-10-15,False
1360,Plancha de vapor,95.1,2.0,2024-01-27,Electrodomésticos,190.2,36,Email,5.41,2024-04-02,2024-06-01,False
1360,Plancha de vapor,95.1,2.0,2024-01-27,Electrodomésticos,190.2,6,RRSS,4.02,2024-09-24,2024-11-02,False
1360,Plancha de vapor,95.1,2.0,2024-01-27,Electrodomésticos,190.2,66,TV,4.69,2024-10-04,2024-10-23,False
1744,Aspiradora,28.79,12.0,2024-01-27,Electrodomésticos,345.48,40,Email,6.24,2024-06-24,2024-08-12,False
1744,Aspiradora,28.79,12.0,2024-01-27,Electrodomésticos,345.48,10,RRSS,7.16,2024-08-19,2024-09-19,False
1744,Aspiradora,28.79,12.0,2024-01-27,Electrodomésticos,345.48,70,TV,3.06,2024-12-13,2024-12-29,False
1877,Horno eléctrico,53.46,4.0,2024-01-27,Electrodomésticos,213.84,35,Email,5.65,2024-07-31,2024-09-29,False
1877,Horno eléctrico,53.46,4.0,2024-01-27,Electrodomésticos,213.84,5,RRSS,5.16,2024-08-22,2024-10-17,False
1877,Horno eléctrico,53.46,4.0,2024-01-27,Electrodomésticos,213.84,65,TV,3.08,2024-10-23,2024-12-11,False
2165,Auriculares,47.24,9.0,2024-01-27,Electrónica,425.16,47,Email,4.19,2024-06-02,2024-07-22,False
2165,Auriculares,47.24,9.0,2024-01-27,Electrónica,425.16,17,RRSS,6.06,2024-07-15,2024-08-15,False
2165,Auriculares,47.24,9.0,2024-01-27,Electrónica,425.16,77,TV,4.99,2024-11-11,2024-12-06,False
2218,SmartWatch,54.84,1.0,2024-01-27,Electrónica,54.84,85,TV,5.07,2024-04-01,2024-05-05,False
2218,SmartWatch,54.84,1.0,2024-01-27,Electrónica,54.84,55,Email,4.59,2024-10-13,2024-12-06,False
2218,SmartWatch,54.84,1.0,2024-01-27,Electrónica,54.84,25,RRSS,4.84,2024-11-23,2024-12-29,False
2222,Televisor,33.19,9.0,2024-01-27,Electrónica,298.71,29,RRSS,3.96,2024-05-17,2024-06-28,False
2222,Televisor,33.19,9.0,2024-01-27,Electrónica,298.71,59,Email,4.19,2024-11-20,2025-01-19,False
2222,Televisor,33.19,9.0,2024-01-27,Electrónica,298.71,89,TV,4.98,2024-12-13,2025-02-08,False
2546,Laptop,30.31,2.0,2024-01-27,Electrónica,60.62,60,Email,4.89,2024-09-28,2024-10-27,False
2546,Laptop,30.31,2.0,2024-01-27,Electrónica,60.62,30,RRSS,4.68,2024-10-23,2024-11-24,False
2546,Laptop,30.31,2.0,2024-01-27,Electrónica,60.62,90,TV,5.62,2024-11-16,2025-01-13,False
617,Elementos de cerámica,28.22,4.0,2024-01-28,Decoración,112.88,22,RRSS,5.44,2024-06-26,2024-07-15,False
617,Elementos de cerámica,28.22,4.0,2024-01-28,Decoración,112.88,82,TV,5.69,2024-09-08,2024-10-12,False
617,Elementos de cerámica,28.22,4.0,2024-01-28,Decoración,112.88,52,Email,5.74,2024-09-09,2024-09-30,False
641,Lámpara de mesa,95.46,10.0,2024-01-28,Decoración,954.5999999999999,32,Email,5.54,2024-03-28,2024-04-20,False
641,Lámpara de mesa,95.46,10.0,2024-01-28,Decoración,954.5999999999999,2,RRSS,5.88,2024-05-30,2024-06-29,False
641,Lámpara de mesa,95.46,10.0,2024-01-28,Decoración,954.5999999999999,62,TV,4.51,2024-08-26,2024-10-07,False
912,Cuadro decorativo,111.56,9.0,2024-01-28,Decoración,1004.04,1,RRSS,5.27,2024-04-27,2024-06-04,False
912,Cuadro decorativo,111.56,9.0,2024-01-28,Decoración,1004.04,31,Email,5.28,2024-08-15,2024-09-12,False
912,Cuadro decorativo,111.56,9.0,2024-01-28,Decoración,1004.04,61,TV,5.3,2024-11-05,2024-12-23,False
1999,Batidora,103.27,3.0,2024-01-28,Electrodomésticos,309.81,57,Email,4.48,2024-04-10,2024-06-08,False
1999,Batidora,103.27,3.0,2024-01-28,Electrodomésticos,309.81,87,TV,6.28,2024-08-27,2024-10-11,False
1999,Batidora,103.27,3.0,2024-01-28,Electrodomésticos,309.81,27,RRSS,4.52,2024-11-01,2024-12-08,False
2323,Smartphone,34.5,1.0,2024-01-28,Electrónica,34.5,21,RRSS,6.37,2024-03-29,2024-05-16,False
2323,Smartphone,34.5,1.0,2024-01-28,Electrónica,34.5,51,Email,4.65,2024-05-28,2024-06-15,False
2323,Smartphone,34.5,1.0,2024-01-28,Electrónica,34.5,81,TV,4.78,2024-09-28,2024-10-24,False
2636,Laptop,33.07,10.0,2024-01-28,Electrónica,330.7,60,Email,4.89,2024-09-28,2024-10-27,False
2636,Laptop,33.07,10.0,2024-01-28,Electrónica,330.7,30,RRSS,4.68,2024-10-23,2024-11-24,False
2636,Laptop,33.07,10.0,2024-01-28,Electrónica,330.7,90,TV,5.62,2024-11-16,2025-01-13,False
2693,Smartphone,115.81,1.0,2024-01-28,Electrónica,115.81,21,RRSS,6.37,2024-03-29,2024-05-16,False
2693,Smartphone,115.81,1.0,2024-01-28,Electrónica,115.81,51,Email,4.65,2024-05-28,2024-06-15,False
2693,Smartphone,115.81,1.0,2024-01-28,Electrónica,115.81,81,TV,4.78,2024-09-28,2024-10-24,False
373,Espejo decorativo,29.77,11.0,2024-01-29,Decoración,327.46999999999997,83,TV,5.24,2024-05-31,2024-07-08,False
373,Espejo decorativo,29.77,11.0,2024-01-29,Decoración,327.46999999999997,53,Email,4.9,2024-07-17,2024-08-01,False
373,Espejo decorativo,29.77,11.0,2024-01-29,Decoración,327.46999999999997,23,RRSS,4.75,2024-08-28,2024-10-17,False
1452,Cafetera,88.56,8.0,2024-01-29,Electrodomésticos,708.48,49,Email,5.2,2024-06-20,2024-07-22,False
1452,Cafetera,88.56,8.0,2024-01-29,Electrodomésticos,708.48,79,TV,7.26,2024-08-13,2024-10-11,False
1452,Cafetera,88.56,8.0,2024-01-29,Electrodomésticos,708.48,19,RRSS,5.7,2024-08-19,2024-09-15,False
1645,Lavadora,76.5,3.0,2024-01-29,Electrodomésticos,229.5,46,Email,3.63,2024-05-12,2024-05-29,False
1645,Lavadora,76.5,3.0,2024-01-29,Electrodomésticos,229.5,76,TV,4.66,2024-05-26,2024-07-02,False
1645,Lavadora,76.5,3.0,2024-01-29,Electrodomésticos,229.5,16,RRSS,3.56,2024-08-14,2024-09-20,False
2228,SmartWatch,100.06,7.0,2024-01-29,Electrónica,700.4200000000001,85,TV,5.07,2024-04-01,2024-05-05,False
2228,SmartWatch,100.06,7.0,2024-01-29,Electrónica,700.4200000000001,55,Email,4.59,2024-10-13,2024-12-06,False
2228,SmartWatch,100.06,7.0,2024-01-29,Electrónica,700.4200000000001,25,RRSS,4.84,2024-11-23,2024-12-29,False
2240,Consola de videojuegos,43.35,8.0,2024-01-29,Electrónica,346.8,50,Email,4.97,2024-05-03,2024-05-28,False
2240,Consola de videojuegos,43.35,8.0,2024-01-29,Electrónica,346.8,20,RRSS,3.16,2024-07-15,2024-08-03,False
2240,Consola de videojuegos,43.35,8.0,2024-01-29,Electrónica,346.8,80,TV,4.64,2024-11-01,2024-11-20,False
2245,Auriculares,53.45,8.0,2024-01-29,Electrónica,427.6,47,Email,4.19,2024-06-02,2024-07-22,False
2245,Auriculares,53.45,8.0,2024-01-29,Electrónica,427.6,17,RRSS,6.06,2024-07-15,2024-08-15,False
2245,Auriculares,53.45,8.0,2024-01-29,Electrónica,427.6,77,TV,4.99,2024-11-11,2024-12-06,False
2653,Smartphone,121.22,6.0,2024-01-29,Electrónica,727.3199999999999,21,RRSS,6.37,2024-03-29,2024-05-16,False
2653,Smartphone,121.22,6.0,2024-01-29,Electrónica,727.3199999999999,51,Email,4.65,2024-05-28,2024-06-15,False
2653,Smartphone,121.22,6.0,2024-01-29,Electrónica,727.3199999999999,81,TV,4.78,2024-09-28,2024-10-24,False
2870,Consola de videojuegos,72.39,1.0,2024-01-29,Electrónica,72.39,50,Email,4.97,2024-05-03,2024-05-28,False
2870,Consola de videojuegos,72.39,1.0,2024-01-29,Electrónica,72.39,20,RRSS,3.16,2024-07-15,2024-08-03,False
2870,Consola de videojuegos,72.39,1.0,2024-01-29,Electrónica,72.39,80,TV,4.64,2024-11-01,2024-11-20,False
2938,SmartWatch,122.68,1.0,2024-01-29,Electrónica,122.68,85,TV,5.07,2024-04-01,2024-05-05,False
2938,SmartWatch,122.68,1.0,2024-01-29,Electrónica,122.68,55,Email,4.59,2024-10-13,2024-12-06,False
2938,SmartWatch,122.68,1.0,2024-01-29,Electrónica,122.68,25,RRSS,4.84,2024-11-23,2024-12-29,False
2953,Smartphone,121.0,12.0,2024-01-29,Electrónica,1452.0,21,RRSS,6.37,2024-03-29,2024-05-16,False
2953,Smartphone,121.0,12.0,2024-01-29,Electrónica,1452.0,51,Email,4.65,2024-05-28,2024-06-15,False
2953,Smartphone,121.0,12.0,2024-01-29,Electrónica,1452.0,81,TV,4.78,2024-09-28,2024-10-24,False
1046,Secadora,109.0,11.0,2024-01-30,Electrodomésticos,1199.0,3,RRSS,5.1,2024-07-24,2024-08-30,False
1046,Secadora,109.0,11.0,2024-01-30,Electrodomésticos,1199.0,63,TV,5.69,2024-11-03,2024-11-28,False
1046,Secadora,109.0,11.0,2024-01-30,Electrodomésticos,1199.0,33,Email,3.8,2024-12-20,2025-01-07,False
1886,Secadora,47.91,1.0,2024-01-30,Electrodomésticos,47.91,3,RRSS,5.1,2024-07-24,2024-08-30,False
1886,Secadora,47.91,1.0,2024-01-30,Electrodomésticos,47.91,63,TV,5.69,2024-11-03,2024-11-28,False
1886,Secadora,47.91,1.0,2024-01-30,Electrodomésticos,47.91,33,Email,3.8,2024-12-20,2025-01-07,False
1965,Lavadora,43.52,7.0,2024-01-30,Electrodomésticos,304.64000000000004,46,Email,3.63,2024-05-12,2024-05-29,False
1965,Lavadora,43.52,7.0,2024-01-30,Electrodomésticos,304.64000000000004,76,TV,4.66,2024-05-26,2024-07-02,False
1965,Lavadora,43.52,7.0,2024-01-30,Electrodomésticos,304.64000000000004,16,RRSS,3.56,2024-08-14,2024-09-20,False
2005,Auriculares,56.56,4.0,2024-01-30,Electrónica,226.24,47,Email,4.19,2024-06-02,2024-07-22,False
2005,Auriculares,56.56,4.0,2024-01-30,Electrónica,226.24,17,RRSS,6.06,2024-07-15,2024-08-15,False
2005,Auriculares,56.56,4.0,2024-01-30,Electrónica,226.24,77,TV,4.99,2024-11-11,2024-12-06,False
2273,Smartphone,59.33,2.0,2024-01-30,Electrónica,118.66,21,RRSS,6.37,2024-03-29,2024-05-16,False
2273,Smartphone,59.33,2.0,2024-01-30,Electrónica,118.66,51,Email,4.65,2024-05-28,2024-06-15,False
2273,Smartphone,59.33,2.0,2024-01-30,Electrónica,118.66,81,TV,4.78,2024-09-28,2024-10-24,False
2522,Televisor,94.98,2.0,2024-01-30,Electrónica,189.96,29,RRSS,3.96,2024-05-17,2024-06-28,False
2522,Televisor,94.98,2.0,2024-01-30,Electrónica,189.96,59,Email,4.19,2024-11-20,2025-01-19,False
2522,Televisor,94.98,2.0,2024-01-30,Electrónica,189.96,89,TV,4.98,2024-12-13,2025-02-08,False
2784,Tablet,41.96,9.0,2024-01-30,Electrónica,377.64,12,RRSS,3.4,2024-03-26,2024-05-13,False
2784,Tablet,41.96,9.0,2024-01-30,Electrónica,377.64,72,TV,4.9,2024-07-08,2024-09-03,False
2784,Tablet,41.96,9.0,2024-01-30,Electrónica,377.64,42,Email,4.42,2024-07-14,2024-09-03,False
2945,Auriculares,115.2,1.0,2024-01-30,Electrónica,115.2,47,Email,4.19,2024-06-02,2024-07-22,False
2945,Auriculares,115.2,1.0,2024-01-30,Electrónica,115.2,17,RRSS,6.06,2024-07-15,2024-08-15,False
2945,Auriculares,115.2,1.0,2024-01-30,Electrónica,115.2,77,TV,4.99,2024-11-11,2024-12-06,False
50,Adorno de pared,83.1,5.0,2024-01-31,Decoración,415.5,74,TV,4.81,2024-03-20,2024-05-03,False
50,Adorno de pared,83.1,5.0,2024-01-31,Decoración,415.5,44,Email,5.08,2024-04-13,2024-05-10,False
50,Adorno de pared,83.1,5.0,2024-01-31,Decoración,415.5,14,RRSS,4.16,2024-10-22,2024-12-21,False
162,Cuadro decorativo,59.6,5.0,2024-01-31,Decoración,298.0,1,RRSS,5.27,2024-04-27,2024-06-04,False
162,Cuadro decorativo,59.6,5.0,2024-01-31,Decoración,298.0,31,Email,5.28,2024-08-15,2024-09-12,False
162,Cuadro decorativo,59.6,5.0,2024-01-31,Decoración,298.0,61,TV,5.3,2024-11-05,2024-12-23,False
259,Lámpara de mesa,78.89,11.0,2024-01-31,Decoración,867.79,32,Email,5.54,2024-03-28,2024-04-20,False
259,Lámpara de mesa,78.89,11.0,2024-01-31,Decoración,867.79,2,RRSS,5.88,2024-05-30,2024-06-29,False
259,Lámpara de mesa,78.89,11.0,2024-01-31,Decoración,867.79,62,TV,4.51,2024-08-26,2024-10-07,False
277,Elementos de cerámica,52.17,7.0,2024-01-31,Decoración,365.19,22,RRSS,5.44,2024-06-26,2024-07-15,False
277,Elementos de cerámica,52.17,7.0,2024-01-31,Decoración,365.19,82,TV,5.69,2024-09-08,2024-10-12,False
277,Elementos de cerámica,52.17,7.0,2024-01-31,Decoración,365.19,52,Email,5.74,2024-09-09,2024-09-30,False
852,Cuadro decorativo,78.93,4.0,2024-01-31,Decoración,315.72,1,RRSS,5.27,2024-04-27,2024-06-04,False
852,Cuadro decorativo,78.93,4.0,2024-01-31,Decoración,315.72,31,Email,5.28,2024-08-15,2024-09-12,False
852,Cuadro decorativo,78.93,4.0,2024-01-31,Decoración,315.72,61,TV,5.3,2024-11-05,2024-12-23,False
1185,Lavadora,92.36,1.0,2024-01-31,Electrodomésticos,92.36,46,Email,3.63,2024-05-12,2024-05-29,False
1185,Lavadora,92.36,1.0,2024-01-31,Electrodomésticos,92.36,76,TV,4.66,2024-05-26,2024-07-02,False
1185,Lavadora,92.36,1.0,2024-01-31,Electrodomésticos,92.36,16,RRSS,3.56,2024-08-14,2024-09-20,False
1210,Plancha de vapor,101.96,10.0,2024-01-31,Electrodomésticos,1019.5999999999999,36,Email,5.41,2024-04-02,2024-06-01,False
1210,Plancha de vapor,101.96,10.0,2024-01-31,Electrodomésticos,1019.5999999999999,6,RRSS,4.02,2024-09-24,2024-11-02,False
1210,Plancha de vapor,101.96,10.0,2024-01-31,Electrodomésticos,1019.5999999999999,66,TV,4.69,2024-10-04,2024-10-23,False
1254,Aspiradora,74.11,11.0,2024-01-31,Electrodomésticos,815.21,40,Email,6.24,2024-06-24,2024-08-12,False
1254,Aspiradora,74.11,11.0,2024-01-31,Electrodomésticos,815.21,10,RRSS,7.16,2024-08-19,2024-09-19,False
1254,Aspiradora,74.11,11.0,2024-01-31,Electrodomésticos,815.21,70,TV,3.06,2024-12-13,2024-12-29,False
1481,Freidora eléctrica,121.77,12.0,2024-01-31,Electrodomésticos,1461.24,71,TV,4.37,2024-06-05,2024-07-24,False
1481,Freidora eléctrica,121.77,12.0,2024-01-31,Electrodomésticos,1461.24,41,Email,3.92,2024-11-23,2025-01-01,False
1481,Freidora eléctrica,121.77,12.0,2024-01-31,Electrodomésticos,1461.24,11,RRSS,5.27,2024-12-29,2025-01-21,False
1898,Cafetera,63.54,9.0,2024-01-31,Electrodomésticos,571.86,49,Email,5.2,2024-06-20,2024-07-22,False
1898,Cafetera,63.54,9.0,2024-01-31,Electrodomésticos,571.86,79,TV,7.26,2024-08-13,2024-10-11,False
1898,Cafetera,63.54,9.0,2024-01-31,Electrodomésticos,571.86,19,RRSS,5.7,2024-08-19,2024-09-15,False
2185,Auriculares,35.74,11.0,2024-01-31,Electrónica,393.14000000000004,47,Email,4.19,2024-06-02,2024-07-22,False
2185,Auriculares,35.74,11.0,2024-01-31,Electrónica,393.14000000000004,17,RRSS,6.06,2024-07-15,2024-08-15,False
2185,Auriculares,35.74,11.0,2024-01-31,Electrónica,393.14000000000004,77,TV,4.99,2024-11-11,2024-12-06,False
2752,Auriculares,119.77,5.0,2024-01-31,Electrónica,598.85,47,Email,4.19,2024-06-02,2024-07-22,False
2752,Auriculares,119.77,5.0,2024-01-31,Electrónica,598.85,17,RRSS,6.06,2024-07-15,2024-08-15,False
2752,Auriculares,119.77,5.0,2024-01-31,Electrónica,598.85,77,TV,4.99,2024-11-11,2024-12-06,False
2916,Laptop,93.91,2.0,2024-01-31,Electrónica,187.82,60,Email,4.89,2024-09-28,2024-10-27,False
2916,Laptop,93.91,2.0,2024-01-31,Electrónica,187.82,30,RRSS,4.68,2024-10-23,2024-11-24,False
2916,Laptop,93.91,2.0,2024-01-31,Electrónica,187.82,90,TV,5.62,2024-11-16,2025-01-13,False
733,Espejo decorativo,44.37,2.0,2024-02-01,Decoración,88.74,83,TV,5.24,2024-05-31,2024-07-08,False
733,Espejo decorativo,44.37,2.0,2024-02-01,Decoración,88.74,53,Email,4.9,2024-07-17,2024-08-01,False
733,Espejo decorativo,44.37,2.0,2024-02-01,Decoración,88.74,23,RRSS,4.75,2024-08-28,2024-10-17,False
848,Rincón de plantas,81.92,10.0,2024-02-01,Decoración,819.2,38,Email,5.76,2024-06-14,2024-07-15,False
848,Rincón de plantas,81.92,10.0,2024-02-01,Decoración,819.2,8,RRSS,4.88,2024-08-03,2024-08-18,False
848,Rincón de plantas,81.92,10.0,2024-02-01,Decoración,819.2,68,TV,5.81,2024-12-17,2025-02-14,False
1102,Cafetera,108.33,2.0,2024-02-01,Electrodomésticos,216.66,49,Email,5.2,2024-06-20,2024-07-22,False
1102,Cafetera,108.33,2.0,2024-02-01,Electrodomésticos,216.66,79,TV,7.26,2024-08-13,2024-10-11,False
1102,Cafetera,108.33,2.0,2024-02-01,Electrodomésticos,216.66,19,RRSS,5.7,2024-08-19,2024-09-15,False
1764,Aspiradora,112.38,10.0,2024-02-01,Electrodomésticos,1123.8,40,Email,6.24,2024-06-24,2024-08-12,False
1764,Aspiradora,112.38,10.0,2024-02-01,Electrodomésticos,1123.8,10,RRSS,7.16,2024-08-19,2024-09-19,False
1764,Aspiradora,112.38,10.0,2024-02-01,Electrodomésticos,1123.8,70,TV,3.06,2024-12-13,2024-12-29,False
1813,Microondas,89.16,5.0,2024-02-01,Electrodomésticos,445.79999999999995,56,Email,4.94,2024-08-06,2024-08-25,False
1813,Microondas,89.16,5.0,2024-02-01,Electrodomésticos,445.79999999999995,26,RRSS,5.0,2024-09-25,2024-10-14,False
1813,Microondas,89.16,5.0,2024-02-01,Electrodomésticos,445.79999999999995,86,TV,4.25,2024-09-25,2024-11-15,False
2069,Proyector,76.17,12.0,2024-02-01,Electrónica,914.04,67,TV,3.68,2024-05-22,2024-07-12,False
2069,Proyector,76.17,12.0,2024-02-01,Electrónica,914.04,37,Email,3.22,2024-07-06,2024-07-26,False
2069,Proyector,76.17,12.0,2024-02-01,Electrónica,914.04,7,RRSS,5.57,2024-07-30,2024-08-16,False
2474,Auriculares,123.41,8.0,2024-02-01,Electrónica,987.28,47,Email,4.19,2024-06-02,2024-07-22,False
2474,Auriculares,123.41,8.0,2024-02-01,Electrónica,987.28,17,RRSS,6.06,2024-07-15,2024-08-15,False
2474,Auriculares,123.41,8.0,2024-02-01,Electrónica,987.28,77,TV,4.99,2024-11-11,2024-12-06,False
2680,Consola de videojuegos,89.96,2.0,2024-02-01,Electrónica,179.92,50,Email,4.97,2024-05-03,2024-05-28,False
2680,Consola de videojuegos,89.96,2.0,2024-02-01,Electrónica,179.92,20,RRSS,3.16,2024-07-15,2024-08-03,False
2680,Consola de videojuegos,89.96,2.0,2024-02-01,Electrónica,179.92,80,TV,4.64,2024-11-01,2024-11-20,False
380,Adorno de pared,45.84,10.0,2024-02-02,Decoración,458.40000000000003,74,TV,4.81,2024-03-20,2024-05-03,False
380,Adorno de pared,45.84,10.0,2024-02-02,Decoración,458.40000000000003,44,Email,5.08,2024-04-13,2024-05-10,False
380,Adorno de pared,45.84,10.0,2024-02-02,Decoración,458.40000000000003,14,RRSS,4.16,2024-10-22,2024-12-21,False
557,Elementos de cerámica,108.86,6.0,2024-02-02,Decoración,653.16,22,RRSS,5.44,2024-06-26,2024-07-15,False
557,Elementos de cerámica,108.86,6.0,2024-02-02,Decoración,653.16,82,TV,5.69,2024-09-08,2024-10-12,False
557,Elementos de cerámica,108.86,6.0,2024-02-02,Decoración,653.16,52,Email,5.74,2024-09-09,2024-09-30,False
828,Rincón de plantas,27.95,7.0,2024-02-02,Decoración,195.65,38,Email,5.76,2024-06-14,2024-07-15,False
828,Rincón de plantas,27.95,7.0,2024-02-02,Decoración,195.65,8,RRSS,4.88,2024-08-03,2024-08-18,False
828,Rincón de plantas,27.95,7.0,2024-02-02,Decoración,195.65,68,TV,5.81,2024-12-17,2025-02-14,False
829,Lámpara de mesa,41.6,12.0,2024-02-02,Decoración,499.20000000000005,32,Email,5.54,2024-03-28,2024-04-20,False
829,Lámpara de mesa,41.6,12.0,2024-02-02,Decoración,499.20000000000005,2,RRSS,5.88,2024-05-30,2024-06-29,False
829,Lámpara de mesa,41.6,12.0,2024-02-02,Decoración,499.20000000000005,62,TV,4.51,2024-08-26,2024-10-07,False
1600,Plancha de vapor,47.6,10.0,2024-02-02,Electrodomésticos,476.0,36,Email,5.41,2024-04-02,2024-06-01,False
1600,Plancha de vapor,47.6,10.0,2024-02-02,Electrodomésticos,476.0,6,RRSS,4.02,2024-09-24,2024-11-02,False
1600,Plancha de vapor,47.6,10.0,2024-02-02,Electrodomésticos,476.0,66,TV,4.69,2024-10-04,2024-10-23,False
2079,Proyector,111.74,6.0,2024-02-02,Electrónica,670.4399999999999,67,TV,3.68,2024-05-22,2024-07-12,False
2079,Proyector,111.74,6.0,2024-02-02,Electrónica,670.4399999999999,37,Email,3.22,2024-07-06,2024-07-26,False
2079,Proyector,111.74,6.0,2024-02-02,Electrónica,670.4399999999999,7,RRSS,5.57,2024-07-30,2024-08-16,False
2115,Auriculares,26.0,9.0,2024-02-02,Electrónica,234.0,47,Email,4.19,2024-06-02,2024-07-22,False
2115,Auriculares,26.0,9.0,2024-02-02,Electrónica,234.0,17,RRSS,6.06,2024-07-15,2024-08-15,False
2115,Auriculares,26.0,9.0,2024-02-02,Electrónica,234.0,77,TV,4.99,2024-11-11,2024-12-06,False
2133,Smartphone,88.43,2.0,2024-02-02,Electrónica,176.86,21,RRSS,6.37,2024-03-29,2024-05-16,False
2133,Smartphone,88.43,2.0,2024-02-02,Electrónica,176.86,51,Email,4.65,2024-05-28,2024-06-15,False
2133,Smartphone,88.43,2.0,2024-02-02,Electrónica,176.86,81,TV,4.78,2024-09-28,2024-10-24,False
2329,Proyector,62.88,7.0,2024-02-02,Electrónica,440.16,67,TV,3.68,2024-05-22,2024-07-12,False
2329,Proyector,62.88,7.0,2024-02-02,Electrónica,440.16,37,Email,3.22,2024-07-06,2024-07-26,False
2329,Proyector,62.88,7.0,2024-02-02,Electrónica,440.16,7,RRSS,5.57,2024-07-30,2024-08-16,False
2476,Laptop,109.23,7.0,2024-02-02,Electrónica,764.61,60,Email,4.89,2024-09-28,2024-10-27,False
2476,Laptop,109.23,7.0,2024-02-02,Electrónica,764.61,30,RRSS,4.68,2024-10-23,2024-11-24,False
2476,Laptop,109.23,7.0,2024-02-02,Electrónica,764.61,90,TV,5.62,2024-11-16,2025-01-13,False
2548,SmartWatch,108.99,10.0,2024-02-02,Electrónica,1089.8999999999999,85,TV,5.07,2024-04-01,2024-05-05,False
2548,SmartWatch,108.99,10.0,2024-02-02,Electrónica,1089.8999999999999,55,Email,4.59,2024-10-13,2024-12-06,False
2548,SmartWatch,108.99,10.0,2024-02-02,Electrónica,1089.8999999999999,25,RRSS,4.84,2024-11-23,2024-12-29,False
211,Lámpara de mesa,30.03,8.0,2024-02-03,Decoración,240.24,32,Email,5.54,2024-03-28,2024-04-20,False
211,Lámpara de mesa,30.03,8.0,2024-02-03,Decoración,240.24,2,RRSS,5.88,2024-05-30,2024-06-29,False
211,Lámpara de mesa,30.03,8.0,2024-02-03,Decoración,240.24,62,TV,4.51,2024-08-26,2024-10-07,False
541,Lámpara de mesa,76.33,10.0,2024-02-03,Decoración,763.3,32,Email,5.54,2024-03-28,2024-04-20,False
541,Lámpara de mesa,76.33,10.0,2024-02-03,Decoración,763.3,2,RRSS,5.88,2024-05-30,2024-06-29,False
541,Lámpara de mesa,76.33,10.0,2024-02-03,Decoración,763.3,62,TV,4.51,2024-08-26,2024-10-07,False
695,Alfombra,51.29,2.0,2024-02-03,Decoración,102.58,58,Email,4.25,2024-03-31,2024-05-05,False
695,Alfombra,51.29,2.0,2024-02-03,Decoración,102.58,88,TV,7.39,2024-07-25,2024-08-31,False
695,Alfombra,51.29,2.0,2024-02-03,Decoración,102.58,28,RRSS,5.82,2024-11-27,2025-01-08,False
1336,Secadora,42.81,7.0,2024-02-03,Electrodomésticos,299.67,3,RRSS,5.1,2024-07-24,2024-08-30,False
1336,Secadora,42.81,7.0,2024-02-03,Electrodomésticos,299.67,63,TV,5.69,2024-11-03,2024-11-28,False
1336,Secadora,42.81,7.0,2024-02-03,Electrodomésticos,299.67,33,Email,3.8,2024-12-20,2025-01-07,False
1499,Batidora,77.53,4.0,2024-02-03,Electrodomésticos,310.12,57,Email,4.48,2024-04-10,2024-06-08,False
1499,Batidora,77.53,4.0,2024-02-03,Electrodomésticos,310.12,87,TV,6.28,2024-08-27,2024-10-11,False
1499,Batidora,77.53,4.0,2024-02-03,Electrodomésticos,310.12,27,RRSS,4.52,2024-11-01,2024-12-08,False
2007,Cámara digital,117.11,9.0,2024-02-03,Electrónica,1053.99,18,RRSS,5.46,2024-07-16,2024-09-13,False
2007,Cámara digital,117.11,9.0,2024-02-03,Electrónica,1053.99,78,TV,4.1,2024-08-02,2024-09-20,False
2007,Cámara digital,117.11,9.0,2024-02-03,Electrónica,1053.99,48,Email,6.84,2024-10-31,2024-12-09,False
2068,SmartWatch,49.23,4.0,2024-02-03,Electrónica,196.92,85,TV,5.07,2024-04-01,2024-05-05,False
2068,SmartWatch,49.23,4.0,2024-02-03,Electrónica,196.92,55,Email,4.59,2024-10-13,2024-12-06,False
2068,SmartWatch,49.23,4.0,2024-02-03,Electrónica,196.92,25,RRSS,4.84,2024-11-23,2024-12-29,False
2758,SmartWatch,81.32,6.0,2024-02-03,Electrónica,487.91999999999996,85,TV,5.07,2024-04-01,2024-05-05,False
2758,SmartWatch,81.32,6.0,2024-02-03,Electrónica,487.91999999999996,55,Email,4.59,2024-10-13,2024-12-06,False
2758,SmartWatch,81.32,6.0,2024-02-03,Electrónica,487.91999999999996,25,RRSS,4.84,2024-11-23,2024-12-29,False
2851,Parlantes Bluetooth,110.42,2.0,2024-02-03,Electrónica,220.84,84,TV,4.42,2024-04-17,2024-05-05,False
2851,Parlantes Bluetooth,110.42,2.0,2024-02-03,Electrónica,220.84,54,Email,2.95,2024-08-09,2024-09-22,False
2851,Parlantes Bluetooth,110.42,2.0,2024-02-03,Electrónica,220.84,24,RRSS,6.0,2024-09-22,2024-10-26,False
64,Jarrón decorativo,104.16,10.0,2024-02-04,Decoración,1041.6,15,RRSS,4.65,2024-05-09,2024-06-13,False
64,Jarrón decorativo,104.16,10.0,2024-02-04,Decoración,1041.6,45,Email,4.52,2024-06-05,2024-07-31,False
64,Jarrón decorativo,104.16,10.0,2024-02-04,Decoración,1041.6,75,TV,4.1,2024-11-03,2024-12-25,False
763,Espejo decorativo,117.99,3.0,2024-02-04,Decoración,353.96999999999997,83,TV,5.24,2024-05-31,2024-07-08,False
763,Espejo decorativo,117.99,3.0,2024-02-04,Decoración,353.96999999999997,53,Email,4.9,2024-07-17,2024-08-01,False
763,Espejo decorativo,117.99,3.0,2024-02-04,Decoración,353.96999999999997,23,RRSS,4.75,2024-08-28,2024-10-17,False
1424,Aspiradora,69.31,10.0,2024-02-04,Electrodomésticos,693.1,40,Email,6.24,2024-06-24,2024-08-12,False
1424,Aspiradora,69.31,10.0,2024-02-04,Electrodomésticos,693.1,10,RRSS,7.16,2024-08-19,2024-09-19,False
1424,Aspiradora,69.31,10.0,2024-02-04,Electrodomésticos,693.1,70,TV,3.06,2024-12-13,2024-12-29,False
1455,Lavadora,38.61,10.0,2024-02-04,Electrodomésticos,386.1,46,Email,3.63,2024-05-12,2024-05-29,False
1455,Lavadora,38.61,10.0,2024-02-04,Electrodomésticos,386.1,76,TV,4.66,2024-05-26,2024-07-02,False
1455,Lavadora,38.61,10.0,2024-02-04,Electrodomésticos,386.1,16,RRSS,3.56,2024-08-14,2024-09-20,False
1456,Secadora,84.24,3.0,2024-02-04,Electrodomésticos,252.71999999999997,3,RRSS,5.1,2024-07-24,2024-08-30,False
1456,Secadora,84.24,3.0,2024-02-04,Electrodomésticos,252.71999999999997,63,TV,5.69,2024-11-03,2024-11-28,False
1456,Secadora,84.24,3.0,2024-02-04,Electrodomésticos,252.71999999999997,33,Email,3.8,2024-12-20,2025-01-07,False
2315,Auriculares,109.07,4.0,2024-02-04,Electrónica,436.28,47,Email,4.19,2024-06-02,2024-07-22,False
2315,Auriculares,109.07,4.0,2024-02-04,Electrónica,436.28,17,RRSS,6.06,2024-07-15,2024-08-15,False
2315,Auriculares,109.07,4.0,2024-02-04,Electrónica,436.28,77,TV,4.99,2024-11-11,2024-12-06,False
2832,Televisor,49.23,4.0,2024-02-04,Electrónica,196.92,29,RRSS,3.96,2024-05-17,2024-06-28,False
2832,Televisor,49.23,4.0,2024-02-04,Electrónica,196.92,59,Email,4.19,2024-11-20,2025-01-19,False
2832,Televisor,49.23,4.0,2024-02-04,Electrónica,196.92,89,TV,4.98,2024-12-13,2025-02-08,False
24,Jarrón decorativo,70.51,12.0,2024-02-05,Decoración,846.1200000000001,15,RRSS,4.65,2024-05-09,2024-06-13,False
24,Jarrón decorativo,70.51,12.0,2024-02-05,Decoración,846.1200000000001,45,Email,4.52,2024-06-05,2024-07-31,False
24,Jarrón decorativo,70.51,12.0,2024-02-05,Decoración,846.1200000000001,75,TV,4.1,2024-11-03,2024-12-25,False
40,Adorno de pared,100.32,10.0,2024-02-05,Decoración,1003.1999999999999,74,TV,4.81,2024-03-20,2024-05-03,False
40,Adorno de pared,100.32,10.0,2024-02-05,Decoración,1003.1999999999999,44,Email,5.08,2024-04-13,2024-05-10,False
40,Adorno de pared,100.32,10.0,2024-02-05,Decoración,1003.1999999999999,14,RRSS,4.16,2024-10-22,2024-12-21,False
347,Elementos de cerámica,83.52,12.0,2024-02-05,Decoración,1002.24,22,RRSS,5.44,2024-06-26,2024-07-15,False
347,Elementos de cerámica,83.52,12.0,2024-02-05,Decoración,1002.24,82,TV,5.69,2024-09-08,2024-10-12,False
347,Elementos de cerámica,83.52,12.0,2024-02-05,Decoración,1002.24,52,Email,5.74,2024-09-09,2024-09-30,False
911,Lámpara de mesa,33.9,4.0,2024-02-05,Decoración,135.6,32,Email,5.54,2024-03-28,2024-04-20,False
911,Lámpara de mesa,33.9,4.0,2024-02-05,Decoración,135.6,2,RRSS,5.88,2024-05-30,2024-06-29,False
911,Lámpara de mesa,33.9,4.0,2024-02-05,Decoración,135.6,62,TV,4.51,2024-08-26,2024-10-07,False
1451,Freidora eléctrica,48.52,4.0,2024-02-05,Electrodomésticos,194.08,71,TV,4.37,2024-06-05,2024-07-24,False
1451,Freidora eléctrica,48.52,4.0,2024-02-05,Electrodomésticos,194.08,41,Email,3.92,2024-11-23,2025-01-01,False
1451,Freidora eléctrica,48.52,4.0,2024-02-05,Electrodomésticos,194.08,11,RRSS,5.27,2024-12-29,2025-01-21,False
1855,Lavadora,123.28,8.0,2024-02-05,Electrodomésticos,986.24,46,Email,3.63,2024-05-12,2024-05-29,False
1855,Lavadora,123.28,8.0,2024-02-05,Electrodomésticos,986.24,76,TV,4.66,2024-05-26,2024-07-02,False
1855,Lavadora,123.28,8.0,2024-02-05,Electrodomésticos,986.24,16,RRSS,3.56,2024-08-14,2024-09-20,False
1961,Freidora eléctrica,81.99,1.0,2024-02-05,Electrodomésticos,81.99,71,TV,4.37,2024-06-05,2024-07-24,False
1961,Freidora eléctrica,81.99,1.0,2024-02-05,Electrodomésticos,81.99,41,Email,3.92,2024-11-23,2025-01-01,False
1961,Freidora eléctrica,81.99,1.0,2024-02-05,Electrodomésticos,81.99,11,RRSS,5.27,2024-12-29,2025-01-21,False
2378,SmartWatch,72.38,1.0,2024-02-05,Electrónica,72.38,85,TV,5.07,2024-04-01,2024-05-05,False
2378,SmartWatch,72.38,1.0,2024-02-05,Electrónica,72.38,55,Email,4.59,2024-10-13,2024-12-06,False
2378,SmartWatch,72.38,1.0,2024-02-05,Electrónica,72.38,25,RRSS,4.84,2024-11-23,2024-12-29,False
2426,Laptop,47.57,4.0,2024-02-05,Electrónica,190.28,60,Email,4.89,2024-09-28,2024-10-27,False
2426,Laptop,47.57,4.0,2024-02-05,Electrónica,190.28,30,RRSS,4.68,2024-10-23,2024-11-24,False
2426,Laptop,47.57,4.0,2024-02-05,Electrónica,190.28,90,TV,5.62,2024-11-16,2025-01-13,False
1064,Aspiradora,65.0,9.0,2024-02-06,Electrodomésticos,585.0,40,Email,6.24,2024-06-24,2024-08-12,False
1064,Aspiradora,65.0,9.0,2024-02-06,Electrodomésticos,585.0,10,RRSS,7.16,2024-08-19,2024-09-19,False
1064,Aspiradora,65.0,9.0,2024-02-06,Electrodomésticos,585.0,70,TV,3.06,2024-12-13,2024-12-29,False
1313,Microondas,82.58,9.0,2024-02-06,Electrodomésticos,743.22,56,Email,4.94,2024-08-06,2024-08-25,False
1313,Microondas,82.58,9.0,2024-02-06,Electrodomésticos,743.22,26,RRSS,5.0,2024-09-25,2024-10-14,False
1313,Microondas,82.58,9.0,2024-02-06,Electrodomésticos,743.22,86,TV,4.25,2024-09-25,2024-11-15,False
1848,Cafetera,123.27,4.0,2024-02-06,Electrodomésticos,493.08,49,Email,5.2,2024-06-20,2024-07-22,False
1848,Cafetera,123.27,4.0,2024-02-06,Electrodomésticos,493.08,79,TV,7.26,2024-08-13,2024-10-11,False
1848,Cafetera,123.27,4.0,2024-02-06,Electrodomésticos,493.08,19,RRSS,5.7,2024-08-19,2024-09-15,False
2267,Cámara digital,57.81,10.0,2024-02-06,Electrónica,578.1,18,RRSS,5.46,2024-07-16,2024-09-13,False
2267,Cámara digital,57.81,10.0,2024-02-06,Electrónica,578.1,78,TV,4.1,2024-08-02,2024-09-20,False
2267,Cámara digital,57.81,10.0,2024-02-06,Electrónica,578.1,48,Email,6.84,2024-10-31,2024-12-09,False
2438,SmartWatch,45.98,3.0,2024-02-06,Electrónica,137.94,85,TV,5.07,2024-04-01,2024-05-05,False
2438,SmartWatch,45.98,3.0,2024-02-06,Electrónica,137.94,55,Email,4.59,2024-10-13,2024-12-06,False
2438,SmartWatch,45.98,3.0,2024-02-06,Electrónica,137.94,25,RRSS,4.84,2024-11-23,2024-12-29,False
2566,Laptop,70.59,9.0,2024-02-06,Electrónica,635.3100000000001,60,Email,4.89,2024-09-28,2024-10-27,False
2566,Laptop,70.59,9.0,2024-02-06,Electrónica,635.3100000000001,30,RRSS,4.68,2024-10-23,2024-11-24,False
2566,Laptop,70.59,9.0,2024-02-06,Electrónica,635.3100000000001,90,TV,5.62,2024-11-16,2025-01-13,False
2617,Cámara digital,89.53,9.0,2024-02-06,Electrónica,805.77,18,RRSS,5.46,2024-07-16,2024-09-13,False
2617,Cámara digital,89.53,9.0,2024-02-06,Electrónica,805.77,78,TV,4.1,2024-08-02,2024-09-20,False
2617,Cámara digital,89.53,9.0,2024-02-06,Electrónica,805.77,48,Email,6.84,2024-10-31,2024-12-09,False
2627,Cámara digital,102.83,5.0,2024-02-06,Electrónica,514.15,18,RRSS,5.46,2024-07-16,2024-09-13,False
2627,Cámara digital,102.83,5.0,2024-02-06,Electrónica,514.15,78,TV,4.1,2024-08-02,2024-09-20,False
2627,Cámara digital,102.83,5.0,2024-02-06,Electrónica,514.15,48,Email,6.84,2024-10-31,2024-12-09,False
381,Lámpara de mesa,124.57,3.0,2024-02-07,Decoración,373.71,32,Email,5.54,2024-03-28,2024-04-20,False
381,Lámpara de mesa,124.57,3.0,2024-02-07,Decoración,373.71,2,RRSS,5.88,2024-05-30,2024-06-29,False
381,Lámpara de mesa,124.57,3.0,2024-02-07,Decoración,373.71,62,TV,4.51,2024-08-26,2024-10-07,False
393,Espejo decorativo,122.11,7.0,2024-02-07,Decoración,854.77,83,TV,5.24,2024-05-31,2024-07-08,False
393,Espejo decorativo,122.11,7.0,2024-02-07,Decoración,854.77,53,Email,4.9,2024-07-17,2024-08-01,False
393,Espejo decorativo,122.11,7.0,2024-02-07,Decoración,854.77,23,RRSS,4.75,2024-08-28,2024-10-17,False
662,Cuadro decorativo,42.09,12.0,2024-02-07,Decoración,505.08000000000004,1,RRSS,5.27,2024-04-27,2024-06-04,False
662,Cuadro decorativo,42.09,12.0,2024-02-07,Decoración,505.08000000000004,31,Email,5.28,2024-08-15,2024-09-12,False
662,Cuadro decorativo,42.09,12.0,2024-02-07,Decoración,505.08000000000004,61,TV,5.3,2024-11-05,2024-12-23,False
770,Adorno de pared,103.74,5.0,2024-02-07,Decoración,518.6999999999999,74,TV,4.81,2024-03-20,2024-05-03,False
770,Adorno de pared,103.74,5.0,2024-02-07,Decoración,518.6999999999999,44,Email,5.08,2024-04-13,2024-05-10,False
770,Adorno de pared,103.74,5.0,2024-02-07,Decoración,518.6999999999999,14,RRSS,4.16,2024-10-22,2024-12-21,False
895,Alfombra,102.72,2.0,2024-02-07,Decoración,205.44,58,Email,4.25,2024-03-31,2024-05-05,False
895,Alfombra,102.72,2.0,2024-02-07,Decoración,205.44,88,TV,7.39,2024-07-25,2024-08-31,False
895,Alfombra,102.72,2.0,2024-02-07,Decoración,205.44,28,RRSS,5.82,2024-11-27,2025-01-08,False
1340,Plancha de vapor,48.48,10.0,2024-02-07,Electrodomésticos,484.79999999999995,36,Email,5.41,2024-04-02,2024-06-01,False
1340,Plancha de vapor,48.48,10.0,2024-02-07,Electrodomésticos,484.79999999999995,6,RRSS,4.02,2024-09-24,2024-11-02,False
1340,Plancha de vapor,48.48,10.0,2024-02-07,Electrodomésticos,484.79999999999995,66,TV,4.69,2024-10-04,2024-10-23,False
1422,Cafetera,109.97,2.0,2024-02-07,Electrodomésticos,219.94,49,Email,5.2,2024-06-20,2024-07-22,False
1422,Cafetera,109.97,2.0,2024-02-07,Electrodomésticos,219.94,79,TV,7.26,2024-08-13,2024-10-11,False
1422,Cafetera,109.97,2.0,2024-02-07,Electrodomésticos,219.94,19,RRSS,5.7,2024-08-19,2024-09-15,False
1554,Aspiradora,124.82,3.0,2024-02-07,Electrodomésticos,374.46,40,Email,6.24,2024-06-24,2024-08-12,False
1554,Aspiradora,124.82,3.0,2024-02-07,Electrodomésticos,374.46,10,RRSS,7.16,2024-08-19,2024-09-19,False
1554,Aspiradora,124.82,3.0,2024-02-07,Electrodomésticos,374.46,70,TV,3.06,2024-12-13,2024-12-29,False
2584,Auriculares,42.67,6.0,2024-02-07,Electrónica,256.02,47,Email,4.19,2024-06-02,2024-07-22,False
2584,Auriculares,42.67,6.0,2024-02-07,Electrónica,256.02,17,RRSS,6.06,2024-07-15,2024-08-15,False
2584,Auriculares,42.67,6.0,2024-02-07,Electrónica,256.02,77,TV,4.99,2024-11-11,2024-12-06,False
163,Espejo decorativo,30.11,12.0,2024-02-08,Decoración,361.32,83,TV,5.24,2024-05-31,2024-07-08,False
163,Espejo decorativo,30.11,12.0,2024-02-08,Decoración,361.32,53,Email,4.9,2024-07-17,2024-08-01,False
163,Espejo decorativo,30.11,12.0,2024-02-08,Decoración,361.32,23,RRSS,4.75,2024-08-28,2024-10-17,False
367,Elementos de cerámica,47.0,2.0,2024-02-08,Decoración,94.0,22,RRSS,5.44,2024-06-26,2024-07-15,False
367,Elementos de cerámica,47.0,2.0,2024-02-08,Decoración,94.0,82,TV,5.69,2024-09-08,2024-10-12,False
367,Elementos de cerámica,47.0,2.0,2024-02-08,Decoración,94.0,52,Email,5.74,2024-09-09,2024-09-30,False
745,Alfombra,50.02,12.0,2024-02-08,Decoración,600.24,58,Email,4.25,2024-03-31,2024-05-05,False
745,Alfombra,50.02,12.0,2024-02-08,Decoración,600.24,88,TV,7.39,2024-07-25,2024-08-31,False
745,Alfombra,50.02,12.0,2024-02-08,Decoración,600.24,28,RRSS,5.82,2024-11-27,2025-01-08,False
850,Adorno de pared,112.03,9.0,2024-02-08,Decoración,1008.27,74,TV,4.81,2024-03-20,2024-05-03,False
850,Adorno de pared,112.03,9.0,2024-02-08,Decoración,1008.27,44,Email,5.08,2024-04-13,2024-05-10,False
850,Adorno de pared,112.03,9.0,2024-02-08,Decoración,1008.27,14,RRSS,4.16,2024-10-22,2024-12-21,False
971,Lámpara de mesa,79.91,8.0,2024-02-08,Decoración,639.28,32,Email,5.54,2024-03-28,2024-04-20,False
971,Lámpara de mesa,79.91,8.0,2024-02-08,Decoración,639.28,2,RRSS,5.88,2024-05-30,2024-06-29,False
971,Lámpara de mesa,79.91,8.0,2024-02-08,Decoración,639.28,62,TV,4.51,2024-08-26,2024-10-07,False
1501,Freidora eléctrica,58.69,4.0,2024-02-08,Electrodomésticos,234.76,71,TV,4.37,2024-06-05,2024-07-24,False
1501,Freidora eléctrica,58.69,4.0,2024-02-08,Electrodomésticos,234.76,41,Email,3.92,2024-11-23,2025-01-01,False
1501,Freidora eléctrica,58.69,4.0,2024-02-08,Electrodomésticos,234.76,11,RRSS,5.27,2024-12-29,2025-01-21,False
1529,Batidora,79.14,10.0,2024-02-08,Electrodomésticos,791.4,57,Email,4.48,2024-04-10,2024-06-08,False
1529,Batidora,79.14,10.0,2024-02-08,Electrodomésticos,791.4,87,TV,6.28,2024-08-27,2024-10-11,False
1529,Batidora,79.14,10.0,2024-02-08,Electrodomésticos,791.4,27,RRSS,4.52,2024-11-01,2024-12-08,False
2618,SmartWatch,64.98,11.0,2024-02-08,Electrónica,714.7800000000001,85,TV,5.07,2024-04-01,2024-05-05,False
2618,SmartWatch,64.98,11.0,2024-02-08,Electrónica,714.7800000000001,55,Email,4.59,2024-10-13,2024-12-06,False
2618,SmartWatch,64.98,11.0,2024-02-08,Electrónica,714.7800000000001,25,RRSS,4.84,2024-11-23,2024-12-29,False
809,Lámpara de mesa,58.38,4.0,2024-02-09,Decoración,233.52,32,Email,5.54,2024-03-28,2024-04-20,False
809,Lámpara de mesa,58.38,4.0,2024-02-09,Decoración,233.52,2,RRSS,5.88,2024-05-30,2024-06-29,False
809,Lámpara de mesa,58.38,4.0,2024-02-09,Decoración,233.52,62,TV,4.51,2024-08-26,2024-10-07,False
1371,Freidora eléctrica,95.71,4.0,2024-02-09,Electrodomésticos,382.84,71,TV,4.37,2024-06-05,2024-07-24,False
1371,Freidora eléctrica,95.71,4.0,2024-02-09,Electrodomésticos,382.84,41,Email,3.92,2024-11-23,2025-01-01,False
1371,Freidora eléctrica,95.71,4.0,2024-02-09,Electrodomésticos,382.84,11,RRSS,5.27,2024-12-29,2025-01-21,False
1791,Freidora eléctrica,51.37,9.0,2024-02-09,Electrodomésticos,462.33,71,TV,4.37,2024-06-05,2024-07-24,False
1791,Freidora eléctrica,51.37,9.0,2024-02-09,Electrodomésticos,462.33,41,Email,3.92,2024-11-23,2025-01-01,False
1791,Freidora eléctrica,51.37,9.0,2024-02-09,Electrodomésticos,462.33,11,RRSS,5.27,2024-12-29,2025-01-21,False
2294,Auriculares,54.54,9.0,2024-02-09,Electrónica,490.86,47,Email,4.19,2024-06-02,2024-07-22,False
2294,Auriculares,54.54,9.0,2024-02-09,Electrónica,490.86,17,RRSS,6.06,2024-07-15,2024-08-15,False
2294,Auriculares,54.54,9.0,2024-02-09,Electrónica,490.86,77,TV,4.99,2024-11-11,2024-12-06,False
2668,SmartWatch,97.01,4.0,2024-02-09,Electrónica,388.04,85,TV,5.07,2024-04-01,2024-05-05,False
2668,SmartWatch,97.01,4.0,2024-02-09,Electrónica,388.04,55,Email,4.59,2024-10-13,2024-12-06,False
2668,SmartWatch,97.01,4.0,2024-02-09,Electrónica,388.04,25,RRSS,4.84,2024-11-23,2024-12-29,False
2718,SmartWatch,110.23,11.0,2024-02-09,Electrónica,1212.53,85,TV,5.07,2024-04-01,2024-05-05,False
2718,SmartWatch,110.23,11.0,2024-02-09,Electrónica,1212.53,55,Email,4.59,2024-10-13,2024-12-06,False
2718,SmartWatch,110.23,11.0,2024-02-09,Electrónica,1212.53,25,RRSS,4.84,2024-11-23,2024-12-29,False
135,Alfombra,78.47,1.0,2024-02-10,Decoración,78.47,58,Email,4.25,2024-03-31,2024-05-05,False
135,Alfombra,78.47,1.0,2024-02-10,Decoración,78.47,88,TV,7.39,2024-07-25,2024-08-31,False
135,Alfombra,78.47,1.0,2024-02-10,Decoración,78.47,28,RRSS,5.82,2024-11-27,2025-01-08,False
212,Cuadro decorativo,52.83,12.0,2024-02-10,Decoración,633.96,1,RRSS,5.27,2024-04-27,2024-06-04,False
212,Cuadro decorativo,52.83,12.0,2024-02-10,Decoración,633.96,31,Email,5.28,2024-08-15,2024-09-12,False
212,Cuadro decorativo,52.83,12.0,2024-02-10,Decoración,633.96,61,TV,5.3,2024-11-05,2024-12-23,False
229,Lámpara de mesa,99.71,3.0,2024-02-10,Decoración,299.13,32,Email,5.54,2024-03-28,2024-04-20,False
229,Lámpara de mesa,99.71,3.0,2024-02-10,Decoración,299.13,2,RRSS,5.88,2024-05-30,2024-06-29,False
229,Lámpara de mesa,99.71,3.0,2024-02-10,Decoración,299.13,62,TV,4.51,2024-08-26,2024-10-07,False
737,Elementos de cerámica,116.82,3.0,2024-02-10,Decoración,350.46,22,RRSS,5.44,2024-06-26,2024-07-15,False
737,Elementos de cerámica,116.82,3.0,2024-02-10,Decoración,350.46,82,TV,5.69,2024-09-08,2024-10-12,False
737,Elementos de cerámica,116.82,3.0,2024-02-10,Decoración,350.46,52,Email,5.74,2024-09-09,2024-09-30,False
840,Adorno de pared,91.48,9.0,2024-02-10,Decoración,823.32,74,TV,4.81,2024-03-20,2024-05-03,False
840,Adorno de pared,91.48,9.0,2024-02-10,Decoración,823.32,44,Email,5.08,2024-04-13,2024-05-10,False
840,Adorno de pared,91.48,9.0,2024-02-10,Decoración,823.32,14,RRSS,4.16,2024-10-22,2024-12-21,False
949,Lámpara de mesa,87.04,1.0,2024-02-10,Decoración,87.04,32,Email,5.54,2024-03-28,2024-04-20,False
949,Lámpara de mesa,87.04,1.0,2024-02-10,Decoración,87.04,2,RRSS,5.88,2024-05-30,2024-06-29,False
949,Lámpara de mesa,87.04,1.0,2024-02-10,Decoración,87.04,62,TV,4.51,2024-08-26,2024-10-07,False
1294,Aspiradora,26.11,9.0,2024-02-10,Electrodomésticos,234.99,40,Email,6.24,2024-06-24,2024-08-12,False
1294,Aspiradora,26.11,9.0,2024-02-10,Electrodomésticos,234.99,10,RRSS,7.16,2024-08-19,2024-09-19,False
1294,Aspiradora,26.11,9.0,2024-02-10,Electrodomésticos,234.99,70,TV,3.06,2024-12-13,2024-12-29,False
1436,Secadora,45.43,11.0,2024-02-10,Electrodomésticos,499.73,3,RRSS,5.1,2024-07-24,2024-08-30,False
1436,Secadora,45.43,11.0,2024-02-10,Electrodomésticos,499.73,63,TV,5.69,2024-11-03,2024-11-28,False
1436,Secadora,45.43,11.0,2024-02-10,Electrodomésticos,499.73,33,Email,3.8,2024-12-20,2025-01-07,False
1696,Secadora,115.57,12.0,2024-02-10,Electrodomésticos,1386.84,3,RRSS,5.1,2024-07-24,2024-08-30,False
1696,Secadora,115.57,12.0,2024-02-10,Electrodomésticos,1386.84,63,TV,5.69,2024-11-03,2024-11-28,False
1696,Secadora,115.57,12.0,2024-02-10,Electrodomésticos,1386.84,33,Email,3.8,2024-12-20,2025-01-07,False
2013,Smartphone,49.34,12.0,2024-02-10,Electrónica,592.08,21,RRSS,6.37,2024-03-29,2024-05-16,False
2013,Smartphone,49.34,12.0,2024-02-10,Electrónica,592.08,51,Email,4.65,2024-05-28,2024-06-15,False
2013,Smartphone,49.34,12.0,2024-02-10,Electrónica,592.08,81,TV,4.78,2024-09-28,2024-10-24,False
2203,Smartphone,59.33,5.0,2024-02-10,Electrónica,296.65,21,RRSS,6.37,2024-03-29,2024-05-16,False
2203,Smartphone,59.33,5.0,2024-02-10,Electrónica,296.65,51,Email,4.65,2024-05-28,2024-06-15,False
2203,Smartphone,59.33,5.0,2024-02-10,Electrónica,296.65,81,TV,4.78,2024-09-28,2024-10-24,False
2873,Smartphone,74.8,5.0,2024-02-10,Electrónica,374.0,21,RRSS,6.37,2024-03-29,2024-05-16,False
2873,Smartphone,74.8,5.0,2024-02-10,Electrónica,374.0,51,Email,4.65,2024-05-28,2024-06-15,False
2873,Smartphone,74.8,5.0,2024-02-10,Electrónica,374.0,81,TV,4.78,2024-09-28,2024-10-24,False
2973,Smartphone,97.62,1.0,2024-02-10,Electrónica,97.62,21,RRSS,6.37,2024-03-29,2024-05-16,False
2973,Smartphone,97.62,1.0,2024-02-10,Electrónica,97.62,51,Email,4.65,2024-05-28,2024-06-15,False
2973,Smartphone,97.62,1.0,2024-02-10,Electrónica,97.62,81,TV,4.78,2024-09-28,2024-10-24,False
43,Espejo decorativo,81.16,2.0,2024-02-11,Decoración,162.32,83,TV,5.24,2024-05-31,2024-07-08,False
43,Espejo decorativo,81.16,2.0,2024-02-11,Decoración,162.32,53,Email,4.9,2024-07-17,2024-08-01,False
43,Espejo decorativo,81.16,2.0,2024-02-11,Decoración,162.32,23,RRSS,4.75,2024-08-28,2024-10-17,False
205,Alfombra,108.67,4.0,2024-02-11,Decoración,434.68,58,Email,4.25,2024-03-31,2024-05-05,False
205,Alfombra,108.67,4.0,2024-02-11,Decoración,434.68,88,TV,7.39,2024-07-25,2024-08-31,False
205,Alfombra,108.67,4.0,2024-02-11,Decoración,434.68,28,RRSS,5.82,2024-11-27,2025-01-08,False
417,Elementos de cerámica,35.97,2.0,2024-02-11,Decoración,71.94,22,RRSS,5.44,2024-06-26,2024-07-15,False
417,Elementos de cerámica,35.97,2.0,2024-02-11,Decoración,71.94,82,TV,5.69,2024-09-08,2024-10-12,False
417,Elementos de cerámica,35.97,2.0,2024-02-11,Decoración,71.94,52,Email,5.74,2024-09-09,2024-09-30,False
462,Cuadro decorativo,109.69,8.0,2024-02-11,Decoración,877.52,1,RRSS,5.27,2024-04-27,2024-06-04,False
462,Cuadro decorativo,109.69,8.0,2024-02-11,Decoración,877.52,31,Email,5.28,2024-08-15,2024-09-12,False
462,Cuadro decorativo,109.69,8.0,2024-02-11,Decoración,877.52,61,TV,5.3,2024-11-05,2024-12-23,False
1730,Plancha de vapor,101.57,10.0,2024-02-11,Electrodomésticos,1015.6999999999999,36,Email,5.41,2024-04-02,2024-06-01,False
1730,Plancha de vapor,101.57,10.0,2024-02-11,Electrodomésticos,1015.6999999999999,6,RRSS,4.02,2024-09-24,2024-11-02,False
1730,Plancha de vapor,101.57,10.0,2024-02-11,Electrodomésticos,1015.6999999999999,66,TV,4.69,2024-10-04,2024-10-23,False
1901,Freidora eléctrica,83.07,6.0,2024-02-11,Electrodomésticos,498.41999999999996,71,TV,4.37,2024-06-05,2024-07-24,False
1901,Freidora eléctrica,83.07,6.0,2024-02-11,Electrodomésticos,498.41999999999996,41,Email,3.92,2024-11-23,2025-01-01,False
1901,Freidora eléctrica,83.07,6.0,2024-02-11,Electrodomésticos,498.41999999999996,11,RRSS,5.27,2024-12-29,2025-01-21,False
2440,Consola de videojuegos,110.79,8.0,2024-02-11,Electrónica,886.32,50,Email,4.97,2024-05-03,2024-05-28,False
2440,Consola de videojuegos,110.79,8.0,2024-02-11,Electrónica,886.32,20,RRSS,3.16,2024-07-15,2024-08-03,False
2440,Consola de videojuegos,110.79,8.0,2024-02-11,Electrónica,886.32,80,TV,4.64,2024-11-01,2024-11-20,False
2952,Televisor,112.58,5.0,2024-02-11,Electrónica,562.9,29,RRSS,3.96,2024-05-17,2024-06-28,False
2952,Televisor,112.58,5.0,2024-02-11,Electrónica,562.9,59,Email,4.19,2024-11-20,2025-01-19,False
2952,Televisor,112.58,5.0,2024-02-11,Electrónica,562.9,89,TV,4.98,2024-12-13,2025-02-08,False
362,Cuadro decorativo,71.97,12.0,2024-02-12,Decoración,863.64,1,RRSS,5.27,2024-04-27,2024-06-04,False
362,Cuadro decorativo,71.97,12.0,2024-02-12,Decoración,863.64,31,Email,5.28,2024-08-15,2024-09-12,False
362,Cuadro decorativo,71.97,12.0,2024-02-12,Decoración,863.64,61,TV,5.3,2024-11-05,2024-12-23,False
952,Cuadro decorativo,72.08,11.0,2024-02-12,Decoración,792.88,1,RRSS,5.27,2024-04-27,2024-06-04,False
952,Cuadro decorativo,72.08,11.0,2024-02-12,Decoración,792.88,31,Email,5.28,2024-08-15,2024-09-12,False
952,Cuadro decorativo,72.08,11.0,2024-02-12,Decoración,792.88,61,TV,5.3,2024-11-05,2024-12-23,False
970,Adorno de pared,37.5,3.0,2024-02-12,Decoración,112.5,74,TV,4.81,2024-03-20,2024-05-03,False
970,Adorno de pared,37.5,3.0,2024-02-12,Decoración,112.5,44,Email,5.08,2024-04-13,2024-05-10,False
970,Adorno de pared,37.5,3.0,2024-02-12,Decoración,112.5,14,RRSS,4.16,2024-10-22,2024-12-21,False
1963,Microondas,96.35,3.0,2024-02-12,Electrodomésticos,289.04999999999995,56,Email,4.94,2024-08-06,2024-08-25,False
1963,Microondas,96.35,3.0,2024-02-12,Electrodomésticos,289.04999999999995,26,RRSS,5.0,2024-09-25,2024-10-14,False
1963,Microondas,96.35,3.0,2024-02-12,Electrodomésticos,289.04999999999995,86,TV,4.25,2024-09-25,2024-11-15,False
2122,Televisor,97.3,9.0,2024-02-12,Electrónica,875.6999999999999,29,RRSS,3.96,2024-05-17,2024-06-28,False
2122,Televisor,97.3,9.0,2024-02-12,Electrónica,875.6999999999999,59,Email,4.19,2024-11-20,2025-01-19,False
2122,Televisor,97.3,9.0,2024-02-12,Electrónica,875.6999999999999,89,TV,4.98,2024-12-13,2025-02-08,False
2334,Auriculares,57.41,4.0,2024-02-12,Electrónica,229.64,47,Email,4.19,2024-06-02,2024-07-22,False
2334,Auriculares,57.41,4.0,2024-02-12,Electrónica,229.64,17,RRSS,6.06,2024-07-15,2024-08-15,False
2334,Auriculares,57.41,4.0,2024-02-12,Electrónica,229.64,77,TV,4.99,2024-11-11,2024-12-06,False
2714,Auriculares,74.7,10.0,2024-02-12,Electrónica,747.0,47,Email,4.19,2024-06-02,2024-07-22,False
2714,Auriculares,74.7,10.0,2024-02-12,Electrónica,747.0,17,RRSS,6.06,2024-07-15,2024-08-15,False
2714,Auriculares,74.7,10.0,2024-02-12,Electrónica,747.0,77,TV,4.99,2024-11-11,2024-12-06,False
116,Cortinas,40.19,3.0,2024-02-13,Decoración,120.57,43,Email,5.67,2024-05-02,2024-06-17,False
116,Cortinas,40.19,3.0,2024-02-13,Decoración,120.57,73,TV,6.47,2024-08-17,2024-09-26,False
116,Cortinas,40.19,3.0,2024-02-13,Decoración,120.57,13,RRSS,5.22,2024-09-16,2024-10-15,False
2379,Proyector,108.52,12.0,2024-02-13,Electrónica,1302.24,67,TV,3.68,2024-05-22,2024-07-12,False
2379,Proyector,108.52,12.0,2024-02-13,Electrónica,1302.24,37,Email,3.22,2024-07-06,2024-07-26,False
2379,Proyector,108.52,12.0,2024-02-13,Electrónica,1302.24,7,RRSS,5.57,2024-07-30,2024-08-16,False
2669,Proyector,26.52,3.0,2024-02-13,Electrónica,79.56,67,TV,3.68,2024-05-22,2024-07-12,False
2669,Proyector,26.52,3.0,2024-02-13,Electrónica,79.56,37,Email,3.22,2024-07-06,2024-07-26,False
2669,Proyector,26.52,3.0,2024-02-13,Electrónica,79.56,7,RRSS,5.57,2024-07-30,2024-08-16,False
2739,Proyector,63.33,10.0,2024-02-13,Electrónica,633.3,67,TV,3.68,2024-05-22,2024-07-12,False
2739,Proyector,63.33,10.0,2024-02-13,Electrónica,633.3,37,Email,3.22,2024-07-06,2024-07-26,False
2739,Proyector,63.33,10.0,2024-02-13,Electrónica,633.3,7,RRSS,5.57,2024-07-30,2024-08-16,False
2766,Laptop,31.94,11.0,2024-02-13,Electrónica,351.34000000000003,60,Email,4.89,2024-09-28,2024-10-27,False
2766,Laptop,31.94,11.0,2024-02-13,Electrónica,351.34000000000003,30,RRSS,4.68,2024-10-23,2024-11-24,False
2766,Laptop,31.94,11.0,2024-02-13,Electrónica,351.34000000000003,90,TV,5.62,2024-11-16,2025-01-13,False
2829,Proyector,33.84,5.0,2024-02-13,Electrónica,169.20000000000002,67,TV,3.68,2024-05-22,2024-07-12,False
2829,Proyector,33.84,5.0,2024-02-13,Electrónica,169.20000000000002,37,Email,3.22,2024-07-06,2024-07-26,False
2829,Proyector,33.84,5.0,2024-02-13,Electrónica,169.20000000000002,7,RRSS,5.57,2024-07-30,2024-08-16,False
151,Lámpara de mesa,113.01,7.0,2024-02-14,Decoración,791.07,32,Email,5.54,2024-03-28,2024-04-20,False
151,Lámpara de mesa,113.01,7.0,2024-02-14,Decoración,791.07,2,RRSS,5.88,2024-05-30,2024-06-29,False
151,Lámpara de mesa,113.01,7.0,2024-02-14,Decoración,791.07,62,TV,4.51,2024-08-26,2024-10-07,False
366,Cortinas,92.84,1.0,2024-02-14,Decoración,92.84,43,Email,5.67,2024-05-02,2024-06-17,False
366,Cortinas,92.84,1.0,2024-02-14,Decoración,92.84,73,TV,6.47,2024-08-17,2024-09-26,False
366,Cortinas,92.84,1.0,2024-02-14,Decoración,92.84,13,RRSS,5.22,2024-09-16,2024-10-15,False
406,Cortinas,64.96,1.0,2024-02-14,Decoración,64.96,43,Email,5.67,2024-05-02,2024-06-17,False
406,Cortinas,64.96,1.0,2024-02-14,Decoración,64.96,73,TV,6.47,2024-08-17,2024-09-26,False
406,Cortinas,64.96,1.0,2024-02-14,Decoración,64.96,13,RRSS,5.22,2024-09-16,2024-10-15,False
884,Jarrón decorativo,82.89,10.0,2024-02-14,Decoración,828.9,15,RRSS,4.65,2024-05-09,2024-06-13,False
884,Jarrón decorativo,82.89,10.0,2024-02-14,Decoración,828.9,45,Email,4.52,2024-06-05,2024-07-31,False
884,Jarrón decorativo,82.89,10.0,2024-02-14,Decoración,828.9,75,TV,4.1,2024-11-03,2024-12-25,False
1488,Cafetera,79.98,2.0,2024-02-14,Electrodomésticos,159.96,49,Email,5.2,2024-06-20,2024-07-22,False
1488,Cafetera,79.98,2.0,2024-02-14,Electrodomésticos,159.96,79,TV,7.26,2024-08-13,2024-10-11,False
1488,Cafetera,79.98,2.0,2024-02-14,Electrodomésticos,159.96,19,RRSS,5.7,2024-08-19,2024-09-15,False
1946,Secadora,69.17,6.0,2024-02-14,Electrodomésticos,415.02,3,RRSS,5.1,2024-07-24,2024-08-30,False
1946,Secadora,69.17,6.0,2024-02-14,Electrodomésticos,415.02,63,TV,5.69,2024-11-03,2024-11-28,False
1946,Secadora,69.17,6.0,2024-02-14,Electrodomésticos,415.02,33,Email,3.8,2024-12-20,2025-01-07,False
2154,Auriculares,45.97,12.0,2024-02-14,Electrónica,551.64,47,Email,4.19,2024-06-02,2024-07-22,False
2154,Auriculares,45.97,12.0,2024-02-14,Electrónica,551.64,17,RRSS,6.06,2024-07-15,2024-08-15,False
2154,Auriculares,45.97,12.0,2024-02-14,Electrónica,551.64,77,TV,4.99,2024-11-11,2024-12-06,False
2571,Parlantes Bluetooth,123.36,5.0,2024-02-14,Electrónica,616.8,84,TV,4.42,2024-04-17,2024-05-05,False
2571,Parlantes Bluetooth,123.36,5.0,2024-02-14,Electrónica,616.8,54,Email,2.95,2024-08-09,2024-09-22,False
2571,Parlantes Bluetooth,123.36,5.0,2024-02-14,Electrónica,616.8,24,RRSS,6.0,2024-09-22,2024-10-26,False
2871,Parlantes Bluetooth,101.08,7.0,2024-02-14,Electrónica,707.56,84,TV,4.42,2024-04-17,2024-05-05,False
2871,Parlantes Bluetooth,101.08,7.0,2024-02-14,Electrónica,707.56,54,Email,2.95,2024-08-09,2024-09-22,False
2871,Parlantes Bluetooth,101.08,7.0,2024-02-14,Electrónica,707.56,24,RRSS,6.0,2024-09-22,2024-10-26,False
282,Cuadro decorativo,87.42,7.0,2024-02-15,Decoración,611.94,1,RRSS,5.27,2024-04-27,2024-06-04,False
282,Cuadro decorativo,87.42,7.0,2024-02-15,Decoración,611.94,31,Email,5.28,2024-08-15,2024-09-12,False
282,Cuadro decorativo,87.42,7.0,2024-02-15,Decoración,611.94,61,TV,5.3,2024-11-05,2024-12-23,False
457,Elementos de cerámica,38.25,1.0,2024-02-15,Decoración,38.25,22,RRSS,5.44,2024-06-26,2024-07-15,False
457,Elementos de cerámica,38.25,1.0,2024-02-15,Decoración,38.25,82,TV,5.69,2024-09-08,2024-10-12,False
457,Elementos de cerámica,38.25,1.0,2024-02-15,Decoración,38.25,52,Email,5.74,2024-09-09,2024-09-30,False
946,Cortinas,109.32,7.0,2024-02-15,Decoración,765.24,43,Email,5.67,2024-05-02,2024-06-17,False
946,Cortinas,109.32,7.0,2024-02-15,Decoración,765.24,73,TV,6.47,2024-08-17,2024-09-26,False
946,Cortinas,109.32,7.0,2024-02-15,Decoración,765.24,13,RRSS,5.22,2024-09-16,2024-10-15,False
1353,Microondas,98.65,2.0,2024-02-15,Electrodomésticos,197.3,56,Email,4.94,2024-08-06,2024-08-25,False
1353,Microondas,98.65,2.0,2024-02-15,Electrodomésticos,197.3,26,RRSS,5.0,2024-09-25,2024-10-14,False
1353,Microondas,98.65,2.0,2024-02-15,Electrodomésticos,197.3,86,TV,4.25,2024-09-25,2024-11-15,False
2782,Televisor,62.8,8.0,2024-02-15,Electrónica,502.4,29,RRSS,3.96,2024-05-17,2024-06-28,False
2782,Televisor,62.8,8.0,2024-02-15,Electrónica,502.4,59,Email,4.19,2024-11-20,2025-01-19,False
2782,Televisor,62.8,8.0,2024-02-15,Electrónica,502.4,89,TV,4.98,2024-12-13,2025-02-08,False
2979,Proyector,65.41,7.0,2024-02-15,Electrónica,457.87,67,TV,3.68,2024-05-22,2024-07-12,False
2979,Proyector,65.41,7.0,2024-02-15,Electrónica,457.87,37,Email,3.22,2024-07-06,2024-07-26,False
2979,Proyector,65.41,7.0,2024-02-15,Electrónica,457.87,7,RRSS,5.57,2024-07-30,2024-08-16,False
1070,Plancha de vapor,48.23,5.0,2024-02-16,Electrodomésticos,241.14999999999998,36,Email,5.41,2024-04-02,2024-06-01,False
1070,Plancha de vapor,48.23,5.0,2024-02-16,Electrodomésticos,241.14999999999998,6,RRSS,4.02,2024-09-24,2024-11-02,False
1070,Plancha de vapor,48.23,5.0,2024-02-16,Electrodomésticos,241.14999999999998,66,TV,4.69,2024-10-04,2024-10-23,False
1265,Lavadora,120.53,5.0,2024-02-16,Electrodomésticos,602.65,46,Email,3.63,2024-05-12,2024-05-29,False
1265,Lavadora,120.53,5.0,2024-02-16,Electrodomésticos,602.65,76,TV,4.66,2024-05-26,2024-07-02,False
1265,Lavadora,120.53,5.0,2024-02-16,Electrodomésticos,602.65,16,RRSS,3.56,2024-08-14,2024-09-20,False
1798,Cafetera,97.97,2.0,2024-02-16,Electrodomésticos,195.94,49,Email,5.2,2024-06-20,2024-07-22,False
1798,Cafetera,97.97,2.0,2024-02-16,Electrodomésticos,195.94,79,TV,7.26,2024-08-13,2024-10-11,False
1798,Cafetera,97.97,2.0,2024-02-16,Electrodomésticos,195.94,19,RRSS,5.7,2024-08-19,2024-09-15,False
2304,Auriculares,44.56,8.0,2024-02-16,Electrónica,356.48,47,Email,4.19,2024-06-02,2024-07-22,False
2304,Auriculares,44.56,8.0,2024-02-16,Electrónica,356.48,17,RRSS,6.06,2024-07-15,2024-08-15,False
2304,Auriculares,44.56,8.0,2024-02-16,Electrónica,356.48,77,TV,4.99,2024-11-11,2024-12-06,False
2595,Auriculares,81.96,2.0,2024-02-16,Electrónica,163.92,47,Email,4.19,2024-06-02,2024-07-22,False
2595,Auriculares,81.96,2.0,2024-02-16,Electrónica,163.92,17,RRSS,6.06,2024-07-15,2024-08-15,False
2595,Auriculares,81.96,2.0,2024-02-16,Electrónica,163.92,77,TV,4.99,2024-11-11,2024-12-06,False
2825,Auriculares,39.92,4.0,2024-02-16,Electrónica,159.68,47,Email,4.19,2024-06-02,2024-07-22,False
2825,Auriculares,39.92,4.0,2024-02-16,Electrónica,159.68,17,RRSS,6.06,2024-07-15,2024-08-15,False
2825,Auriculares,39.92,4.0,2024-02-16,Electrónica,159.68,77,TV,4.99,2024-11-11,2024-12-06,False
727,Elementos de cerámica,108.86,6.0,2024-02-17,Decoración,653.16,22,RRSS,5.44,2024-06-26,2024-07-15,False
727,Elementos de cerámica,108.86,6.0,2024-02-17,Decoración,653.16,82,TV,5.69,2024-09-08,2024-10-12,False
727,Elementos de cerámica,108.86,6.0,2024-02-17,Decoración,653.16,52,Email,5.74,2024-09-09,2024-09-30,False
913,Espejo decorativo,59.36,4.0,2024-02-17,Decoración,237.44,83,TV,5.24,2024-05-31,2024-07-08,False
913,Espejo decorativo,59.36,4.0,2024-02-17,Decoración,237.44,53,Email,4.9,2024-07-17,2024-08-01,False
913,Espejo decorativo,59.36,4.0,2024-02-17,Decoración,237.44,23,RRSS,4.75,2024-08-28,2024-10-17,False
1346,Secadora,64.11,4.0,2024-02-17,Electrodomésticos,256.44,3,RRSS,5.1,2024-07-24,2024-08-30,False
1346,Secadora,64.11,4.0,2024-02-17,Electrodomésticos,256.44,63,TV,5.69,2024-11-03,2024-11-28,False
1346,Secadora,64.11,4.0,2024-02-17,Electrodomésticos,256.44,33,Email,3.8,2024-12-20,2025-01-07,False
1623,Microondas,95.91,4.0,2024-02-17,Electrodomésticos,383.64,56,Email,4.94,2024-08-06,2024-08-25,False
1623,Microondas,95.91,4.0,2024-02-17,Electrodomésticos,383.64,26,RRSS,5.0,2024-09-25,2024-10-14,False
1623,Microondas,95.91,4.0,2024-02-17,Electrodomésticos,383.64,86,TV,4.25,2024-09-25,2024-11-15,False
1924,Aspiradora,38.1,9.0,2024-02-17,Electrodomésticos,342.90000000000003,40,Email,6.24,2024-06-24,2024-08-12,False
1924,Aspiradora,38.1,9.0,2024-02-17,Electrodomésticos,342.90000000000003,10,RRSS,7.16,2024-08-19,2024-09-19,False
1924,Aspiradora,38.1,9.0,2024-02-17,Electrodomésticos,342.90000000000003,70,TV,3.06,2024-12-13,2024-12-29,False
2246,Laptop,76.02,10.0,2024-02-17,Electrónica,760.1999999999999,60,Email,4.89,2024-09-28,2024-10-27,False
2246,Laptop,76.02,10.0,2024-02-17,Electrónica,760.1999999999999,30,RRSS,4.68,2024-10-23,2024-11-24,False
2246,Laptop,76.02,10.0,2024-02-17,Electrónica,760.1999999999999,90,TV,5.62,2024-11-16,2025-01-13,False
2255,Auriculares,72.37,8.0,2024-02-17,Electrónica,578.96,47,Email,4.19,2024-06-02,2024-07-22,False
2255,Auriculares,72.37,8.0,2024-02-17,Electrónica,578.96,17,RRSS,6.06,2024-07-15,2024-08-15,False
2255,Auriculares,72.37,8.0,2024-02-17,Electrónica,578.96,77,TV,4.99,2024-11-11,2024-12-06,False
2345,Auriculares,61.61,4.0,2024-02-17,Electrónica,246.44,47,Email,4.19,2024-06-02,2024-07-22,False
2345,Auriculares,61.61,4.0,2024-02-17,Electrónica,246.44,17,RRSS,6.06,2024-07-15,2024-08-15,False
2345,Auriculares,61.61,4.0,2024-02-17,Electrónica,246.44,77,TV,4.99,2024-11-11,2024-12-06,False
275,Alfombra,36.14,8.0,2024-02-18,Decoración,289.12,58,Email,4.25,2024-03-31,2024-05-05,False
275,Alfombra,36.14,8.0,2024-02-18,Decoración,289.12,88,TV,7.39,2024-07-25,2024-08-31,False
275,Alfombra,36.14,8.0,2024-02-18,Decoración,289.12,28,RRSS,5.82,2024-11-27,2025-01-08,False
276,Cortinas,98.73,10.0,2024-02-18,Decoración,987.3000000000001,43,Email,5.67,2024-05-02,2024-06-17,False
276,Cortinas,98.73,10.0,2024-02-18,Decoración,987.3000000000001,73,TV,6.47,2024-08-17,2024-09-26,False
276,Cortinas,98.73,10.0,2024-02-18,Decoración,987.3000000000001,13,RRSS,5.22,2024-09-16,2024-10-15,False
436,Cortinas,76.78,7.0,2024-02-18,Decoración,537.46,43,Email,5.67,2024-05-02,2024-06-17,False
436,Cortinas,76.78,7.0,2024-02-18,Decoración,537.46,73,TV,6.47,2024-08-17,2024-09-26,False
436,Cortinas,76.78,7.0,2024-02-18,Decoración,537.46,13,RRSS,5.22,2024-09-16,2024-10-15,False
492,Cuadro decorativo,120.22,5.0,2024-02-18,Decoración,601.1,1,RRSS,5.27,2024-04-27,2024-06-04,False
492,Cuadro decorativo,120.22,5.0,2024-02-18,Decoración,601.1,31,Email,5.28,2024-08-15,2024-09-12,False
492,Cuadro decorativo,120.22,5.0,2024-02-18,Decoración,601.1,61,TV,5.3,2024-11-05,2024-12-23,False
658,Rincón de plantas,96.23,8.0,2024-02-18,Decoración,769.84,38,Email,5.76,2024-06-14,2024-07-15,False
658,Rincón de plantas,96.23,8.0,2024-02-18,Decoración,769.84,8,RRSS,4.88,2024-08-03,2024-08-18,False
658,Rincón de plantas,96.23,8.0,2024-02-18,Decoración,769.84,68,TV,5.81,2024-12-17,2025-02-14,False
694,Jarrón decorativo,96.35,10.0,2024-02-18,Decoración,963.5,15,RRSS,4.65,2024-05-09,2024-06-13,False
694,Jarrón decorativo,96.35,10.0,2024-02-18,Decoración,963.5,45,Email,4.52,2024-06-05,2024-07-31,False
694,Jarrón decorativo,96.35,10.0,2024-02-18,Decoración,963.5,75,TV,4.1,2024-11-03,2024-12-25,False
1081,Freidora eléctrica,95.5,4.0,2024-02-18,Electrodomésticos,382.0,71,TV,4.37,2024-06-05,2024-07-24,False
1081,Freidora eléctrica,95.5,4.0,2024-02-18,Electrodomésticos,382.0,41,Email,3.92,2024-11-23,2025-01-01,False
1081,Freidora eléctrica,95.5,4.0,2024-02-18,Electrodomésticos,382.0,11,RRSS,5.27,2024-12-29,2025-01-21,False
1115,Lavadora,96.75,3.0,2024-02-18,Electrodomésticos,290.25,46,Email,3.63,2024-05-12,2024-05-29,False
1115,Lavadora,96.75,3.0,2024-02-18,Electrodomésticos,290.25,76,TV,4.66,2024-05-26,2024-07-02,False
1115,Lavadora,96.75,3.0,2024-02-18,Electrodomésticos,290.25,16,RRSS,3.56,2024-08-14,2024-09-20,False
1510,Plancha de vapor,79.95,10.0,2024-02-18,Electrodomésticos,799.5,36,Email,5.41,2024-04-02,2024-06-01,False
1510,Plancha de vapor,79.95,10.0,2024-02-18,Electrodomésticos,799.5,6,RRSS,4.02,2024-09-24,2024-11-02,False
1510,Plancha de vapor,79.95,10.0,2024-02-18,Electrodomésticos,799.5,66,TV,4.69,2024-10-04,2024-10-23,False
2136,Laptop,61.22,2.0,2024-02-18,Electrónica,122.44,60,Email,4.89,2024-09-28,2024-10-27,False
2136,Laptop,61.22,2.0,2024-02-18,Electrónica,122.44,30,RRSS,4.68,2024-10-23,2024-11-24,False
2136,Laptop,61.22,2.0,2024-02-18,Electrónica,122.44,90,TV,5.62,2024-11-16,2025-01-13,False
2302,Televisor,69.69,5.0,2024-02-18,Electrónica,348.45,29,RRSS,3.96,2024-05-17,2024-06-28,False
2302,Televisor,69.69,5.0,2024-02-18,Electrónica,348.45,59,Email,4.19,2024-11-20,2025-01-19,False
2302,Televisor,69.69,5.0,2024-02-18,Electrónica,348.45,89,TV,4.98,2024-12-13,2025-02-08,False
2837,Cámara digital,63.35,1.0,2024-02-18,Electrónica,63.35,18,RRSS,5.46,2024-07-16,2024-09-13,False
2837,Cámara digital,63.35,1.0,2024-02-18,Electrónica,63.35,78,TV,4.1,2024-08-02,2024-09-20,False
2837,Cámara digital,63.35,1.0,2024-02-18,Electrónica,63.35,48,Email,6.84,2024-10-31,2024-12-09,False
83,Espejo decorativo,101.38,6.0,2024-02-19,Decoración,608.28,83,TV,5.24,2024-05-31,2024-07-08,False
83,Espejo decorativo,101.38,6.0,2024-02-19,Decoración,608.28,53,Email,4.9,2024-07-17,2024-08-01,False
83,Espejo decorativo,101.38,6.0,2024-02-19,Decoración,608.28,23,RRSS,4.75,2024-08-28,2024-10-17,False
252,Cuadro decorativo,110.99,8.0,2024-02-19,Decoración,887.92,1,RRSS,5.27,2024-04-27,2024-06-04,False
252,Cuadro decorativo,110.99,8.0,2024-02-19,Decoración,887.92,31,Email,5.28,2024-08-15,2024-09-12,False
252,Cuadro decorativo,110.99,8.0,2024-02-19,Decoración,887.92,61,TV,5.3,2024-11-05,2024-12-23,False
428,Rincón de plantas,74.58,11.0,2024-02-19,Decoración,820.38,38,Email,5.76,2024-06-14,2024-07-15,False
428,Rincón de plantas,74.58,11.0,2024-02-19,Decoración,820.38,8,RRSS,4.88,2024-08-03,2024-08-18,False
428,Rincón de plantas,74.58,11.0,2024-02-19,Decoración,820.38,68,TV,5.81,2024-12-17,2025-02-14,False
728,Rincón de plantas,58.34,2.0,2024-02-19,Decoración,116.68,38,Email,5.76,2024-06-14,2024-07-15,False
728,Rincón de plantas,58.34,2.0,2024-02-19,Decoración,116.68,8,RRSS,4.88,2024-08-03,2024-08-18,False
728,Rincón de plantas,58.34,2.0,2024-02-19,Decoración,116.68,68,TV,5.81,2024-12-17,2025-02-14,False
878,Rincón de plantas,29.09,12.0,2024-02-19,Decoración,349.08,38,Email,5.76,2024-06-14,2024-07-15,False
878,Rincón de plantas,29.09,12.0,2024-02-19,Decoración,349.08,8,RRSS,4.88,2024-08-03,2024-08-18,False
878,Rincón de plantas,29.09,12.0,2024-02-19,Decoración,349.08,68,TV,5.81,2024-12-17,2025-02-14,False
52,Cuadro decorativo,52.23,10.0,2024-02-20,Decoración,522.3,1,RRSS,5.27,2024-04-27,2024-06-04,False
52,Cuadro decorativo,52.23,10.0,2024-02-20,Decoración,522.3,31,Email,5.28,2024-08-15,2024-09-12,False
52,Cuadro decorativo,52.23,10.0,2024-02-20,Decoración,522.3,61,TV,5.3,2024-11-05,2024-12-23,False
387,Elementos de cerámica,76.94,12.0,2024-02-20,Decoración,923.28,22,RRSS,5.44,2024-06-26,2024-07-15,False
387,Elementos de cerámica,76.94,12.0,2024-02-20,Decoración,923.28,82,TV,5.69,2024-09-08,2024-10-12,False
387,Elementos de cerámica,76.94,12.0,2024-02-20,Decoración,923.28,52,Email,5.74,2024-09-09,2024-09-30,False
722,Cuadro decorativo,84.63,5.0,2024-02-20,Decoración,423.15,1,RRSS,5.27,2024-04-27,2024-06-04,False
722,Cuadro decorativo,84.63,5.0,2024-02-20,Decoración,423.15,31,Email,5.28,2024-08-15,2024-09-12,False
722,Cuadro decorativo,84.63,5.0,2024-02-20,Decoración,423.15,61,TV,5.3,2024-11-05,2024-12-23,False
1409,Batidora,79.1,4.0,2024-02-20,Electrodomésticos,316.4,57,Email,4.48,2024-04-10,2024-06-08,False
1409,Batidora,79.1,4.0,2024-02-20,Electrodomésticos,316.4,87,TV,6.28,2024-08-27,2024-10-11,False
1409,Batidora,79.1,4.0,2024-02-20,Electrodomésticos,316.4,27,RRSS,4.52,2024-11-01,2024-12-08,False
1568,Cafetera,99.1,10.0,2024-02-20,Electrodomésticos,991.0,49,Email,5.2,2024-06-20,2024-07-22,False
1568,Cafetera,99.1,10.0,2024-02-20,Electrodomésticos,991.0,79,TV,7.26,2024-08-13,2024-10-11,False
1568,Cafetera,99.1,10.0,2024-02-20,Electrodomésticos,991.0,19,RRSS,5.7,2024-08-19,2024-09-15,False
1788,Cafetera,45.67,4.0,2024-02-20,Electrodomésticos,182.68,49,Email,5.2,2024-06-20,2024-07-22,False
1788,Cafetera,45.67,4.0,2024-02-20,Electrodomésticos,182.68,79,TV,7.26,2024-08-13,2024-10-11,False
1788,Cafetera,45.67,4.0,2024-02-20,Electrodomésticos,182.68,19,RRSS,5.7,2024-08-19,2024-09-15,False
2077,Cámara digital,28.16,4.0,2024-02-20,Electrónica,112.64,18,RRSS,5.46,2024-07-16,2024-09-13,False
2077,Cámara digital,28.16,4.0,2024-02-20,Electrónica,112.64,78,TV,4.1,2024-08-02,2024-09-20,False
2077,Cámara digital,28.16,4.0,2024-02-20,Electrónica,112.64,48,Email,6.84,2024-10-31,2024-12-09,False
2706,Laptop,51.15,2.0,2024-02-20,Electrónica,102.3,60,Email,4.89,2024-09-28,2024-10-27,False
2706,Laptop,51.15,2.0,2024-02-20,Electrónica,102.3,30,RRSS,4.68,2024-10-23,2024-11-24,False
2706,Laptop,51.15,2.0,2024-02-20,Electrónica,102.3,90,TV,5.62,2024-11-16,2025-01-13,False
2900,Consola de videojuegos,63.26,2.0,2024-02-20,Electrónica,126.52,50,Email,4.97,2024-05-03,2024-05-28,False
2900,Consola de videojuegos,63.26,2.0,2024-02-20,Electrónica,126.52,20,RRSS,3.16,2024-07-15,2024-08-03,False
2900,Consola de videojuegos,63.26,2.0,2024-02-20,Electrónica,126.52,80,TV,4.64,2024-11-01,2024-11-20,False
2992,Smartphone,116.25,8.0,2024-02-20,Electrónica,930.0,21,RRSS,6.37,2024-03-29,2024-05-16,False
2992,Smartphone,116.25,8.0,2024-02-20,Electrónica,930.0,51,Email,4.65,2024-05-28,2024-06-15,False
2992,Smartphone,116.25,8.0,2024-02-20,Electrónica,930.0,81,TV,4.78,2024-09-28,2024-10-24,False
288,Rincón de plantas,59.16,11.0,2024-02-21,Decoración,650.76,38,Email,5.76,2024-06-14,2024-07-15,False
288,Rincón de plantas,59.16,11.0,2024-02-21,Decoración,650.76,8,RRSS,4.88,2024-08-03,2024-08-18,False
288,Rincón de plantas,59.16,11.0,2024-02-21,Decoración,650.76,68,TV,5.81,2024-12-17,2025-02-14,False
408,Rincón de plantas,63.23,7.0,2024-02-21,Decoración,442.60999999999996,38,Email,5.76,2024-06-14,2024-07-15,False
408,Rincón de plantas,63.23,7.0,2024-02-21,Decoración,442.60999999999996,8,RRSS,4.88,2024-08-03,2024-08-18,False
408,Rincón de plantas,63.23,7.0,2024-02-21,Decoración,442.60999999999996,68,TV,5.81,2024-12-17,2025-02-14,False
720,Adorno de pared,90.05,1.0,2024-02-21,Decoración,90.05,74,TV,4.81,2024-03-20,2024-05-03,False
720,Adorno de pared,90.05,1.0,2024-02-21,Decoración,90.05,44,Email,5.08,2024-04-13,2024-05-10,False
720,Adorno de pared,90.05,1.0,2024-02-21,Decoración,90.05,14,RRSS,4.16,2024-10-22,2024-12-21,False
1031,Freidora eléctrica,117.97,6.0,2024-02-21,Electrodomésticos,707.8199999999999,71,TV,4.37,2024-06-05,2024-07-24,False
1031,Freidora eléctrica,117.97,6.0,2024-02-21,Electrodomésticos,707.8199999999999,41,Email,3.92,2024-11-23,2025-01-01,False
1031,Freidora eléctrica,117.97,6.0,2024-02-21,Electrodomésticos,707.8199999999999,11,RRSS,5.27,2024-12-29,2025-01-21,False
1186,Secadora,80.16,9.0,2024-02-21,Electrodomésticos,721.4399999999999,3,RRSS,5.1,2024-07-24,2024-08-30,False
1186,Secadora,80.16,9.0,2024-02-21,Electrodomésticos,721.4399999999999,63,TV,5.69,2024-11-03,2024-11-28,False
1186,Secadora,80.16,9.0,2024-02-21,Electrodomésticos,721.4399999999999,33,Email,3.8,2024-12-20,2025-01-07,False
1453,Microondas,60.46,5.0,2024-02-21,Electrodomésticos,302.3,56,Email,4.94,2024-08-06,2024-08-25,False
1453,Microondas,60.46,5.0,2024-02-21,Electrodomésticos,302.3,26,RRSS,5.0,2024-09-25,2024-10-14,False
1453,Microondas,60.46,5.0,2024-02-21,Electrodomésticos,302.3,86,TV,4.25,2024-09-25,2024-11-15,False
1660,Plancha de vapor,35.94,12.0,2024-02-21,Electrodomésticos,431.28,36,Email,5.41,2024-04-02,2024-06-01,False
1660,Plancha de vapor,35.94,12.0,2024-02-21,Electrodomésticos,431.28,6,RRSS,4.02,2024-09-24,2024-11-02,False
1660,Plancha de vapor,35.94,12.0,2024-02-21,Electrodomésticos,431.28,66,TV,4.69,2024-10-04,2024-10-23,False
1700,Plancha de vapor,75.08,6.0,2024-02-21,Electrodomésticos,450.48,36,Email,5.41,2024-04-02,2024-06-01,False
1700,Plancha de vapor,75.08,6.0,2024-02-21,Electrodomésticos,450.48,6,RRSS,4.02,2024-09-24,2024-11-02,False
1700,Plancha de vapor,75.08,6.0,2024-02-21,Electrodomésticos,450.48,66,TV,4.69,2024-10-04,2024-10-23,False
1820,Plancha de vapor,45.5,12.0,2024-02-21,Electrodomésticos,546.0,36,Email,5.41,2024-04-02,2024-06-01,False
1820,Plancha de vapor,45.5,12.0,2024-02-21,Electrodomésticos,546.0,6,RRSS,4.02,2024-09-24,2024-11-02,False
1820,Plancha de vapor,45.5,12.0,2024-02-21,Electrodomésticos,546.0,66,TV,4.69,2024-10-04,2024-10-23,False
2083,Smartphone,32.6,8.0,2024-02-21,Electrónica,260.8,21,RRSS,6.37,2024-03-29,2024-05-16,False
2083,Smartphone,32.6,8.0,2024-02-21,Electrónica,260.8,51,Email,4.65,2024-05-28,2024-06-15,False
2083,Smartphone,32.6,8.0,2024-02-21,Electrónica,260.8,81,TV,4.78,2024-09-28,2024-10-24,False
2742,Televisor,49.01,3.0,2024-02-21,Electrónica,147.03,29,RRSS,3.96,2024-05-17,2024-06-28,False
2742,Televisor,49.01,3.0,2024-02-21,Electrónica,147.03,59,Email,4.19,2024-11-20,2025-01-19,False
2742,Televisor,49.01,3.0,2024-02-21,Electrónica,147.03,89,TV,4.98,2024-12-13,2025-02-08,False
2903,Smartphone,53.67,6.0,2024-02-21,Electrónica,322.02,21,RRSS,6.37,2024-03-29,2024-05-16,False
2903,Smartphone,53.67,6.0,2024-02-21,Electrónica,322.02,51,Email,4.65,2024-05-28,2024-06-15,False
2903,Smartphone,53.67,6.0,2024-02-21,Electrónica,322.02,81,TV,4.78,2024-09-28,2024-10-24,False
707,Elementos de cerámica,63.79,1.0,2024-02-22,Decoración,63.79,22,RRSS,5.44,2024-06-26,2024-07-15,False
707,Elementos de cerámica,63.79,1.0,2024-02-22,Decoración,63.79,82,TV,5.69,2024-09-08,2024-10-12,False
707,Elementos de cerámica,63.79,1.0,2024-02-22,Decoración,63.79,52,Email,5.74,2024-09-09,2024-09-30,False
888,Rincón de plantas,36.28,12.0,2024-02-22,Decoración,435.36,38,Email,5.76,2024-06-14,2024-07-15,False
888,Rincón de plantas,36.28,12.0,2024-02-22,Decoración,435.36,8,RRSS,4.88,2024-08-03,2024-08-18,False
888,Rincón de plantas,36.28,12.0,2024-02-22,Decoración,435.36,68,TV,5.81,2024-12-17,2025-02-14,False
891,Lámpara de mesa,44.78,4.0,2024-02-22,Decoración,179.12,32,Email,5.54,2024-03-28,2024-04-20,False
891,Lámpara de mesa,44.78,4.0,2024-02-22,Decoración,179.12,2,RRSS,5.88,2024-05-30,2024-06-29,False
891,Lámpara de mesa,44.78,4.0,2024-02-22,Decoración,179.12,62,TV,4.51,2024-08-26,2024-10-07,False
928,Rincón de plantas,111.8,5.0,2024-02-22,Decoración,559.0,38,Email,5.76,2024-06-14,2024-07-15,False
928,Rincón de plantas,111.8,5.0,2024-02-22,Decoración,559.0,8,RRSS,4.88,2024-08-03,2024-08-18,False
928,Rincón de plantas,111.8,5.0,2024-02-22,Decoración,559.0,68,TV,5.81,2024-12-17,2025-02-14,False
1508,Cafetera,124.68,1.0,2024-02-22,Electrodomésticos,124.68,49,Email,5.2,2024-06-20,2024-07-22,False
1508,Cafetera,124.68,1.0,2024-02-22,Electrodomésticos,124.68,79,TV,7.26,2024-08-13,2024-10-11,False
1508,Cafetera,124.68,1.0,2024-02-22,Electrodomésticos,124.68,19,RRSS,5.7,2024-08-19,2024-09-15,False
1582,Cafetera,53.82,7.0,2024-02-22,Electrodomésticos,376.74,49,Email,5.2,2024-06-20,2024-07-22,False
1582,Cafetera,53.82,7.0,2024-02-22,Electrodomésticos,376.74,79,TV,7.26,2024-08-13,2024-10-11,False
1582,Cafetera,53.82,7.0,2024-02-22,Electrodomésticos,376.74,19,RRSS,5.7,2024-08-19,2024-09-15,False
2056,Laptop,99.0,11.0,2024-02-22,Electrónica,1089.0,60,Email,4.89,2024-09-28,2024-10-27,False
2056,Laptop,99.0,11.0,2024-02-22,Electrónica,1089.0,30,RRSS,4.68,2024-10-23,2024-11-24,False
2056,Laptop,99.0,11.0,2024-02-22,Electrónica,1089.0,90,TV,5.62,2024-11-16,2025-01-13,False
2883,Smartphone,59.99,12.0,2024-02-22,Electrónica,719.88,21,RRSS,6.37,2024-03-29,2024-05-16,False
2883,Smartphone,59.99,12.0,2024-02-22,Electrónica,719.88,51,Email,4.65,2024-05-28,2024-06-15,False
2883,Smartphone,59.99,12.0,2024-02-22,Electrónica,719.88,81,TV,4.78,2024-09-28,2024-10-24,False
86,Cortinas,36.75,12.0,2024-02-23,Decoración,441.0,43,Email,5.67,2024-05-02,2024-06-17,False
86,Cortinas,36.75,12.0,2024-02-23,Decoración,441.0,73,TV,6.47,2024-08-17,2024-09-26,False
86,Cortinas,36.75,12.0,2024-02-23,Decoración,441.0,13,RRSS,5.22,2024-09-16,2024-10-15,False
92,Cuadro decorativo,35.48,3.0,2024-02-23,Decoración,106.44,1,RRSS,5.27,2024-04-27,2024-06-04,False
92,Cuadro decorativo,35.48,3.0,2024-02-23,Decoración,106.44,31,Email,5.28,2024-08-15,2024-09-12,False
92,Cuadro decorativo,35.48,3.0,2024-02-23,Decoración,106.44,61,TV,5.3,2024-11-05,2024-12-23,False
199,Lámpara de mesa,31.24,1.0,2024-02-23,Decoración,31.24,32,Email,5.54,2024-03-28,2024-04-20,False
199,Lámpara de mesa,31.24,1.0,2024-02-23,Decoración,31.24,2,RRSS,5.88,2024-05-30,2024-06-29,False
199,Lámpara de mesa,31.24,1.0,2024-02-23,Decoración,31.24,62,TV,4.51,2024-08-26,2024-10-07,False
269,Lámpara de mesa,66.48,1.0,2024-02-23,Decoración,66.48,32,Email,5.54,2024-03-28,2024-04-20,False
269,Lámpara de mesa,66.48,1.0,2024-02-23,Decoración,66.48,2,RRSS,5.88,2024-05-30,2024-06-29,False
269,Lámpara de mesa,66.48,1.0,2024-02-23,Decoración,66.48,62,TV,4.51,2024-08-26,2024-10-07,False
752,Cuadro decorativo,110.51,11.0,2024-02-23,Decoración,1215.6100000000001,1,RRSS,5.27,2024-04-27,2024-06-04,False
752,Cuadro decorativo,110.51,11.0,2024-02-23,Decoración,1215.6100000000001,31,Email,5.28,2024-08-15,2024-09-12,False
752,Cuadro decorativo,110.51,11.0,2024-02-23,Decoración,1215.6100000000001,61,TV,5.3,2024-11-05,2024-12-23,False
1323,Microondas,52.26,8.0,2024-02-23,Electrodomésticos,418.08,56,Email,4.94,2024-08-06,2024-08-25,False
1323,Microondas,52.26,8.0,2024-02-23,Electrodomésticos,418.08,26,RRSS,5.0,2024-09-25,2024-10-14,False
1323,Microondas,52.26,8.0,2024-02-23,Electrodomésticos,418.08,86,TV,4.25,2024-09-25,2024-11-15,False
2419,Proyector,52.52,3.0,2024-02-23,Electrónica,157.56,67,TV,3.68,2024-05-22,2024-07-12,False
2419,Proyector,52.52,3.0,2024-02-23,Electrónica,157.56,37,Email,3.22,2024-07-06,2024-07-26,False
2419,Proyector,52.52,3.0,2024-02-23,Electrónica,157.56,7,RRSS,5.57,2024-07-30,2024-08-16,False
2503,Smartphone,32.58,9.0,2024-02-23,Electrónica,293.21999999999997,21,RRSS,6.37,2024-03-29,2024-05-16,False
2503,Smartphone,32.58,9.0,2024-02-23,Electrónica,293.21999999999997,51,Email,4.65,2024-05-28,2024-06-15,False
2503,Smartphone,32.58,9.0,2024-02-23,Electrónica,293.21999999999997,81,TV,4.78,2024-09-28,2024-10-24,False
2541,Parlantes Bluetooth,26.71,12.0,2024-02-23,Electrónica,320.52,84,TV,4.42,2024-04-17,2024-05-05,False
2541,Parlantes Bluetooth,26.71,12.0,2024-02-23,Electrónica,320.52,54,Email,2.95,2024-08-09,2024-09-22,False
2541,Parlantes Bluetooth,26.71,12.0,2024-02-23,Electrónica,320.52,24,RRSS,6.0,2024-09-22,2024-10-26,False
2587,Cámara digital,61.4,7.0,2024-02-23,Electrónica,429.8,18,RRSS,5.46,2024-07-16,2024-09-13,False
2587,Cámara digital,61.4,7.0,2024-02-23,Electrónica,429.8,78,TV,4.1,2024-08-02,2024-09-20,False
2587,Cámara digital,61.4,7.0,2024-02-23,Electrónica,429.8,48,Email,6.84,2024-10-31,2024-12-09,False
365,Alfombra,58.82,9.0,2024-02-24,Decoración,529.38,58,Email,4.25,2024-03-31,2024-05-05,False
365,Alfombra,58.82,9.0,2024-02-24,Decoración,529.38,88,TV,7.39,2024-07-25,2024-08-31,False
365,Alfombra,58.82,9.0,2024-02-24,Decoración,529.38,28,RRSS,5.82,2024-11-27,2025-01-08,False
577,Elementos de cerámica,60.17,7.0,2024-02-24,Decoración,421.19,22,RRSS,5.44,2024-06-26,2024-07-15,False
577,Elementos de cerámica,60.17,7.0,2024-02-24,Decoración,421.19,82,TV,5.69,2024-09-08,2024-10-12,False
577,Elementos de cerámica,60.17,7.0,2024-02-24,Decoración,421.19,52,Email,5.74,2024-09-09,2024-09-30,False
929,Lámpara de mesa,48.58,11.0,2024-02-24,Decoración,534.38,32,Email,5.54,2024-03-28,2024-04-20,False
929,Lámpara de mesa,48.58,11.0,2024-02-24,Decoración,534.38,2,RRSS,5.88,2024-05-30,2024-06-29,False
929,Lámpara de mesa,48.58,11.0,2024-02-24,Decoración,534.38,62,TV,4.51,2024-08-26,2024-10-07,False
930,Adorno de pared,75.13,6.0,2024-02-24,Decoración,450.78,74,TV,4.81,2024-03-20,2024-05-03,False
930,Adorno de pared,75.13,6.0,2024-02-24,Decoración,450.78,44,Email,5.08,2024-04-13,2024-05-10,False
930,Adorno de pared,75.13,6.0,2024-02-24,Decoración,450.78,14,RRSS,4.16,2024-10-22,2024-12-21,False
1182,Cafetera,113.84,2.0,2024-02-24,Electrodomésticos,227.68,49,Email,5.2,2024-06-20,2024-07-22,False
1182,Cafetera,113.84,2.0,2024-02-24,Electrodomésticos,227.68,79,TV,7.26,2024-08-13,2024-10-11,False
1182,Cafetera,113.84,2.0,2024-02-24,Electrodomésticos,227.68,19,RRSS,5.7,2024-08-19,2024-09-15,False
1558,Cafetera,68.89,6.0,2024-02-24,Electrodomésticos,413.34000000000003,49,Email,5.2,2024-06-20,2024-07-22,False
1558,Cafetera,68.89,6.0,2024-02-24,Electrodomésticos,413.34000000000003,79,TV,7.26,2024-08-13,2024-10-11,False
1558,Cafetera,68.89,6.0,2024-02-24,Electrodomésticos,413.34000000000003,19,RRSS,5.7,2024-08-19,2024-09-15,False
1817,Horno eléctrico,31.5,4.0,2024-02-24,Electrodomésticos,126.0,35,Email,5.65,2024-07-31,2024-09-29,False
1817,Horno eléctrico,31.5,4.0,2024-02-24,Electrodomésticos,126.0,5,RRSS,5.16,2024-08-22,2024-10-17,False
1817,Horno eléctrico,31.5,4.0,2024-02-24,Electrodomésticos,126.0,65,TV,3.08,2024-10-23,2024-12-11,False
2058,SmartWatch,35.41,3.0,2024-02-24,Electrónica,106.22999999999999,85,TV,5.07,2024-04-01,2024-05-05,False
2058,SmartWatch,35.41,3.0,2024-02-24,Electrónica,106.22999999999999,55,Email,4.59,2024-10-13,2024-12-06,False
2058,SmartWatch,35.41,3.0,2024-02-24,Electrónica,106.22999999999999,25,RRSS,4.84,2024-11-23,2024-12-29,False
2768,SmartWatch,29.39,11.0,2024-02-24,Electrónica,323.29,85,TV,5.07,2024-04-01,2024-05-05,False
2768,SmartWatch,29.39,11.0,2024-02-24,Electrónica,323.29,55,Email,4.59,2024-10-13,2024-12-06,False
2768,SmartWatch,29.39,11.0,2024-02-24,Electrónica,323.29,25,RRSS,4.84,2024-11-23,2024-12-29,False
2816,Laptop,29.49,8.0,2024-02-24,Electrónica,235.92,60,Email,4.89,2024-09-28,2024-10-27,False
2816,Laptop,29.49,8.0,2024-02-24,Electrónica,235.92,30,RRSS,4.68,2024-10-23,2024-11-24,False
2816,Laptop,29.49,8.0,2024-02-24,Electrónica,235.92,90,TV,5.62,2024-11-16,2025-01-13,False
2943,Smartphone,28.64,2.0,2024-02-24,Electrónica,57.28,21,RRSS,6.37,2024-03-29,2024-05-16,False
2943,Smartphone,28.64,2.0,2024-02-24,Electrónica,57.28,51,Email,4.65,2024-05-28,2024-06-15,False
2943,Smartphone,28.64,2.0,2024-02-24,Electrónica,57.28,81,TV,4.78,2024-09-28,2024-10-24,False
1703,Microondas,91.81,9.0,2024-02-25,Electrodomésticos,826.29,56,Email,4.94,2024-08-06,2024-08-25,False
1703,Microondas,91.81,9.0,2024-02-25,Electrodomésticos,826.29,26,RRSS,5.0,2024-09-25,2024-10-14,False
1703,Microondas,91.81,9.0,2024-02-25,Electrodomésticos,826.29,86,TV,4.25,2024-09-25,2024-11-15,False
1852,Cafetera,76.0,7.0,2024-02-25,Electrodomésticos,532.0,49,Email,5.2,2024-06-20,2024-07-22,False
1852,Cafetera,76.0,7.0,2024-02-25,Electrodomésticos,532.0,79,TV,7.26,2024-08-13,2024-10-11,False
1852,Cafetera,76.0,7.0,2024-02-25,Electrodomésticos,532.0,19,RRSS,5.7,2024-08-19,2024-09-15,False
2175,Auriculares,117.03,6.0,2024-02-25,Electrónica,702.1800000000001,47,Email,4.19,2024-06-02,2024-07-22,False
2175,Auriculares,117.03,6.0,2024-02-25,Electrónica,702.1800000000001,17,RRSS,6.06,2024-07-15,2024-08-15,False
2175,Auriculares,117.03,6.0,2024-02-25,Electrónica,702.1800000000001,77,TV,4.99,2024-11-11,2024-12-06,False
2232,Televisor,70.17,7.0,2024-02-25,Electrónica,491.19,29,RRSS,3.96,2024-05-17,2024-06-28,False
2232,Televisor,70.17,7.0,2024-02-25,Electrónica,491.19,59,Email,4.19,2024-11-20,2025-01-19,False
2232,Televisor,70.17,7.0,2024-02-25,Electrónica,491.19,89,TV,4.98,2024-12-13,2025-02-08,False
2269,Proyector,74.59,4.0,2024-02-25,Electrónica,298.36,67,TV,3.68,2024-05-22,2024-07-12,False
2269,Proyector,74.59,4.0,2024-02-25,Electrónica,298.36,37,Email,3.22,2024-07-06,2024-07-26,False
2269,Proyector,74.59,4.0,2024-02-25,Electrónica,298.36,7,RRSS,5.57,2024-07-30,2024-08-16,False
2398,SmartWatch,47.21,1.0,2024-02-25,Electrónica,47.21,85,TV,5.07,2024-04-01,2024-05-05,False
2398,SmartWatch,47.21,1.0,2024-02-25,Electrónica,47.21,55,Email,4.59,2024-10-13,2024-12-06,False
2398,SmartWatch,47.21,1.0,2024-02-25,Electrónica,47.21,25,RRSS,4.84,2024-11-23,2024-12-29,False
332,Cuadro decorativo,124.2,10.0,2024-02-26,Decoración,1242.0,1,RRSS,5.27,2024-04-27,2024-06-04,False
332,Cuadro decorativo,124.2,10.0,2024-02-26,Decoración,1242.0,31,Email,5.28,2024-08-15,2024-09-12,False
332,Cuadro decorativo,124.2,10.0,2024-02-26,Decoración,1242.0,61,TV,5.3,2024-11-05,2024-12-23,False
581,Lámpara de mesa,106.58,3.0,2024-02-26,Decoración,319.74,32,Email,5.54,2024-03-28,2024-04-20,False
581,Lámpara de mesa,106.58,3.0,2024-02-26,Decoración,319.74,2,RRSS,5.88,2024-05-30,2024-06-29,False
581,Lámpara de mesa,106.58,3.0,2024-02-26,Decoración,319.74,62,TV,4.51,2024-08-26,2024-10-07,False
697,Elementos de cerámica,67.37,2.0,2024-02-26,Decoración,134.74,22,RRSS,5.44,2024-06-26,2024-07-15,False
697,Elementos de cerámica,67.37,2.0,2024-02-26,Decoración,134.74,82,TV,5.69,2024-09-08,2024-10-12,False
697,Elementos de cerámica,67.37,2.0,2024-02-26,Decoración,134.74,52,Email,5.74,2024-09-09,2024-09-30,False
1740,Plancha de vapor,45.37,6.0,2024-02-26,Electrodomésticos,272.21999999999997,36,Email,5.41,2024-04-02,2024-06-01,False
1740,Plancha de vapor,45.37,6.0,2024-02-26,Electrodomésticos,272.21999999999997,6,RRSS,4.02,2024-09-24,2024-11-02,False
1740,Plancha de vapor,45.37,6.0,2024-02-26,Electrodomésticos,272.21999999999997,66,TV,4.69,2024-10-04,2024-10-23,False
2319,Proyector,65.89,4.0,2024-02-26,Electrónica,263.56,67,TV,3.68,2024-05-22,2024-07-12,False
2319,Proyector,65.89,4.0,2024-02-26,Electrónica,263.56,37,Email,3.22,2024-07-06,2024-07-26,False
2319,Proyector,65.89,4.0,2024-02-26,Electrónica,263.56,7,RRSS,5.57,2024-07-30,2024-08-16,False
2551,Parlantes Bluetooth,62.77,6.0,2024-02-26,Electrónica,376.62,84,TV,4.42,2024-04-17,2024-05-05,False
2551,Parlantes Bluetooth,62.77,6.0,2024-02-26,Electrónica,376.62,54,Email,2.95,2024-08-09,2024-09-22,False
2551,Parlantes Bluetooth,62.77,6.0,2024-02-26,Electrónica,376.62,24,RRSS,6.0,2024-09-22,2024-10-26,False
2,Cuadro decorativo,106.12,3.0,2024-02-27,Decoración,318.36,1,RRSS,5.27,2024-04-27,2024-06-04,False
2,Cuadro decorativo,106.12,3.0,2024-02-27,Decoración,318.36,31,Email,5.28,2024-08-15,2024-09-12,False
2,Cuadro decorativo,106.12,3.0,2024-02-27,Decoración,318.36,61,TV,5.3,2024-11-05,2024-12-23,False
171,Lámpara de mesa,62.47,6.0,2024-02-27,Decoración,374.82,32,Email,5.54,2024-03-28,2024-04-20,False
171,Lámpara de mesa,62.47,6.0,2024-02-27,Decoración,374.82,2,RRSS,5.88,2024-05-30,2024-06-29,False
171,Lámpara de mesa,62.47,6.0,2024-02-27,Decoración,374.82,62,TV,4.51,2024-08-26,2024-10-07,False
239,Lámpara de mesa,46.25,12.0,2024-02-27,Decoración,555.0,32,Email,5.54,2024-03-28,2024-04-20,False
239,Lámpara de mesa,46.25,12.0,2024-02-27,Decoración,555.0,2,RRSS,5.88,2024-05-30,2024-06-29,False
239,Lámpara de mesa,46.25,12.0,2024-02-27,Decoración,555.0,62,TV,4.51,2024-08-26,2024-10-07,False
1095,Lavadora,67.17,9.0,2024-02-27,Electrodomésticos,604.53,46,Email,3.63,2024-05-12,2024-05-29,False
1095,Lavadora,67.17,9.0,2024-02-27,Electrodomésticos,604.53,76,TV,4.66,2024-05-26,2024-07-02,False
1095,Lavadora,67.17,9.0,2024-02-27,Electrodomésticos,604.53,16,RRSS,3.56,2024-08-14,2024-09-20,False
1138,Cafetera,92.62,8.0,2024-02-27,Electrodomésticos,740.96,49,Email,5.2,2024-06-20,2024-07-22,False
1138,Cafetera,92.62,8.0,2024-02-27,Electrodomésticos,740.96,79,TV,7.26,2024-08-13,2024-10-11,False
1138,Cafetera,92.62,8.0,2024-02-27,Electrodomésticos,740.96,19,RRSS,5.7,2024-08-19,2024-09-15,False
1835,Lavadora,46.18,10.0,2024-02-27,Electrodomésticos,461.8,46,Email,3.63,2024-05-12,2024-05-29,False
1835,Lavadora,46.18,10.0,2024-02-27,Electrodomésticos,461.8,76,TV,4.66,2024-05-26,2024-07-02,False
1835,Lavadora,46.18,10.0,2024-02-27,Electrodomésticos,461.8,16,RRSS,3.56,2024-08-14,2024-09-20,False
1988,Cafetera,49.32,3.0,2024-02-27,Electrodomésticos,147.96,49,Email,5.2,2024-06-20,2024-07-22,False
1988,Cafetera,49.32,3.0,2024-02-27,Electrodomésticos,147.96,79,TV,7.26,2024-08-13,2024-10-11,False
1988,Cafetera,49.32,3.0,2024-02-27,Electrodomésticos,147.96,19,RRSS,5.7,2024-08-19,2024-09-15,False
2594,Tablet,82.71,7.0,2024-02-27,Electrónica,578.9699999999999,12,RRSS,3.4,2024-03-26,2024-05-13,False
2594,Tablet,82.71,7.0,2024-02-27,Electrónica,578.9699999999999,72,TV,4.9,2024-07-08,2024-09-03,False
2594,Tablet,82.71,7.0,2024-02-27,Electrónica,578.9699999999999,42,Email,4.42,2024-07-14,2024-09-03,False
2810,Consola de videojuegos,31.09,1.0,2024-02-27,Electrónica,31.09,50,Email,4.97,2024-05-03,2024-05-28,False
2810,Consola de videojuegos,31.09,1.0,2024-02-27,Electrónica,31.09,20,RRSS,3.16,2024-07-15,2024-08-03,False
2810,Consola de videojuegos,31.09,1.0,2024-02-27,Electrónica,31.09,80,TV,4.64,2024-11-01,2024-11-20,False
2964,Tablet,99.82,8.0,2024-02-27,Electrónica,798.56,12,RRSS,3.4,2024-03-26,2024-05-13,False
2964,Tablet,99.82,8.0,2024-02-27,Electrónica,798.56,72,TV,4.9,2024-07-08,2024-09-03,False
2964,Tablet,99.82,8.0,2024-02-27,Electrónica,798.56,42,Email,4.42,2024-07-14,2024-09-03,False
95,Alfombra,87.85,2.0,2024-02-28,Decoración,175.7,58,Email,4.25,2024-03-31,2024-05-05,False
95,Alfombra,87.85,2.0,2024-02-28,Decoración,175.7,88,TV,7.39,2024-07-25,2024-08-31,False
95,Alfombra,87.85,2.0,2024-02-28,Decoración,175.7,28,RRSS,5.82,2024-11-27,2025-01-08,False
150,Adorno de pared,27.92,5.0,2024-02-28,Decoración,139.60000000000002,74,TV,4.81,2024-03-20,2024-05-03,False
150,Adorno de pared,27.92,5.0,2024-02-28,Decoración,139.60000000000002,44,Email,5.08,2024-04-13,2024-05-10,False
150,Adorno de pared,27.92,5.0,2024-02-28,Decoración,139.60000000000002,14,RRSS,4.16,2024-10-22,2024-12-21,False
702,Cuadro decorativo,112.56,9.0,2024-02-28,Decoración,1013.04,1,RRSS,5.27,2024-04-27,2024-06-04,False
702,Cuadro decorativo,112.56,9.0,2024-02-28,Decoración,1013.04,31,Email,5.28,2024-08-15,2024-09-12,False
702,Cuadro decorativo,112.56,9.0,2024-02-28,Decoración,1013.04,61,TV,5.3,2024-11-05,2024-12-23,False
1136,Secadora,41.84,8.0,2024-02-28,Electrodomésticos,334.72,3,RRSS,5.1,2024-07-24,2024-08-30,False
1136,Secadora,41.84,8.0,2024-02-28,Electrodomésticos,334.72,63,TV,5.69,2024-11-03,2024-11-28,False
1136,Secadora,41.84,8.0,2024-02-28,Electrodomésticos,334.72,33,Email,3.8,2024-12-20,2025-01-07,False
1272,Cafetera,100.92,1.0,2024-02-28,Electrodomésticos,100.92,49,Email,5.2,2024-06-20,2024-07-22,False
1272,Cafetera,100.92,1.0,2024-02-28,Electrodomésticos,100.92,79,TV,7.26,2024-08-13,2024-10-11,False
1272,Cafetera,100.92,1.0,2024-02-28,Electrodomésticos,100.92,19,RRSS,5.7,2024-08-19,2024-09-15,False
1410,Plancha de vapor,122.77,10.0,2024-02-28,Electrodomésticos,1227.7,36,Email,5.41,2024-04-02,2024-06-01,False
1410,Plancha de vapor,122.77,10.0,2024-02-28,Electrodomésticos,1227.7,6,RRSS,4.02,2024-09-24,2024-11-02,False
1410,Plancha de vapor,122.77,10.0,2024-02-28,Electrodomésticos,1227.7,66,TV,4.69,2024-10-04,2024-10-23,False
1669,Batidora,69.74,8.0,2024-02-28,Electrodomésticos,557.92,57,Email,4.48,2024-04-10,2024-06-08,False
1669,Batidora,69.74,8.0,2024-02-28,Electrodomésticos,557.92,87,TV,6.28,2024-08-27,2024-10-11,False
1669,Batidora,69.74,8.0,2024-02-28,Electrodomésticos,557.92,27,RRSS,4.52,2024-11-01,2024-12-08,False
1793,Microondas,108.34,12.0,2024-02-28,Electrodomésticos,1300.08,56,Email,4.94,2024-08-06,2024-08-25,False
1793,Microondas,108.34,12.0,2024-02-28,Electrodomésticos,1300.08,26,RRSS,5.0,2024-09-25,2024-10-14,False
1793,Microondas,108.34,12.0,2024-02-28,Electrodomésticos,1300.08,86,TV,4.25,2024-09-25,2024-11-15,False
1839,Batidora,63.5,3.0,2024-02-28,Electrodomésticos,190.5,57,Email,4.48,2024-04-10,2024-06-08,False
1839,Batidora,63.5,3.0,2024-02-28,Electrodomésticos,190.5,87,TV,6.28,2024-08-27,2024-10-11,False
1839,Batidora,63.5,3.0,2024-02-28,Electrodomésticos,190.5,27,RRSS,4.52,2024-11-01,2024-12-08,False
2110,Consola de videojuegos,81.69,4.0,2024-02-28,Electrónica,326.76,50,Email,4.97,2024-05-03,2024-05-28,False
2110,Consola de videojuegos,81.69,4.0,2024-02-28,Electrónica,326.76,20,RRSS,3.16,2024-07-15,2024-08-03,False
2110,Consola de videojuegos,81.69,4.0,2024-02-28,Electrónica,326.76,80,TV,4.64,2024-11-01,2024-11-20,False
2695,Auriculares,104.59,9.0,2024-02-28,Electrónica,941.3100000000001,47,Email,4.19,2024-06-02,2024-07-22,False
2695,Auriculares,104.59,9.0,2024-02-28,Electrónica,941.3100000000001,17,RRSS,6.06,2024-07-15,2024-08-15,False
2695,Auriculares,104.59,9.0,2024-02-28,Electrónica,941.3100000000001,77,TV,4.99,2024-11-11,2024-12-06,False
2697,Cámara digital,117.71,2.0,2024-02-28,Electrónica,235.42,18,RRSS,5.46,2024-07-16,2024-09-13,False
2697,Cámara digital,117.71,2.0,2024-02-28,Electrónica,235.42,78,TV,4.1,2024-08-02,2024-09-20,False
2697,Cámara digital,117.71,2.0,2024-02-28,Electrónica,235.42,48,Email,6.84,2024-10-31,2024-12-09,False
79,Lámpara de mesa,119.69,10.0,2024-02-29,Decoración,1196.9,32,Email,5.54,2024-03-28,2024-04-20,False
79,Lámpara de mesa,119.69,10.0,2024-02-29,Decoración,1196.9,2,RRSS,5.88,2024-05-30,2024-06-29,False
79,Lámpara de mesa,119.69,10.0,2024-02-29,Decoración,1196.9,62,TV,4.51,2024-08-26,2024-10-07,False
734,Jarrón decorativo,108.99,6.0,2024-02-29,Decoración,653.9399999999999,15,RRSS,4.65,2024-05-09,2024-06-13,False
734,Jarrón decorativo,108.99,6.0,2024-02-29,Decoración,653.9399999999999,45,Email,4.52,2024-06-05,2024-07-31,False
734,Jarrón decorativo,108.99,6.0,2024-02-29,Decoración,653.9399999999999,75,TV,4.1,2024-11-03,2024-12-25,False
822,Cuadro decorativo,34.33,11.0,2024-02-29,Decoración,377.63,1,RRSS,5.27,2024-04-27,2024-06-04,False
822,Cuadro decorativo,34.33,11.0,2024-02-29,Decoración,377.63,31,Email,5.28,2024-08-15,2024-09-12,False
822,Cuadro decorativo,34.33,11.0,2024-02-29,Decoración,377.63,61,TV,5.3,2024-11-05,2024-12-23,False
1569,Batidora,122.02,12.0,2024-02-29,Electrodomésticos,1464.24,57,Email,4.48,2024-04-10,2024-06-08,False
1569,Batidora,122.02,12.0,2024-02-29,Electrodomésticos,1464.24,87,TV,6.28,2024-08-27,2024-10-11,False
1569,Batidora,122.02,12.0,2024-02-29,Electrodomésticos,1464.24,27,RRSS,4.52,2024-11-01,2024-12-08,False
1570,Plancha de vapor,114.48,4.0,2024-02-29,Electrodomésticos,457.92,36,Email,5.41,2024-04-02,2024-06-01,False
1570,Plancha de vapor,114.48,4.0,2024-02-29,Electrodomésticos,457.92,6,RRSS,4.02,2024-09-24,2024-11-02,False
1570,Plancha de vapor,114.48,4.0,2024-02-29,Electrodomésticos,457.92,66,TV,4.69,2024-10-04,2024-10-23,False
1984,Aspiradora,88.95,11.0,2024-02-29,Electrodomésticos,978.45,40,Email,6.24,2024-06-24,2024-08-12,False
1984,Aspiradora,88.95,11.0,2024-02-29,Electrodomésticos,978.45,10,RRSS,7.16,2024-08-19,2024-09-19,False
1984,Aspiradora,88.95,11.0,2024-02-29,Electrodomésticos,978.45,70,TV,3.06,2024-12-13,2024-12-29,False
2104,Tablet,78.87,5.0,2024-02-29,Electrónica,394.35,12,RRSS,3.4,2024-03-26,2024-05-13,False
2104,Tablet,78.87,5.0,2024-02-29,Electrónica,394.35,72,TV,4.9,2024-07-08,2024-09-03,False
2104,Tablet,78.87,5.0,2024-02-29,Electrónica,394.35,42,Email,4.42,2024-07-14,2024-09-03,False
2223,Smartphone,116.89,6.0,2024-02-29,Electrónica,701.34,21,RRSS,6.37,2024-03-29,2024-05-16,False
2223,Smartphone,116.89,6.0,2024-02-29,Electrónica,701.34,51,Email,4.65,2024-05-28,2024-06-15,False
2223,Smartphone,116.89,6.0,2024-02-29,Electrónica,701.34,81,TV,4.78,2024-09-28,2024-10-24,False
661,Lámpara de mesa,85.58,11.0,2024-03-01,Decoración,941.38,32,Email,5.54,2024-03-28,2024-04-20,False
661,Lámpara de mesa,85.58,11.0,2024-03-01,Decoración,941.38,2,RRSS,5.88,2024-05-30,2024-06-29,False
661,Lámpara de mesa,85.58,11.0,2024-03-01,Decoración,941.38,62,TV,4.51,2024-08-26,2024-10-07,False
1189,Batidora,82.18,6.0,2024-03-01,Electrodomésticos,493.08000000000004,57,Email,4.48,2024-04-10,2024-06-08,False
1189,Batidora,82.18,6.0,2024-03-01,Electrodomésticos,493.08000000000004,87,TV,6.28,2024-08-27,2024-10-11,False
1189,Batidora,82.18,6.0,2024-03-01,Electrodomésticos,493.08000000000004,27,RRSS,4.52,2024-11-01,2024-12-08,False
1263,Microondas,54.11,7.0,2024-03-01,Electrodomésticos,378.77,56,Email,4.94,2024-08-06,2024-08-25,False
1263,Microondas,54.11,7.0,2024-03-01,Electrodomésticos,378.77,26,RRSS,5.0,2024-09-25,2024-10-14,False
1263,Microondas,54.11,7.0,2024-03-01,Electrodomésticos,378.77,86,TV,4.25,2024-09-25,2024-11-15,False
2699,Proyector,66.66,6.0,2024-03-01,Electrónica,399.96,67,TV,3.68,2024-05-22,2024-07-12,False
2699,Proyector,66.66,6.0,2024-03-01,Electrónica,399.96,37,Email,3.22,2024-07-06,2024-07-26,False
2699,Proyector,66.66,6.0,2024-03-01,Electrónica,399.96,7,RRSS,5.57,2024-07-30,2024-08-16,False
337,Elementos de cerámica,92.88,10.0,2024-03-02,Decoración,928.8,22,RRSS,5.44,2024-06-26,2024-07-15,False
337,Elementos de cerámica,92.88,10.0,2024-03-02,Decoración,928.8,82,TV,5.69,2024-09-08,2024-10-12,False
337,Elementos de cerámica,92.88,10.0,2024-03-02,Decoración,928.8,52,Email,5.74,2024-09-09,2024-09-30,False
396,Cortinas,39.63,2.0,2024-03-02,Decoración,79.26,43,Email,5.67,2024-05-02,2024-06-17,False
396,Cortinas,39.63,2.0,2024-03-02,Decoración,79.26,73,TV,6.47,2024-08-17,2024-09-26,False
396,Cortinas,39.63,2.0,2024-03-02,Decoración,79.26,13,RRSS,5.22,2024-09-16,2024-10-15,False
454,Jarrón decorativo,80.34,7.0,2024-03-02,Decoración,562.38,15,RRSS,4.65,2024-05-09,2024-06-13,False
454,Jarrón decorativo,80.34,7.0,2024-03-02,Decoración,562.38,45,Email,4.52,2024-06-05,2024-07-31,False
454,Jarrón decorativo,80.34,7.0,2024-03-02,Decoración,562.38,75,TV,4.1,2024-11-03,2024-12-25,False
868,Rincón de plantas,85.49,2.0,2024-03-02,Decoración,170.98,38,Email,5.76,2024-06-14,2024-07-15,False
868,Rincón de plantas,85.49,2.0,2024-03-02,Decoración,170.98,8,RRSS,4.88,2024-08-03,2024-08-18,False
868,Rincón de plantas,85.49,2.0,2024-03-02,Decoración,170.98,68,TV,5.81,2024-12-17,2025-02-14,False
1089,Batidora,61.72,8.0,2024-03-02,Electrodomésticos,493.76,57,Email,4.48,2024-04-10,2024-06-08,False
1089,Batidora,61.72,8.0,2024-03-02,Electrodomésticos,493.76,87,TV,6.28,2024-08-27,2024-10-11,False
1089,Batidora,61.72,8.0,2024-03-02,Electrodomésticos,493.76,27,RRSS,4.52,2024-11-01,2024-12-08,False
2322,Televisor,81.31,9.0,2024-03-02,Electrónica,731.79,29,RRSS,3.96,2024-05-17,2024-06-28,False
2322,Televisor,81.31,9.0,2024-03-02,Electrónica,731.79,59,Email,4.19,2024-11-20,2025-01-19,False
2322,Televisor,81.31,9.0,2024-03-02,Electrónica,731.79,89,TV,4.98,2024-12-13,2025-02-08,False
2572,Televisor,123.48,7.0,2024-03-02,Electrónica,864.36,29,RRSS,3.96,2024-05-17,2024-06-28,False
2572,Televisor,123.48,7.0,2024-03-02,Electrónica,864.36,59,Email,4.19,2024-11-20,2025-01-19,False
2572,Televisor,123.48,7.0,2024-03-02,Electrónica,864.36,89,TV,4.98,2024-12-13,2025-02-08,False
2777,Cámara digital,31.52,8.0,2024-03-02,Electrónica,252.16,18,RRSS,5.46,2024-07-16,2024-09-13,False
2777,Cámara digital,31.52,8.0,2024-03-02,Electrónica,252.16,78,TV,4.1,2024-08-02,2024-09-20,False
2777,Cámara digital,31.52,8.0,2024-03-02,Electrónica,252.16,48,Email,6.84,2024-10-31,2024-12-09,False
8,Rincón de plantas,70.24,7.0,2024-03-03,Decoración,491.67999999999995,38,Email,5.76,2024-06-14,2024-07-15,False
8,Rincón de plantas,70.24,7.0,2024-03-03,Decoración,491.67999999999995,8,RRSS,4.88,2024-08-03,2024-08-18,False
8,Rincón de plantas,70.24,7.0,2024-03-03,Decoración,491.67999999999995,68,TV,5.81,2024-12-17,2025-02-14,False
356,Cortinas,122.97,5.0,2024-03-03,Decoración,614.85,43,Email,5.67,2024-05-02,2024-06-17,False
356,Cortinas,122.97,5.0,2024-03-03,Decoración,614.85,73,TV,6.47,2024-08-17,2024-09-26,False
356,Cortinas,122.97,5.0,2024-03-03,Decoración,614.85,13,RRSS,5.22,2024-09-16,2024-10-15,False
403,Espejo decorativo,64.37,1.0,2024-03-03,Decoración,64.37,83,TV,5.24,2024-05-31,2024-07-08,False
403,Espejo decorativo,64.37,1.0,2024-03-03,Decoración,64.37,53,Email,4.9,2024-07-17,2024-08-01,False
403,Espejo decorativo,64.37,1.0,2024-03-03,Decoración,64.37,23,RRSS,4.75,2024-08-28,2024-10-17,False
760,Adorno de pared,77.65,1.0,2024-03-03,Decoración,77.65,74,TV,4.81,2024-03-20,2024-05-03,False
760,Adorno de pared,77.65,1.0,2024-03-03,Decoración,77.65,44,Email,5.08,2024-04-13,2024-05-10,False
760,Adorno de pared,77.65,1.0,2024-03-03,Decoración,77.65,14,RRSS,4.16,2024-10-22,2024-12-21,False
985,Alfombra,118.35,3.0,2024-03-03,Decoración,355.04999999999995,58,Email,4.25,2024-03-31,2024-05-05,False
985,Alfombra,118.35,3.0,2024-03-03,Decoración,355.04999999999995,88,TV,7.39,2024-07-25,2024-08-31,False
985,Alfombra,118.35,3.0,2024-03-03,Decoración,355.04999999999995,28,RRSS,5.82,2024-11-27,2025-01-08,False
2975,Auriculares,55.2,10.0,2024-03-03,Electrónica,552.0,47,Email,4.19,2024-06-02,2024-07-22,False
2975,Auriculares,55.2,10.0,2024-03-03,Electrónica,552.0,17,RRSS,6.06,2024-07-15,2024-08-15,False
2975,Auriculares,55.2,10.0,2024-03-03,Electrónica,552.0,77,TV,4.99,2024-11-11,2024-12-06,False
186,Cortinas,108.74,3.0,2024-03-04,Decoración,326.21999999999997,43,Email,5.67,2024-05-02,2024-06-17,False
186,Cortinas,108.74,3.0,2024-03-04,Decoración,326.21999999999997,73,TV,6.47,2024-08-17,2024-09-26,False
186,Cortinas,108.74,3.0,2024-03-04,Decoración,326.21999999999997,13,RRSS,5.22,2024-09-16,2024-10-15,False
954,Jarrón decorativo,112.06,1.0,2024-03-04,Decoración,112.06,15,RRSS,4.65,2024-05-09,2024-06-13,False
954,Jarrón decorativo,112.06,1.0,2024-03-04,Decoración,112.06,45,Email,4.52,2024-06-05,2024-07-31,False
954,Jarrón decorativo,112.06,1.0,2024-03-04,Decoración,112.06,75,TV,4.1,2024-11-03,2024-12-25,False
1622,Cafetera,38.44,7.0,2024-03-04,Electrodomésticos,269.08,49,Email,5.2,2024-06-20,2024-07-22,False
1622,Cafetera,38.44,7.0,2024-03-04,Electrodomésticos,269.08,79,TV,7.26,2024-08-13,2024-10-11,False
1622,Cafetera,38.44,7.0,2024-03-04,Electrodomésticos,269.08,19,RRSS,5.7,2024-08-19,2024-09-15,False
1646,Secadora,33.89,7.0,2024-03-04,Electrodomésticos,237.23000000000002,3,RRSS,5.1,2024-07-24,2024-08-30,False
1646,Secadora,33.89,7.0,2024-03-04,Electrodomésticos,237.23000000000002,63,TV,5.69,2024-11-03,2024-11-28,False
1646,Secadora,33.89,7.0,2024-03-04,Electrodomésticos,237.23000000000002,33,Email,3.8,2024-12-20,2025-01-07,False
1761,Freidora eléctrica,109.97,7.0,2024-03-04,Electrodomésticos,769.79,71,TV,4.37,2024-06-05,2024-07-24,False
1761,Freidora eléctrica,109.97,7.0,2024-03-04,Electrodomésticos,769.79,41,Email,3.92,2024-11-23,2025-01-01,False
1761,Freidora eléctrica,109.97,7.0,2024-03-04,Electrodomésticos,769.79,11,RRSS,5.27,2024-12-29,2025-01-21,False
1812,Cafetera,106.32,1.0,2024-03-04,Electrodomésticos,106.32,49,Email,5.2,2024-06-20,2024-07-22,False
1812,Cafetera,106.32,1.0,2024-03-04,Electrodomésticos,106.32,79,TV,7.26,2024-08-13,2024-10-11,False
1812,Cafetera,106.32,1.0,2024-03-04,Electrodomésticos,106.32,19,RRSS,5.7,2024-08-19,2024-09-15,False
2489,Proyector,77.06,1.0,2024-03-04,Electrónica,77.06,67,TV,3.68,2024-05-22,2024-07-12,False
2489,Proyector,77.06,1.0,2024-03-04,Electrónica,77.06,37,Email,3.22,2024-07-06,2024-07-26,False
2489,Proyector,77.06,1.0,2024-03-04,Electrónica,77.06,7,RRSS,5.57,2024-07-30,2024-08-16,False
140,Adorno de pared,44.91,1.0,2024-03-05,Decoración,44.91,74,TV,4.81,2024-03-20,2024-05-03,False
140,Adorno de pared,44.91,1.0,2024-03-05,Decoración,44.91,44,Email,5.08,2024-04-13,2024-05-10,False
140,Adorno de pared,44.91,1.0,2024-03-05,Decoración,44.91,14,RRSS,4.16,2024-10-22,2024-12-21,False
324,Jarrón decorativo,57.23,5.0,2024-03-05,Decoración,286.15,15,RRSS,4.65,2024-05-09,2024-06-13,False
324,Jarrón decorativo,57.23,5.0,2024-03-05,Decoración,286.15,45,Email,4.52,2024-06-05,2024-07-31,False
324,Jarrón decorativo,57.23,5.0,2024-03-05,Decoración,286.15,75,TV,4.1,2024-11-03,2024-12-25,False
774,Jarrón decorativo,115.58,12.0,2024-03-05,Decoración,1386.96,15,RRSS,4.65,2024-05-09,2024-06-13,False
774,Jarrón decorativo,115.58,12.0,2024-03-05,Decoración,1386.96,45,Email,4.52,2024-06-05,2024-07-31,False
774,Jarrón decorativo,115.58,12.0,2024-03-05,Decoración,1386.96,75,TV,4.1,2024-11-03,2024-12-25,False
1085,Lavadora,108.53,10.0,2024-03-05,Electrodomésticos,1085.3,46,Email,3.63,2024-05-12,2024-05-29,False
1085,Lavadora,108.53,10.0,2024-03-05,Electrodomésticos,1085.3,76,TV,4.66,2024-05-26,2024-07-02,False
1085,Lavadora,108.53,10.0,2024-03-05,Electrodomésticos,1085.3,16,RRSS,3.56,2024-08-14,2024-09-20,False
1736,Secadora,59.04,11.0,2024-03-05,Electrodomésticos,649.4399999999999,3,RRSS,5.1,2024-07-24,2024-08-30,False
1736,Secadora,59.04,11.0,2024-03-05,Electrodomésticos,649.4399999999999,63,TV,5.69,2024-11-03,2024-11-28,False
1736,Secadora,59.04,11.0,2024-03-05,Electrodomésticos,649.4399999999999,33,Email,3.8,2024-12-20,2025-01-07,False
1741,Freidora eléctrica,67.75,2.0,2024-03-05,Electrodomésticos,135.5,71,TV,4.37,2024-06-05,2024-07-24,False
1741,Freidora eléctrica,67.75,2.0,2024-03-05,Electrodomésticos,135.5,41,Email,3.92,2024-11-23,2025-01-01,False
1741,Freidora eléctrica,67.75,2.0,2024-03-05,Electrodomésticos,135.5,11,RRSS,5.27,2024-12-29,2025-01-21,False
1743,Microondas,81.63,6.0,2024-03-05,Electrodomésticos,489.78,56,Email,4.94,2024-08-06,2024-08-25,False
1743,Microondas,81.63,6.0,2024-03-05,Electrodomésticos,489.78,26,RRSS,5.0,2024-09-25,2024-10-14,False
1743,Microondas,81.63,6.0,2024-03-05,Electrodomésticos,489.78,86,TV,4.25,2024-09-25,2024-11-15,False
2063,Smartphone,124.01,12.0,2024-03-05,Electrónica,1488.1200000000001,21,RRSS,6.37,2024-03-29,2024-05-16,False
2063,Smartphone,124.01,12.0,2024-03-05,Electrónica,1488.1200000000001,51,Email,4.65,2024-05-28,2024-06-15,False
2063,Smartphone,124.01,12.0,2024-03-05,Electrónica,1488.1200000000001,81,TV,4.78,2024-09-28,2024-10-24,False
2102,Televisor,33.14,1.0,2024-03-05,Electrónica,33.14,29,RRSS,3.96,2024-05-17,2024-06-28,False
2102,Televisor,33.14,1.0,2024-03-05,Electrónica,33.14,59,Email,4.19,2024-11-20,2025-01-19,False
2102,Televisor,33.14,1.0,2024-03-05,Electrónica,33.14,89,TV,4.98,2024-12-13,2025-02-08,False
781,Lámpara de mesa,115.77,11.0,2024-03-06,Decoración,1273.47,32,Email,5.54,2024-03-28,2024-04-20,False
781,Lámpara de mesa,115.77,11.0,2024-03-06,Decoración,1273.47,2,RRSS,5.88,2024-05-30,2024-06-29,False
781,Lámpara de mesa,115.77,11.0,2024-03-06,Decoración,1273.47,62,TV,4.51,2024-08-26,2024-10-07,False
1686,Secadora,59.33,8.0,2024-03-06,Electrodomésticos,474.64,3,RRSS,5.1,2024-07-24,2024-08-30,False
1686,Secadora,59.33,8.0,2024-03-06,Electrodomésticos,474.64,63,TV,5.69,2024-11-03,2024-11-28,False
1686,Secadora,59.33,8.0,2024-03-06,Electrodomésticos,474.64,33,Email,3.8,2024-12-20,2025-01-07,False
2099,Proyector,40.99,2.0,2024-03-06,Electrónica,81.98,67,TV,3.68,2024-05-22,2024-07-12,False
2099,Proyector,40.99,2.0,2024-03-06,Electrónica,81.98,37,Email,3.22,2024-07-06,2024-07-26,False
2099,Proyector,40.99,2.0,2024-03-06,Electrónica,81.98,7,RRSS,5.57,2024-07-30,2024-08-16,False
2388,SmartWatch,100.57,9.0,2024-03-06,Electrónica,905.1299999999999,85,TV,5.07,2024-04-01,2024-05-05,False
2388,SmartWatch,100.57,9.0,2024-03-06,Electrónica,905.1299999999999,55,Email,4.59,2024-10-13,2024-12-06,False
2388,SmartWatch,100.57,9.0,2024-03-06,Electrónica,905.1299999999999,25,RRSS,4.84,2024-11-23,2024-12-29,False
2498,SmartWatch,100.96,10.0,2024-03-06,Electrónica,1009.5999999999999,85,TV,5.07,2024-04-01,2024-05-05,False
2498,SmartWatch,100.96,10.0,2024-03-06,Electrónica,1009.5999999999999,55,Email,4.59,2024-10-13,2024-12-06,False
2498,SmartWatch,100.96,10.0,2024-03-06,Electrónica,1009.5999999999999,25,RRSS,4.84,2024-11-23,2024-12-29,False
2942,Televisor,119.68,2.0,2024-03-06,Electrónica,239.36,29,RRSS,3.96,2024-05-17,2024-06-28,False
2942,Televisor,119.68,2.0,2024-03-06,Electrónica,239.36,59,Email,4.19,2024-11-20,2025-01-19,False
2942,Televisor,119.68,2.0,2024-03-06,Electrónica,239.36,89,TV,4.98,2024-12-13,2025-02-08,False
612,Cuadro decorativo,45.04,10.0,2024-03-07,Decoración,450.4,1,RRSS,5.27,2024-04-27,2024-06-04,False
612,Cuadro decorativo,45.04,10.0,2024-03-07,Decoración,450.4,31,Email,5.28,2024-08-15,2024-09-12,False
612,Cuadro decorativo,45.04,10.0,2024-03-07,Decoración,450.4,61,TV,5.3,2024-11-05,2024-12-23,False
635,Alfombra,44.66,7.0,2024-03-07,Decoración,312.62,58,Email,4.25,2024-03-31,2024-05-05,False
635,Alfombra,44.66,7.0,2024-03-07,Decoración,312.62,88,TV,7.39,2024-07-25,2024-08-31,False
635,Alfombra,44.66,7.0,2024-03-07,Decoración,312.62,28,RRSS,5.82,2024-11-27,2025-01-08,False
879,Lámpara de mesa,34.26,11.0,2024-03-07,Decoración,376.85999999999996,32,Email,5.54,2024-03-28,2024-04-20,False
879,Lámpara de mesa,34.26,11.0,2024-03-07,Decoración,376.85999999999996,2,RRSS,5.88,2024-05-30,2024-06-29,False
879,Lámpara de mesa,34.26,11.0,2024-03-07,Decoración,376.85999999999996,62,TV,4.51,2024-08-26,2024-10-07,False
1027,Horno eléctrico,70.09,1.0,2024-03-07,Electrodomésticos,70.09,35,Email,5.65,2024-07-31,2024-09-29,False
1027,Horno eléctrico,70.09,1.0,2024-03-07,Electrodomésticos,70.09,5,RRSS,5.16,2024-08-22,2024-10-17,False
1027,Horno eléctrico,70.09,1.0,2024-03-07,Electrodomésticos,70.09,65,TV,3.08,2024-10-23,2024-12-11,False
1052,Cafetera,39.31,11.0,2024-03-07,Electrodomésticos,432.41,49,Email,5.2,2024-06-20,2024-07-22,False
1052,Cafetera,39.31,11.0,2024-03-07,Electrodomésticos,432.41,79,TV,7.26,2024-08-13,2024-10-11,False
1052,Cafetera,39.31,11.0,2024-03-07,Electrodomésticos,432.41,19,RRSS,5.7,2024-08-19,2024-09-15,False
1982,Cafetera,117.43,8.0,2024-03-07,Electrodomésticos,939.44,49,Email,5.2,2024-06-20,2024-07-22,False
1982,Cafetera,117.43,8.0,2024-03-07,Electrodomésticos,939.44,79,TV,7.26,2024-08-13,2024-10-11,False
1982,Cafetera,117.43,8.0,2024-03-07,Electrodomésticos,939.44,19,RRSS,5.7,2024-08-19,2024-09-15,False
2270,Consola de videojuegos,117.47,8.0,2024-03-07,Electrónica,939.76,50,Email,4.97,2024-05-03,2024-05-28,False
2270,Consola de videojuegos,117.47,8.0,2024-03-07,Electrónica,939.76,20,RRSS,3.16,2024-07-15,2024-08-03,False
2270,Consola de videojuegos,117.47,8.0,2024-03-07,Electrónica,939.76,80,TV,4.64,2024-11-01,2024-11-20,False
2550,Consola de videojuegos,118.87,6.0,2024-03-07,Electrónica,713.22,50,Email,4.97,2024-05-03,2024-05-28,False
2550,Consola de videojuegos,118.87,6.0,2024-03-07,Electrónica,713.22,20,RRSS,3.16,2024-07-15,2024-08-03,False
2550,Consola de videojuegos,118.87,6.0,2024-03-07,Electrónica,713.22,80,TV,4.64,2024-11-01,2024-11-20,False
23,Espejo decorativo,70.36,5.0,2024-03-08,Decoración,351.8,83,TV,5.24,2024-05-31,2024-07-08,False
23,Espejo decorativo,70.36,5.0,2024-03-08,Decoración,351.8,53,Email,4.9,2024-07-17,2024-08-01,False
23,Espejo decorativo,70.36,5.0,2024-03-08,Decoración,351.8,23,RRSS,4.75,2024-08-28,2024-10-17,False
336,Cortinas,84.55,5.0,2024-03-08,Decoración,422.75,43,Email,5.67,2024-05-02,2024-06-17,False
336,Cortinas,84.55,5.0,2024-03-08,Decoración,422.75,73,TV,6.47,2024-08-17,2024-09-26,False
336,Cortinas,84.55,5.0,2024-03-08,Decoración,422.75,13,RRSS,5.22,2024-09-16,2024-10-15,False
348,Rincón de plantas,46.49,1.0,2024-03-08,Decoración,46.49,38,Email,5.76,2024-06-14,2024-07-15,False
348,Rincón de plantas,46.49,1.0,2024-03-08,Decoración,46.49,8,RRSS,4.88,2024-08-03,2024-08-18,False
348,Rincón de plantas,46.49,1.0,2024-03-08,Decoración,46.49,68,TV,5.81,2024-12-17,2025-02-14,False
435,Alfombra,97.14,1.0,2024-03-08,Decoración,97.14,58,Email,4.25,2024-03-31,2024-05-05,False
435,Alfombra,97.14,1.0,2024-03-08,Decoración,97.14,88,TV,7.39,2024-07-25,2024-08-31,False
435,Alfombra,97.14,1.0,2024-03-08,Decoración,97.14,28,RRSS,5.82,2024-11-27,2025-01-08,False
1229,Batidora,29.86,4.0,2024-03-08,Electrodomésticos,119.44,57,Email,4.48,2024-04-10,2024-06-08,False
1229,Batidora,29.86,4.0,2024-03-08,Electrodomésticos,119.44,87,TV,6.28,2024-08-27,2024-10-11,False
1229,Batidora,29.86,4.0,2024-03-08,Electrodomésticos,119.44,27,RRSS,4.52,2024-11-01,2024-12-08,False
1434,Aspiradora,60.42,11.0,2024-03-08,Electrodomésticos,664.62,40,Email,6.24,2024-06-24,2024-08-12,False
1434,Aspiradora,60.42,11.0,2024-03-08,Electrodomésticos,664.62,10,RRSS,7.16,2024-08-19,2024-09-19,False
1434,Aspiradora,60.42,11.0,2024-03-08,Electrodomésticos,664.62,70,TV,3.06,2024-12-13,2024-12-29,False
1557,Horno eléctrico,53.29,12.0,2024-03-08,Electrodomésticos,639.48,35,Email,5.65,2024-07-31,2024-09-29,False
1557,Horno eléctrico,53.29,12.0,2024-03-08,Electrodomésticos,639.48,5,RRSS,5.16,2024-08-22,2024-10-17,False
1557,Horno eléctrico,53.29,12.0,2024-03-08,Electrodomésticos,639.48,65,TV,3.08,2024-10-23,2024-12-11,False
1879,Batidora,65.59,9.0,2024-03-08,Electrodomésticos,590.3100000000001,57,Email,4.48,2024-04-10,2024-06-08,False
1879,Batidora,65.59,9.0,2024-03-08,Electrodomésticos,590.3100000000001,87,TV,6.28,2024-08-27,2024-10-11,False
1879,Batidora,65.59,9.0,2024-03-08,Electrodomésticos,590.3100000000001,27,RRSS,4.52,2024-11-01,2024-12-08,False
2233,Smartphone,37.11,3.0,2024-03-08,Electrónica,111.33,21,RRSS,6.37,2024-03-29,2024-05-16,False
2233,Smartphone,37.11,3.0,2024-03-08,Electrónica,111.33,51,Email,4.65,2024-05-28,2024-06-15,False
2233,Smartphone,37.11,3.0,2024-03-08,Electrónica,111.33,81,TV,4.78,2024-09-28,2024-10-24,False
156,Cortinas,39.67,2.0,2024-03-09,Decoración,79.34,43,Email,5.67,2024-05-02,2024-06-17,False
156,Cortinas,39.67,2.0,2024-03-09,Decoración,79.34,73,TV,6.47,2024-08-17,2024-09-26,False
156,Cortinas,39.67,2.0,2024-03-09,Decoración,79.34,13,RRSS,5.22,2024-09-16,2024-10-15,False
470,Adorno de pared,34.68,5.0,2024-03-09,Decoración,173.4,74,TV,4.81,2024-03-20,2024-05-03,False
470,Adorno de pared,34.68,5.0,2024-03-09,Decoración,173.4,44,Email,5.08,2024-04-13,2024-05-10,False
470,Adorno de pared,34.68,5.0,2024-03-09,Decoración,173.4,14,RRSS,4.16,2024-10-22,2024-12-21,False
685,Alfombra,102.81,9.0,2024-03-09,Decoración,925.29,58,Email,4.25,2024-03-31,2024-05-05,False
685,Alfombra,102.81,9.0,2024-03-09,Decoración,925.29,88,TV,7.39,2024-07-25,2024-08-31,False
685,Alfombra,102.81,9.0,2024-03-09,Decoración,925.29,28,RRSS,5.82,2024-11-27,2025-01-08,False
805,Alfombra,48.99,8.0,2024-03-09,Decoración,391.92,58,Email,4.25,2024-03-31,2024-05-05,False
805,Alfombra,48.99,8.0,2024-03-09,Decoración,391.92,88,TV,7.39,2024-07-25,2024-08-31,False
805,Alfombra,48.99,8.0,2024-03-09,Decoración,391.92,28,RRSS,5.82,2024-11-27,2025-01-08,False
1369,Batidora,48.8,11.0,2024-03-09,Electrodomésticos,536.8,57,Email,4.48,2024-04-10,2024-06-08,False
1369,Batidora,48.8,11.0,2024-03-09,Electrodomésticos,536.8,87,TV,6.28,2024-08-27,2024-10-11,False
1369,Batidora,48.8,11.0,2024-03-09,Electrodomésticos,536.8,27,RRSS,4.52,2024-11-01,2024-12-08,False
1513,Microondas,69.57,1.0,2024-03-09,Electrodomésticos,69.57,56,Email,4.94,2024-08-06,2024-08-25,False
1513,Microondas,69.57,1.0,2024-03-09,Electrodomésticos,69.57,26,RRSS,5.0,2024-09-25,2024-10-14,False
1513,Microondas,69.57,1.0,2024-03-09,Electrodomésticos,69.57,86,TV,4.25,2024-09-25,2024-11-15,False
1844,Aspiradora,86.29,12.0,2024-03-09,Electrodomésticos,1035.48,40,Email,6.24,2024-06-24,2024-08-12,False
1844,Aspiradora,86.29,12.0,2024-03-09,Electrodomésticos,1035.48,10,RRSS,7.16,2024-08-19,2024-09-19,False
1844,Aspiradora,86.29,12.0,2024-03-09,Electrodomésticos,1035.48,70,TV,3.06,2024-12-13,2024-12-29,False
2002,Televisor,68.99,10.0,2024-03-09,Electrónica,689.9,29,RRSS,3.96,2024-05-17,2024-06-28,False
2002,Televisor,68.99,10.0,2024-03-09,Electrónica,689.9,59,Email,4.19,2024-11-20,2025-01-19,False
2002,Televisor,68.99,10.0,2024-03-09,Electrónica,689.9,89,TV,4.98,2024-12-13,2025-02-08,False
2664,Tablet,54.19,3.0,2024-03-09,Electrónica,162.57,12,RRSS,3.4,2024-03-26,2024-05-13,False
2664,Tablet,54.19,3.0,2024-03-09,Electrónica,162.57,72,TV,4.9,2024-07-08,2024-09-03,False
2664,Tablet,54.19,3.0,2024-03-09,Electrónica,162.57,42,Email,4.42,2024-07-14,2024-09-03,False
2684,Auriculares,79.29,6.0,2024-03-09,Electrónica,475.74,47,Email,4.19,2024-06-02,2024-07-22,False
2684,Auriculares,79.29,6.0,2024-03-09,Electrónica,475.74,17,RRSS,6.06,2024-07-15,2024-08-15,False
2684,Auriculares,79.29,6.0,2024-03-09,Electrónica,475.74,77,TV,4.99,2024-11-11,2024-12-06,False
2694,Auriculares,51.71,3.0,2024-03-09,Electrónica,155.13,47,Email,4.19,2024-06-02,2024-07-22,False
2694,Auriculares,51.71,3.0,2024-03-09,Electrónica,155.13,17,RRSS,6.06,2024-07-15,2024-08-15,False
2694,Auriculares,51.71,3.0,2024-03-09,Electrónica,155.13,77,TV,4.99,2024-11-11,2024-12-06,False
2826,Laptop,39.13,8.0,2024-03-09,Electrónica,313.04,60,Email,4.89,2024-09-28,2024-10-27,False
2826,Laptop,39.13,8.0,2024-03-09,Electrónica,313.04,30,RRSS,4.68,2024-10-23,2024-11-24,False
2826,Laptop,39.13,8.0,2024-03-09,Electrónica,313.04,90,TV,5.62,2024-11-16,2025-01-13,False
2983,Smartphone,118.6,11.0,2024-03-09,Electrónica,1304.6,21,RRSS,6.37,2024-03-29,2024-05-16,False
2983,Smartphone,118.6,11.0,2024-03-09,Electrónica,1304.6,51,Email,4.65,2024-05-28,2024-06-15,False
2983,Smartphone,118.6,11.0,2024-03-09,Electrónica,1304.6,81,TV,4.78,2024-09-28,2024-10-24,False
74,Jarrón decorativo,51.08,11.0,2024-03-10,Decoración,561.88,15,RRSS,4.65,2024-05-09,2024-06-13,False
74,Jarrón decorativo,51.08,11.0,2024-03-10,Decoración,561.88,45,Email,4.52,2024-06-05,2024-07-31,False
74,Jarrón decorativo,51.08,11.0,2024-03-10,Decoración,561.88,75,TV,4.1,2024-11-03,2024-12-25,False
161,Lámpara de mesa,96.41,11.0,2024-03-10,Decoración,1060.51,32,Email,5.54,2024-03-28,2024-04-20,False
161,Lámpara de mesa,96.41,11.0,2024-03-10,Decoración,1060.51,2,RRSS,5.88,2024-05-30,2024-06-29,False
161,Lámpara de mesa,96.41,11.0,2024-03-10,Decoración,1060.51,62,TV,4.51,2024-08-26,2024-10-07,False
967,Elementos de cerámica,29.05,10.0,2024-03-10,Decoración,290.5,22,RRSS,5.44,2024-06-26,2024-07-15,False
967,Elementos de cerámica,29.05,10.0,2024-03-10,Decoración,290.5,82,TV,5.69,2024-09-08,2024-10-12,False
967,Elementos de cerámica,29.05,10.0,2024-03-10,Decoración,290.5,52,Email,5.74,2024-09-09,2024-09-30,False
978,Rincón de plantas,32.05,4.0,2024-03-10,Decoración,128.2,38,Email,5.76,2024-06-14,2024-07-15,False
978,Rincón de plantas,32.05,4.0,2024-03-10,Decoración,128.2,8,RRSS,4.88,2024-08-03,2024-08-18,False
978,Rincón de plantas,32.05,4.0,2024-03-10,Decoración,128.2,68,TV,5.81,2024-12-17,2025-02-14,False
1169,Batidora,85.59,5.0,2024-03-10,Electrodomésticos,427.95000000000005,57,Email,4.48,2024-04-10,2024-06-08,False
1169,Batidora,85.59,5.0,2024-03-10,Electrodomésticos,427.95000000000005,87,TV,6.28,2024-08-27,2024-10-11,False
1169,Batidora,85.59,5.0,2024-03-10,Electrodomésticos,427.95000000000005,27,RRSS,4.52,2024-11-01,2024-12-08,False
1219,Batidora,49.37,9.0,2024-03-10,Electrodomésticos,444.33,57,Email,4.48,2024-04-10,2024-06-08,False
1219,Batidora,49.37,9.0,2024-03-10,Electrodomésticos,444.33,87,TV,6.28,2024-08-27,2024-10-11,False
1219,Batidora,49.37,9.0,2024-03-10,Electrodomésticos,444.33,27,RRSS,4.52,2024-11-01,2024-12-08,False
1330,Plancha de vapor,28.85,11.0,2024-03-10,Electrodomésticos,317.35,36,Email,5.41,2024-04-02,2024-06-01,False
1330,Plancha de vapor,28.85,11.0,2024-03-10,Electrodomésticos,317.35,6,RRSS,4.02,2024-09-24,2024-11-02,False
1330,Plancha de vapor,28.85,11.0,2024-03-10,Electrodomésticos,317.35,66,TV,4.69,2024-10-04,2024-10-23,False
1742,Cafetera,96.84,11.0,2024-03-10,Electrodomésticos,1065.24,49,Email,5.2,2024-06-20,2024-07-22,False
1742,Cafetera,96.84,11.0,2024-03-10,Electrodomésticos,1065.24,79,TV,7.26,2024-08-13,2024-10-11,False
1742,Cafetera,96.84,11.0,2024-03-10,Electrodomésticos,1065.24,19,RRSS,5.7,2024-08-19,2024-09-15,False
1751,Freidora eléctrica,77.13,4.0,2024-03-10,Electrodomésticos,308.52,71,TV,4.37,2024-06-05,2024-07-24,False
1751,Freidora eléctrica,77.13,4.0,2024-03-10,Electrodomésticos,308.52,41,Email,3.92,2024-11-23,2025-01-01,False
1751,Freidora eléctrica,77.13,4.0,2024-03-10,Electrodomésticos,308.52,11,RRSS,5.27,2024-12-29,2025-01-21,False
1860,Plancha de vapor,102.6,12.0,2024-03-10,Electrodomésticos,1231.1999999999998,36,Email,5.41,2024-04-02,2024-06-01,False
1860,Plancha de vapor,102.6,12.0,2024-03-10,Electrodomésticos,1231.1999999999998,6,RRSS,4.02,2024-09-24,2024-11-02,False
1860,Plancha de vapor,102.6,12.0,2024-03-10,Electrodomésticos,1231.1999999999998,66,TV,4.69,2024-10-04,2024-10-23,False
2944,Auriculares,55.17,4.0,2024-03-10,Electrónica,220.68,47,Email,4.19,2024-06-02,2024-07-22,False
2944,Auriculares,55.17,4.0,2024-03-10,Electrónica,220.68,17,RRSS,6.06,2024-07-15,2024-08-15,False
2944,Auriculares,55.17,4.0,2024-03-10,Electrónica,220.68,77,TV,4.99,2024-11-11,2024-12-06,False
91,Lámpara de mesa,89.87,12.0,2024-03-11,Decoración,1078.44,32,Email,5.54,2024-03-28,2024-04-20,False
91,Lámpara de mesa,89.87,12.0,2024-03-11,Decoración,1078.44,2,RRSS,5.88,2024-05-30,2024-06-29,False
91,Lámpara de mesa,89.87,12.0,2024-03-11,Decoración,1078.44,62,TV,4.51,2024-08-26,2024-10-07,False
615,Alfombra,65.09,5.0,2024-03-11,Decoración,325.45000000000005,58,Email,4.25,2024-03-31,2024-05-05,False
615,Alfombra,65.09,5.0,2024-03-11,Decoración,325.45000000000005,88,TV,7.39,2024-07-25,2024-08-31,False
615,Alfombra,65.09,5.0,2024-03-11,Decoración,325.45000000000005,28,RRSS,5.82,2024-11-27,2025-01-08,False
1240,Plancha de vapor,40.78,12.0,2024-03-11,Electrodomésticos,489.36,36,Email,5.41,2024-04-02,2024-06-01,False
1240,Plancha de vapor,40.78,12.0,2024-03-11,Electrodomésticos,489.36,6,RRSS,4.02,2024-09-24,2024-11-02,False
1240,Plancha de vapor,40.78,12.0,2024-03-11,Electrodomésticos,489.36,66,TV,4.69,2024-10-04,2024-10-23,False
1311,Freidora eléctrica,61.53,11.0,2024-03-11,Electrodomésticos,676.83,71,TV,4.37,2024-06-05,2024-07-24,False
1311,Freidora eléctrica,61.53,11.0,2024-03-11,Electrodomésticos,676.83,41,Email,3.92,2024-11-23,2025-01-01,False
1311,Freidora eléctrica,61.53,11.0,2024-03-11,Electrodomésticos,676.83,11,RRSS,5.27,2024-12-29,2025-01-21,False
1707,Horno eléctrico,59.05,8.0,2024-03-11,Electrodomésticos,472.4,35,Email,5.65,2024-07-31,2024-09-29,False
1707,Horno eléctrico,59.05,8.0,2024-03-11,Electrodomésticos,472.4,5,RRSS,5.16,2024-08-22,2024-10-17,False
1707,Horno eléctrico,59.05,8.0,2024-03-11,Electrodomésticos,472.4,65,TV,3.08,2024-10-23,2024-12-11,False
1934,Aspiradora,42.94,2.0,2024-03-11,Electrodomésticos,85.88,40,Email,6.24,2024-06-24,2024-08-12,False
1934,Aspiradora,42.94,2.0,2024-03-11,Electrodomésticos,85.88,10,RRSS,7.16,2024-08-19,2024-09-19,False
1934,Aspiradora,42.94,2.0,2024-03-11,Electrodomésticos,85.88,70,TV,3.06,2024-12-13,2024-12-29,False
2436,Laptop,43.34,8.0,2024-03-11,Electrónica,346.72,60,Email,4.89,2024-09-28,2024-10-27,False
2436,Laptop,43.34,8.0,2024-03-11,Electrónica,346.72,30,RRSS,4.68,2024-10-23,2024-11-24,False
2436,Laptop,43.34,8.0,2024-03-11,Electrónica,346.72,90,TV,5.62,2024-11-16,2025-01-13,False
693,Espejo decorativo,85.04,9.0,2024-03-12,Decoración,765.36,83,TV,5.24,2024-05-31,2024-07-08,False
693,Espejo decorativo,85.04,9.0,2024-03-12,Decoración,765.36,53,Email,4.9,2024-07-17,2024-08-01,False
693,Espejo decorativo,85.04,9.0,2024-03-12,Decoración,765.36,23,RRSS,4.75,2024-08-28,2024-10-17,False
849,Lámpara de mesa,46.89,2.0,2024-03-12,Decoración,93.78,32,Email,5.54,2024-03-28,2024-04-20,False
849,Lámpara de mesa,46.89,2.0,2024-03-12,Decoración,93.78,2,RRSS,5.88,2024-05-30,2024-06-29,False
849,Lámpara de mesa,46.89,2.0,2024-03-12,Decoración,93.78,62,TV,4.51,2024-08-26,2024-10-07,False
887,Elementos de cerámica,41.55,3.0,2024-03-12,Decoración,124.64999999999999,22,RRSS,5.44,2024-06-26,2024-07-15,False
887,Elementos de cerámica,41.55,3.0,2024-03-12,Decoración,124.64999999999999,82,TV,5.69,2024-09-08,2024-10-12,False
887,Elementos de cerámica,41.55,3.0,2024-03-12,Decoración,124.64999999999999,52,Email,5.74,2024-09-09,2024-09-30,False
1042,Heladera,121.85,10.0,2024-03-12,Electrodomésticos,1218.5,34,Email,4.2,2024-05-06,2024-07-05,False
1042,Heladera,121.85,10.0,2024-03-12,Electrodomésticos,1218.5,4,RRSS,4.53,2024-05-31,2024-07-15,False
1042,Heladera,121.85,10.0,2024-03-12,Electrodomésticos,1218.5,64,TV,4.38,2024-07-10,2024-08-09,False
1248,Cafetera,30.7,5.0,2024-03-12,Electrodomésticos,153.5,49,Email,5.2,2024-06-20,2024-07-22,False
1248,Cafetera,30.7,5.0,2024-03-12,Electrodomésticos,153.5,79,TV,7.26,2024-08-13,2024-10-11,False
1248,Cafetera,30.7,5.0,2024-03-12,Electrodomésticos,153.5,19,RRSS,5.7,2024-08-19,2024-09-15,False
1305,Lavadora,114.72,9.0,2024-03-12,Electrodomésticos,1032.48,46,Email,3.63,2024-05-12,2024-05-29,False
1305,Lavadora,114.72,9.0,2024-03-12,Electrodomésticos,1032.48,76,TV,4.66,2024-05-26,2024-07-02,False
1305,Lavadora,114.72,9.0,2024-03-12,Electrodomésticos,1032.48,16,RRSS,3.56,2024-08-14,2024-09-20,False
2282,Televisor,31.8,10.0,2024-03-12,Electrónica,318.0,29,RRSS,3.96,2024-05-17,2024-06-28,False
2282,Televisor,31.8,10.0,2024-03-12,Electrónica,318.0,59,Email,4.19,2024-11-20,2025-01-19,False
2282,Televisor,31.8,10.0,2024-03-12,Electrónica,318.0,89,TV,4.98,2024-12-13,2025-02-08,False
2519,Proyector,76.15,11.0,2024-03-12,Electrónica,837.6500000000001,67,TV,3.68,2024-05-22,2024-07-12,False
2519,Proyector,76.15,11.0,2024-03-12,Electrónica,837.6500000000001,37,Email,3.22,2024-07-06,2024-07-26,False
2519,Proyector,76.15,11.0,2024-03-12,Electrónica,837.6500000000001,7,RRSS,5.57,2024-07-30,2024-08-16,False
543,Espejo decorativo,79.98,10.0,2024-03-13,Decoración,799.8000000000001,83,TV,5.24,2024-05-31,2024-07-08,False
543,Espejo decorativo,79.98,10.0,2024-03-13,Decoración,799.8000000000001,53,Email,4.9,2024-07-17,2024-08-01,False
543,Espejo decorativo,79.98,10.0,2024-03-13,Decoración,799.8000000000001,23,RRSS,4.75,2024-08-28,2024-10-17,False
623,Espejo decorativo,74.95,3.0,2024-03-13,Decoración,224.85000000000002,83,TV,5.24,2024-05-31,2024-07-08,False
623,Espejo decorativo,74.95,3.0,2024-03-13,Decoración,224.85000000000002,53,Email,4.9,2024-07-17,2024-08-01,False
623,Espejo decorativo,74.95,3.0,2024-03-13,Decoración,224.85000000000002,23,RRSS,4.75,2024-08-28,2024-10-17,False
874,Jarrón decorativo,80.88,12.0,2024-03-13,Decoración,970.56,15,RRSS,4.65,2024-05-09,2024-06-13,False
874,Jarrón decorativo,80.88,12.0,2024-03-13,Decoración,970.56,45,Email,4.52,2024-06-05,2024-07-31,False
874,Jarrón decorativo,80.88,12.0,2024-03-13,Decoración,970.56,75,TV,4.1,2024-11-03,2024-12-25,False
1173,Microondas,71.13,12.0,2024-03-13,Electrodomésticos,853.56,56,Email,4.94,2024-08-06,2024-08-25,False
1173,Microondas,71.13,12.0,2024-03-13,Electrodomésticos,853.56,26,RRSS,5.0,2024-09-25,2024-10-14,False
1173,Microondas,71.13,12.0,2024-03-13,Electrodomésticos,853.56,86,TV,4.25,2024-09-25,2024-11-15,False
1260,Plancha de vapor,122.04,1.0,2024-03-13,Electrodomésticos,122.04,36,Email,5.41,2024-04-02,2024-06-01,False
1260,Plancha de vapor,122.04,1.0,2024-03-13,Electrodomésticos,122.04,6,RRSS,4.02,2024-09-24,2024-11-02,False
1260,Plancha de vapor,122.04,1.0,2024-03-13,Electrodomésticos,122.04,66,TV,4.69,2024-10-04,2024-10-23,False
1295,Lavadora,53.77,7.0,2024-03-13,Electrodomésticos,376.39000000000004,46,Email,3.63,2024-05-12,2024-05-29,False
1295,Lavadora,53.77,7.0,2024-03-13,Electrodomésticos,376.39000000000004,76,TV,4.66,2024-05-26,2024-07-02,False
1295,Lavadora,53.77,7.0,2024-03-13,Electrodomésticos,376.39000000000004,16,RRSS,3.56,2024-08-14,2024-09-20,False
1620,Plancha de vapor,76.32,5.0,2024-03-13,Electrodomésticos,381.59999999999997,36,Email,5.41,2024-04-02,2024-06-01,False
1620,Plancha de vapor,76.32,5.0,2024-03-13,Electrodomésticos,381.59999999999997,6,RRSS,4.02,2024-09-24,2024-11-02,False
1620,Plancha de vapor,76.32,5.0,2024-03-13,Electrodomésticos,381.59999999999997,66,TV,4.69,2024-10-04,2024-10-23,False
1892,Heladera,58.45,1.0,2024-03-13,Electrodomésticos,58.45,34,Email,4.2,2024-05-06,2024-07-05,False
1892,Heladera,58.45,1.0,2024-03-13,Electrodomésticos,58.45,4,RRSS,4.53,2024-05-31,2024-07-15,False
1892,Heladera,58.45,1.0,2024-03-13,Electrodomésticos,58.45,64,TV,4.38,2024-07-10,2024-08-09,False
1916,Secadora,110.04,11.0,2024-03-13,Electrodomésticos,1210.44,3,RRSS,5.1,2024-07-24,2024-08-30,False
1916,Secadora,110.04,11.0,2024-03-13,Electrodomésticos,1210.44,63,TV,5.69,2024-11-03,2024-11-28,False
1916,Secadora,110.04,11.0,2024-03-13,Electrodomésticos,1210.44,33,Email,3.8,2024-12-20,2025-01-07,False
2393,Smartphone,113.88,9.0,2024-03-13,Electrónica,1024.92,21,RRSS,6.37,2024-03-29,2024-05-16,False
2393,Smartphone,113.88,9.0,2024-03-13,Electrónica,1024.92,51,Email,4.65,2024-05-28,2024-06-15,False
2393,Smartphone,113.88,9.0,2024-03-13,Electrónica,1024.92,81,TV,4.78,2024-09-28,2024-10-24,False
2437,Cámara digital,80.06,3.0,2024-03-13,Electrónica,240.18,18,RRSS,5.46,2024-07-16,2024-09-13,False
2437,Cámara digital,80.06,3.0,2024-03-13,Electrónica,240.18,78,TV,4.1,2024-08-02,2024-09-20,False
2437,Cámara digital,80.06,3.0,2024-03-13,Electrónica,240.18,48,Email,6.84,2024-10-31,2024-12-09,False
2688,SmartWatch,119.73,12.0,2024-03-13,Electrónica,1436.76,85,TV,5.07,2024-04-01,2024-05-05,False
2688,SmartWatch,119.73,12.0,2024-03-13,Electrónica,1436.76,55,Email,4.59,2024-10-13,2024-12-06,False
2688,SmartWatch,119.73,12.0,2024-03-13,Electrónica,1436.76,25,RRSS,4.84,2024-11-23,2024-12-29,False
2858,SmartWatch,89.27,6.0,2024-03-13,Electrónica,535.62,85,TV,5.07,2024-04-01,2024-05-05,False
2858,SmartWatch,89.27,6.0,2024-03-13,Electrónica,535.62,55,Email,4.59,2024-10-13,2024-12-06,False
2858,SmartWatch,89.27,6.0,2024-03-13,Electrónica,535.62,25,RRSS,4.84,2024-11-23,2024-12-29,False
820,Adorno de pared,36.55,3.0,2024-03-14,Decoración,109.64999999999999,74,TV,4.81,2024-03-20,2024-05-03,False
820,Adorno de pared,36.55,3.0,2024-03-14,Decoración,109.64999999999999,44,Email,5.08,2024-04-13,2024-05-10,False
820,Adorno de pared,36.55,3.0,2024-03-14,Decoración,109.64999999999999,14,RRSS,4.16,2024-10-22,2024-12-21,False
1303,Microondas,40.9,9.0,2024-03-14,Electrodomésticos,368.09999999999997,56,Email,4.94,2024-08-06,2024-08-25,False
1303,Microondas,40.9,9.0,2024-03-14,Electrodomésticos,368.09999999999997,26,RRSS,5.0,2024-09-25,2024-10-14,False
1303,Microondas,40.9,9.0,2024-03-14,Electrodomésticos,368.09999999999997,86,TV,4.25,2024-09-25,2024-11-15,False
1657,Horno eléctrico,109.73,9.0,2024-03-14,Electrodomésticos,987.57,35,Email,5.65,2024-07-31,2024-09-29,False
1657,Horno eléctrico,109.73,9.0,2024-03-14,Electrodomésticos,987.57,5,RRSS,5.16,2024-08-22,2024-10-17,False
1657,Horno eléctrico,109.73,9.0,2024-03-14,Electrodomésticos,987.57,65,TV,3.08,2024-10-23,2024-12-11,False
1772,Heladera,56.94,2.0,2024-03-14,Electrodomésticos,113.88,34,Email,4.2,2024-05-06,2024-07-05,False
1772,Heladera,56.94,2.0,2024-03-14,Electrodomésticos,113.88,4,RRSS,4.53,2024-05-31,2024-07-15,False
1772,Heladera,56.94,2.0,2024-03-14,Electrodomésticos,113.88,64,TV,4.38,2024-07-10,2024-08-09,False
1978,Cafetera,104.66,11.0,2024-03-14,Electrodomésticos,1151.26,49,Email,5.2,2024-06-20,2024-07-22,False
1978,Cafetera,104.66,11.0,2024-03-14,Electrodomésticos,1151.26,79,TV,7.26,2024-08-13,2024-10-11,False
1978,Cafetera,104.66,11.0,2024-03-14,Electrodomésticos,1151.26,19,RRSS,5.7,2024-08-19,2024-09-15,False
2052,Televisor,66.57,5.0,2024-03-14,Electrónica,332.84999999999997,29,RRSS,3.96,2024-05-17,2024-06-28,False
2052,Televisor,66.57,5.0,2024-03-14,Electrónica,332.84999999999997,59,Email,4.19,2024-11-20,2025-01-19,False
2052,Televisor,66.57,5.0,2024-03-14,Electrónica,332.84999999999997,89,TV,4.98,2024-12-13,2025-02-08,False
2347,Cámara digital,112.14,3.0,2024-03-14,Electrónica,336.42,18,RRSS,5.46,2024-07-16,2024-09-13,False
2347,Cámara digital,112.14,3.0,2024-03-14,Electrónica,336.42,78,TV,4.1,2024-08-02,2024-09-20,False
2347,Cámara digital,112.14,3.0,2024-03-14,Electrónica,336.42,48,Email,6.84,2024-10-31,2024-12-09,False
2493,Smartphone,124.82,5.0,2024-03-14,Electrónica,624.0999999999999,21,RRSS,6.37,2024-03-29,2024-05-16,False
2493,Smartphone,124.82,5.0,2024-03-14,Electrónica,624.0999999999999,51,Email,4.65,2024-05-28,2024-06-15,False
2493,Smartphone,124.82,5.0,2024-03-14,Electrónica,624.0999999999999,81,TV,4.78,2024-09-28,2024-10-24,False
2748,SmartWatch,53.93,7.0,2024-03-14,Electrónica,377.51,85,TV,5.07,2024-04-01,2024-05-05,False
2748,SmartWatch,53.93,7.0,2024-03-14,Electrónica,377.51,55,Email,4.59,2024-10-13,2024-12-06,False
2748,SmartWatch,53.93,7.0,2024-03-14,Electrónica,377.51,25,RRSS,4.84,2024-11-23,2024-12-29,False
2882,Televisor,56.81,9.0,2024-03-14,Electrónica,511.29,29,RRSS,3.96,2024-05-17,2024-06-28,False
2882,Televisor,56.81,9.0,2024-03-14,Electrónica,511.29,59,Email,4.19,2024-11-20,2025-01-19,False
2882,Televisor,56.81,9.0,2024-03-14,Electrónica,511.29,89,TV,4.98,2024-12-13,2025-02-08,False
2981,Parlantes Bluetooth,80.25,10.0,2024-03-14,Electrónica,802.5,84,TV,4.42,2024-04-17,2024-05-05,False
2981,Parlantes Bluetooth,80.25,10.0,2024-03-14,Electrónica,802.5,54,Email,2.95,2024-08-09,2024-09-22,False
2981,Parlantes Bluetooth,80.25,10.0,2024-03-14,Electrónica,802.5,24,RRSS,6.0,2024-09-22,2024-10-26,False
517,Elementos de cerámica,94.94,12.0,2024-03-15,Decoración,1139.28,22,RRSS,5.44,2024-06-26,2024-07-15,False
517,Elementos de cerámica,94.94,12.0,2024-03-15,Decoración,1139.28,82,TV,5.69,2024-09-08,2024-10-12,False
517,Elementos de cerámica,94.94,12.0,2024-03-15,Decoración,1139.28,52,Email,5.74,2024-09-09,2024-09-30,False
624,Jarrón decorativo,51.39,10.0,2024-03-15,Decoración,513.9,15,RRSS,4.65,2024-05-09,2024-06-13,False
624,Jarrón decorativo,51.39,10.0,2024-03-15,Decoración,513.9,45,Email,4.52,2024-06-05,2024-07-31,False
624,Jarrón decorativo,51.39,10.0,2024-03-15,Decoración,513.9,75,TV,4.1,2024-11-03,2024-12-25,False
772,Cuadro decorativo,78.76,10.0,2024-03-15,Decoración,787.6,1,RRSS,5.27,2024-04-27,2024-06-04,False
772,Cuadro decorativo,78.76,10.0,2024-03-15,Decoración,787.6,31,Email,5.28,2024-08-15,2024-09-12,False
772,Cuadro decorativo,78.76,10.0,2024-03-15,Decoración,787.6,61,TV,5.3,2024-11-05,2024-12-23,False
957,Elementos de cerámica,75.27,4.0,2024-03-15,Decoración,301.08,22,RRSS,5.44,2024-06-26,2024-07-15,False
957,Elementos de cerámica,75.27,4.0,2024-03-15,Decoración,301.08,82,TV,5.69,2024-09-08,2024-10-12,False
957,Elementos de cerámica,75.27,4.0,2024-03-15,Decoración,301.08,52,Email,5.74,2024-09-09,2024-09-30,False
1953,Microondas,119.61,2.0,2024-03-15,Electrodomésticos,239.22,56,Email,4.94,2024-08-06,2024-08-25,False
1953,Microondas,119.61,2.0,2024-03-15,Electrodomésticos,239.22,26,RRSS,5.0,2024-09-25,2024-10-14,False
1953,Microondas,119.61,2.0,2024-03-15,Electrodomésticos,239.22,86,TV,4.25,2024-09-25,2024-11-15,False
2082,Televisor,55.66,3.0,2024-03-15,Electrónica,166.98,29,RRSS,3.96,2024-05-17,2024-06-28,False
2082,Televisor,55.66,3.0,2024-03-15,Electrónica,166.98,59,Email,4.19,2024-11-20,2025-01-19,False
2082,Televisor,55.66,3.0,2024-03-15,Electrónica,166.98,89,TV,4.98,2024-12-13,2025-02-08,False
2170,Consola de videojuegos,122.4,1.0,2024-03-15,Electrónica,122.4,50,Email,4.97,2024-05-03,2024-05-28,False
2170,Consola de videojuegos,122.4,1.0,2024-03-15,Electrónica,122.4,20,RRSS,3.16,2024-07-15,2024-08-03,False
2170,Consola de videojuegos,122.4,1.0,2024-03-15,Electrónica,122.4,80,TV,4.64,2024-11-01,2024-11-20,False
2554,Auriculares,100.07,11.0,2024-03-15,Electrónica,1100.77,47,Email,4.19,2024-06-02,2024-07-22,False
2554,Auriculares,100.07,11.0,2024-03-15,Electrónica,1100.77,17,RRSS,6.06,2024-07-15,2024-08-15,False
2554,Auriculares,100.07,11.0,2024-03-15,Electrónica,1100.77,77,TV,4.99,2024-11-11,2024-12-06,False
2647,Cámara digital,90.34,1.0,2024-03-15,Electrónica,90.34,18,RRSS,5.46,2024-07-16,2024-09-13,False
2647,Cámara digital,90.34,1.0,2024-03-15,Electrónica,90.34,78,TV,4.1,2024-08-02,2024-09-20,False
2647,Cámara digital,90.34,1.0,2024-03-15,Electrónica,90.34,48,Email,6.84,2024-10-31,2024-12-09,False
2835,Auriculares,42.5,7.0,2024-03-15,Electrónica,297.5,47,Email,4.19,2024-06-02,2024-07-22,False
2835,Auriculares,42.5,7.0,2024-03-15,Electrónica,297.5,17,RRSS,6.06,2024-07-15,2024-08-15,False
2835,Auriculares,42.5,7.0,2024-03-15,Electrónica,297.5,77,TV,4.99,2024-11-11,2024-12-06,False
2950,Consola de videojuegos,29.14,10.0,2024-03-15,Electrónica,291.4,50,Email,4.97,2024-05-03,2024-05-28,False
2950,Consola de videojuegos,29.14,10.0,2024-03-15,Electrónica,291.4,20,RRSS,3.16,2024-07-15,2024-08-03,False
2950,Consola de videojuegos,29.14,10.0,2024-03-15,Electrónica,291.4,80,TV,4.64,2024-11-01,2024-11-20,False
613,Espejo decorativo,78.46,7.0,2024-03-16,Decoración,549.2199999999999,83,TV,5.24,2024-05-31,2024-07-08,False
613,Espejo decorativo,78.46,7.0,2024-03-16,Decoración,549.2199999999999,53,Email,4.9,2024-07-17,2024-08-01,False
613,Espejo decorativo,78.46,7.0,2024-03-16,Decoración,549.2199999999999,23,RRSS,4.75,2024-08-28,2024-10-17,False
836,Cortinas,115.79,1.0,2024-03-16,Decoración,115.79,43,Email,5.67,2024-05-02,2024-06-17,False
836,Cortinas,115.79,1.0,2024-03-16,Decoración,115.79,73,TV,6.47,2024-08-17,2024-09-26,False
836,Cortinas,115.79,1.0,2024-03-16,Decoración,115.79,13,RRSS,5.22,2024-09-16,2024-10-15,False
919,Lámpara de mesa,51.5,1.0,2024-03-16,Decoración,51.5,32,Email,5.54,2024-03-28,2024-04-20,False
919,Lámpara de mesa,51.5,1.0,2024-03-16,Decoración,51.5,2,RRSS,5.88,2024-05-30,2024-06-29,False
919,Lámpara de mesa,51.5,1.0,2024-03-16,Decoración,51.5,62,TV,4.51,2024-08-26,2024-10-07,False
1099,Batidora,39.73,11.0,2024-03-16,Electrodomésticos,437.03,57,Email,4.48,2024-04-10,2024-06-08,False
1099,Batidora,39.73,11.0,2024-03-16,Electrodomésticos,437.03,87,TV,6.28,2024-08-27,2024-10-11,False
1099,Batidora,39.73,11.0,2024-03-16,Electrodomésticos,437.03,27,RRSS,4.52,2024-11-01,2024-12-08,False
1670,Plancha de vapor,101.57,7.0,2024-03-16,Electrodomésticos,710.99,36,Email,5.41,2024-04-02,2024-06-01,False
1670,Plancha de vapor,101.57,7.0,2024-03-16,Electrodomésticos,710.99,6,RRSS,4.02,2024-09-24,2024-11-02,False
1670,Plancha de vapor,101.57,7.0,2024-03-16,Electrodomésticos,710.99,66,TV,4.69,2024-10-04,2024-10-23,False
1995,Lavadora,31.36,7.0,2024-03-16,Electrodomésticos,219.51999999999998,46,Email,3.63,2024-05-12,2024-05-29,False
1995,Lavadora,31.36,7.0,2024-03-16,Electrodomésticos,219.51999999999998,76,TV,4.66,2024-05-26,2024-07-02,False
1995,Lavadora,31.36,7.0,2024-03-16,Electrodomésticos,219.51999999999998,16,RRSS,3.56,2024-08-14,2024-09-20,False
2018,SmartWatch,99.78,1.0,2024-03-16,Electrónica,99.78,85,TV,5.07,2024-04-01,2024-05-05,False
2018,SmartWatch,99.78,1.0,2024-03-16,Electrónica,99.78,55,Email,4.59,2024-10-13,2024-12-06,False
2018,SmartWatch,99.78,1.0,2024-03-16,Electrónica,99.78,25,RRSS,4.84,2024-11-23,2024-12-29,False
2030,Consola de videojuegos,108.0,9.0,2024-03-16,Electrónica,972.0,50,Email,4.97,2024-05-03,2024-05-28,False
2030,Consola de videojuegos,108.0,9.0,2024-03-16,Electrónica,972.0,20,RRSS,3.16,2024-07-15,2024-08-03,False
2030,Consola de videojuegos,108.0,9.0,2024-03-16,Electrónica,972.0,80,TV,4.64,2024-11-01,2024-11-20,False
2613,Smartphone,105.63,6.0,2024-03-16,Electrónica,633.78,21,RRSS,6.37,2024-03-29,2024-05-16,False
2613,Smartphone,105.63,6.0,2024-03-16,Electrónica,633.78,51,Email,4.65,2024-05-28,2024-06-15,False
2613,Smartphone,105.63,6.0,2024-03-16,Electrónica,633.78,81,TV,4.78,2024-09-28,2024-10-24,False
2749,Proyector,120.5,4.0,2024-03-16,Electrónica,482.0,67,TV,3.68,2024-05-22,2024-07-12,False
2749,Proyector,120.5,4.0,2024-03-16,Electrónica,482.0,37,Email,3.22,2024-07-06,2024-07-26,False
2749,Proyector,120.5,4.0,2024-03-16,Electrónica,482.0,7,RRSS,5.57,2024-07-30,2024-08-16,False
2809,Proyector,89.06,1.0,2024-03-16,Electrónica,89.06,67,TV,3.68,2024-05-22,2024-07-12,False
2809,Proyector,89.06,1.0,2024-03-16,Electrónica,89.06,37,Email,3.22,2024-07-06,2024-07-26,False
2809,Proyector,89.06,1.0,2024-03-16,Electrónica,89.06,7,RRSS,5.57,2024-07-30,2024-08-16,False
262,Cuadro decorativo,70.89,11.0,2024-03-17,Decoración,779.79,1,RRSS,5.27,2024-04-27,2024-06-04,False
262,Cuadro decorativo,70.89,11.0,2024-03-17,Decoración,779.79,31,Email,5.28,2024-08-15,2024-09-12,False
262,Cuadro decorativo,70.89,11.0,2024-03-17,Decoración,779.79,61,TV,5.3,2024-11-05,2024-12-23,False
449,Lámpara de mesa,29.32,3.0,2024-03-17,Decoración,87.96000000000001,32,Email,5.54,2024-03-28,2024-04-20,False
449,Lámpara de mesa,29.32,3.0,2024-03-17,Decoración,87.96000000000001,2,RRSS,5.88,2024-05-30,2024-06-29,False
449,Lámpara de mesa,29.32,3.0,2024-03-17,Decoración,87.96000000000001,62,TV,4.51,2024-08-26,2024-10-07,False
914,Jarrón decorativo,98.11,2.0,2024-03-17,Decoración,196.22,15,RRSS,4.65,2024-05-09,2024-06-13,False
914,Jarrón decorativo,98.11,2.0,2024-03-17,Decoración,196.22,45,Email,4.52,2024-06-05,2024-07-31,False
914,Jarrón decorativo,98.11,2.0,2024-03-17,Decoración,196.22,75,TV,4.1,2024-11-03,2024-12-25,False
1067,Horno eléctrico,116.21,8.0,2024-03-17,Electrodomésticos,929.68,35,Email,5.65,2024-07-31,2024-09-29,False
1067,Horno eléctrico,116.21,8.0,2024-03-17,Electrodomésticos,929.68,5,RRSS,5.16,2024-08-22,2024-10-17,False
1067,Horno eléctrico,116.21,8.0,2024-03-17,Electrodomésticos,929.68,65,TV,3.08,2024-10-23,2024-12-11,False
1164,Aspiradora,102.32,2.0,2024-03-17,Electrodomésticos,204.64,40,Email,6.24,2024-06-24,2024-08-12,False
1164,Aspiradora,102.32,2.0,2024-03-17,Electrodomésticos,204.64,10,RRSS,7.16,2024-08-19,2024-09-19,False
1164,Aspiradora,102.32,2.0,2024-03-17,Electrodomésticos,204.64,70,TV,3.06,2024-12-13,2024-12-29,False
1209,Batidora,111.44,3.0,2024-03-17,Electrodomésticos,334.32,57,Email,4.48,2024-04-10,2024-06-08,False
1209,Batidora,111.44,3.0,2024-03-17,Electrodomésticos,334.32,87,TV,6.28,2024-08-27,2024-10-11,False
1209,Batidora,111.44,3.0,2024-03-17,Electrodomésticos,334.32,27,RRSS,4.52,2024-11-01,2024-12-08,False
1545,Lavadora,33.31,10.0,2024-03-17,Electrodomésticos,333.1,46,Email,3.63,2024-05-12,2024-05-29,False
1545,Lavadora,33.31,10.0,2024-03-17,Electrodomésticos,333.1,76,TV,4.66,2024-05-26,2024-07-02,False
1545,Lavadora,33.31,10.0,2024-03-17,Electrodomésticos,333.1,16,RRSS,3.56,2024-08-14,2024-09-20,False
2444,Auriculares,70.16,11.0,2024-03-17,Electrónica,771.76,47,Email,4.19,2024-06-02,2024-07-22,False
2444,Auriculares,70.16,11.0,2024-03-17,Electrónica,771.76,17,RRSS,6.06,2024-07-15,2024-08-15,False
2444,Auriculares,70.16,11.0,2024-03-17,Electrónica,771.76,77,TV,4.99,2024-11-11,2024-12-06,False
2577,Cámara digital,45.12,6.0,2024-03-17,Electrónica,270.71999999999997,18,RRSS,5.46,2024-07-16,2024-09-13,False
2577,Cámara digital,45.12,6.0,2024-03-17,Electrónica,270.71999999999997,78,TV,4.1,2024-08-02,2024-09-20,False
2577,Cámara digital,45.12,6.0,2024-03-17,Electrónica,270.71999999999997,48,Email,6.84,2024-10-31,2024-12-09,False
2677,Cámara digital,92.0,10.0,2024-03-17,Electrónica,920.0,18,RRSS,5.46,2024-07-16,2024-09-13,False
2677,Cámara digital,92.0,10.0,2024-03-17,Electrónica,920.0,78,TV,4.1,2024-08-02,2024-09-20,False
2677,Cámara digital,92.0,10.0,2024-03-17,Electrónica,920.0,48,Email,6.84,2024-10-31,2024-12-09,False
188,Rincón de plantas,101.62,9.0,2024-03-18,Decoración,914.58,38,Email,5.76,2024-06-14,2024-07-15,False
188,Rincón de plantas,101.62,9.0,2024-03-18,Decoración,914.58,8,RRSS,4.88,2024-08-03,2024-08-18,False
188,Rincón de plantas,101.62,9.0,2024-03-18,Decoración,914.58,68,TV,5.81,2024-12-17,2025-02-14,False
407,Elementos de cerámica,97.51,5.0,2024-03-18,Decoración,487.55,22,RRSS,5.44,2024-06-26,2024-07-15,False
407,Elementos de cerámica,97.51,5.0,2024-03-18,Decoración,487.55,82,TV,5.69,2024-09-08,2024-10-12,False
407,Elementos de cerámica,97.51,5.0,2024-03-18,Decoración,487.55,52,Email,5.74,2024-09-09,2024-09-30,False
505,Alfombra,96.21,11.0,2024-03-18,Decoración,1058.31,58,Email,4.25,2024-03-31,2024-05-05,False
505,Alfombra,96.21,11.0,2024-03-18,Decoración,1058.31,88,TV,7.39,2024-07-25,2024-08-31,False
505,Alfombra,96.21,11.0,2024-03-18,Decoración,1058.31,28,RRSS,5.82,2024-11-27,2025-01-08,False
872,Cuadro decorativo,55.89,10.0,2024-03-18,Decoración,558.9,1,RRSS,5.27,2024-04-27,2024-06-04,False
872,Cuadro decorativo,55.89,10.0,2024-03-18,Decoración,558.9,31,Email,5.28,2024-08-15,2024-09-12,False
872,Cuadro decorativo,55.89,10.0,2024-03-18,Decoración,558.9,61,TV,5.3,2024-11-05,2024-12-23,False
926,Cortinas,63.98,11.0,2024-03-18,Decoración,703.78,43,Email,5.67,2024-05-02,2024-06-17,False
926,Cortinas,63.98,11.0,2024-03-18,Decoración,703.78,73,TV,6.47,2024-08-17,2024-09-26,False
926,Cortinas,63.98,11.0,2024-03-18,Decoración,703.78,13,RRSS,5.22,2024-09-16,2024-10-15,False
1384,Aspiradora,80.38,9.0,2024-03-18,Electrodomésticos,723.42,40,Email,6.24,2024-06-24,2024-08-12,False
1384,Aspiradora,80.38,9.0,2024-03-18,Electrodomésticos,723.42,10,RRSS,7.16,2024-08-19,2024-09-19,False
1384,Aspiradora,80.38,9.0,2024-03-18,Electrodomésticos,723.42,70,TV,3.06,2024-12-13,2024-12-29,False
2035,Auriculares,78.28,6.0,2024-03-18,Electrónica,469.68,47,Email,4.19,2024-06-02,2024-07-22,False
2035,Auriculares,78.28,6.0,2024-03-18,Electrónica,469.68,17,RRSS,6.06,2024-07-15,2024-08-15,False
2035,Auriculares,78.28,6.0,2024-03-18,Electrónica,469.68,77,TV,4.99,2024-11-11,2024-12-06,False
2454,Auriculares,101.08,10.0,2024-03-18,Electrónica,1010.8,47,Email,4.19,2024-06-02,2024-07-22,False
2454,Auriculares,101.08,10.0,2024-03-18,Electrónica,1010.8,17,RRSS,6.06,2024-07-15,2024-08-15,False
2454,Auriculares,101.08,10.0,2024-03-18,Electrónica,1010.8,77,TV,4.99,2024-11-11,2024-12-06,False
2496,Laptop,40.16,3.0,2024-03-18,Electrónica,120.47999999999999,60,Email,4.89,2024-09-28,2024-10-27,False
2496,Laptop,40.16,3.0,2024-03-18,Electrónica,120.47999999999999,30,RRSS,4.68,2024-10-23,2024-11-24,False
2496,Laptop,40.16,3.0,2024-03-18,Electrónica,120.47999999999999,90,TV,5.62,2024-11-16,2025-01-13,False
2763,Smartphone,107.84,11.0,2024-03-18,Electrónica,1186.24,21,RRSS,6.37,2024-03-29,2024-05-16,False
2763,Smartphone,107.84,11.0,2024-03-18,Electrónica,1186.24,51,Email,4.65,2024-05-28,2024-06-15,False
2763,Smartphone,107.84,11.0,2024-03-18,Electrónica,1186.24,81,TV,4.78,2024-09-28,2024-10-24,False
314,Jarrón decorativo,109.29,10.0,2024-03-19,Decoración,1092.9,15,RRSS,4.65,2024-05-09,2024-06-13,False
314,Jarrón decorativo,109.29,10.0,2024-03-19,Decoración,1092.9,45,Email,4.52,2024-06-05,2024-07-31,False
314,Jarrón decorativo,109.29,10.0,2024-03-19,Decoración,1092.9,75,TV,4.1,2024-11-03,2024-12-25,False
731,Lámpara de mesa,40.05,2.0,2024-03-19,Decoración,80.1,32,Email,5.54,2024-03-28,2024-04-20,False
731,Lámpara de mesa,40.05,2.0,2024-03-19,Decoración,80.1,2,RRSS,5.88,2024-05-30,2024-06-29,False
731,Lámpara de mesa,40.05,2.0,2024-03-19,Decoración,80.1,62,TV,4.51,2024-08-26,2024-10-07,False
961,Lámpara de mesa,103.06,9.0,2024-03-19,Decoración,927.54,32,Email,5.54,2024-03-28,2024-04-20,False
961,Lámpara de mesa,103.06,9.0,2024-03-19,Decoración,927.54,2,RRSS,5.88,2024-05-30,2024-06-29,False
961,Lámpara de mesa,103.06,9.0,2024-03-19,Decoración,927.54,62,TV,4.51,2024-08-26,2024-10-07,False
1073,Microondas,72.86,10.0,2024-03-19,Electrodomésticos,728.6,56,Email,4.94,2024-08-06,2024-08-25,False
1073,Microondas,72.86,10.0,2024-03-19,Electrodomésticos,728.6,26,RRSS,5.0,2024-09-25,2024-10-14,False
1073,Microondas,72.86,10.0,2024-03-19,Electrodomésticos,728.6,86,TV,4.25,2024-09-25,2024-11-15,False
1917,Horno eléctrico,82.36,2.0,2024-03-19,Electrodomésticos,164.72,35,Email,5.65,2024-07-31,2024-09-29,False
1917,Horno eléctrico,82.36,2.0,2024-03-19,Electrodomésticos,164.72,5,RRSS,5.16,2024-08-22,2024-10-17,False
1917,Horno eléctrico,82.36,2.0,2024-03-19,Electrodomésticos,164.72,65,TV,3.08,2024-10-23,2024-12-11,False
2037,Cámara digital,68.66,12.0,2024-03-19,Electrónica,823.92,18,RRSS,5.46,2024-07-16,2024-09-13,False
2037,Cámara digital,68.66,12.0,2024-03-19,Electrónica,823.92,78,TV,4.1,2024-08-02,2024-09-20,False
2037,Cámara digital,68.66,12.0,2024-03-19,Electrónica,823.92,48,Email,6.84,2024-10-31,2024-12-09,False
2047,Cámara digital,85.45,3.0,2024-03-19,Electrónica,256.35,18,RRSS,5.46,2024-07-16,2024-09-13,False
2047,Cámara digital,85.45,3.0,2024-03-19,Electrónica,256.35,78,TV,4.1,2024-08-02,2024-09-20,False
2047,Cámara digital,85.45,3.0,2024-03-19,Electrónica,256.35,48,Email,6.84,2024-10-31,2024-12-09,False
2157,Cámara digital,65.62,8.0,2024-03-19,Electrónica,524.96,18,RRSS,5.46,2024-07-16,2024-09-13,False
2157,Cámara digital,65.62,8.0,2024-03-19,Electrónica,524.96,78,TV,4.1,2024-08-02,2024-09-20,False
2157,Cámara digital,65.62,8.0,2024-03-19,Electrónica,524.96,48,Email,6.84,2024-10-31,2024-12-09,False
197,Elementos de cerámica,89.17,4.0,2024-03-20,Decoración,356.68,22,RRSS,5.44,2024-06-26,2024-07-15,False
197,Elementos de cerámica,89.17,4.0,2024-03-20,Decoración,356.68,82,TV,5.69,2024-09-08,2024-10-12,False
197,Elementos de cerámica,89.17,4.0,2024-03-20,Decoración,356.68,52,Email,5.74,2024-09-09,2024-09-30,False
206,Cortinas,73.65,2.0,2024-03-20,Decoración,147.3,43,Email,5.67,2024-05-02,2024-06-17,False
206,Cortinas,73.65,2.0,2024-03-20,Decoración,147.3,73,TV,6.47,2024-08-17,2024-09-26,False
206,Cortinas,73.65,2.0,2024-03-20,Decoración,147.3,13,RRSS,5.22,2024-09-16,2024-10-15,False
234,Jarrón decorativo,112.4,9.0,2024-03-20,Decoración,1011.6,15,RRSS,4.65,2024-05-09,2024-06-13,False
234,Jarrón decorativo,112.4,9.0,2024-03-20,Decoración,1011.6,45,Email,4.52,2024-06-05,2024-07-31,False
234,Jarrón decorativo,112.4,9.0,2024-03-20,Decoración,1011.6,75,TV,4.1,2024-11-03,2024-12-25,False
746,Cortinas,64.93,10.0,2024-03-20,Decoración,649.3000000000001,43,Email,5.67,2024-05-02,2024-06-17,False
746,Cortinas,64.93,10.0,2024-03-20,Decoración,649.3000000000001,73,TV,6.47,2024-08-17,2024-09-26,False
746,Cortinas,64.93,10.0,2024-03-20,Decoración,649.3000000000001,13,RRSS,5.22,2024-09-16,2024-10-15,False
855,Alfombra,48.79,11.0,2024-03-20,Decoración,536.6899999999999,58,Email,4.25,2024-03-31,2024-05-05,False
855,Alfombra,48.79,11.0,2024-03-20,Decoración,536.6899999999999,88,TV,7.39,2024-07-25,2024-08-31,False
855,Alfombra,48.79,11.0,2024-03-20,Decoración,536.6899999999999,28,RRSS,5.82,2024-11-27,2025-01-08,False
950,Adorno de pared,116.42,6.0,2024-03-20,Decoración,698.52,74,TV,4.81,2024-03-20,2024-05-03,True
950,Adorno de pared,116.42,6.0,2024-03-20,Decoración,698.52,44,Email,5.08,2024-04-13,2024-05-10,False
950,Adorno de pared,116.42,6.0,2024-03-20,Decoración,698.52,14,RRSS,4.16,2024-10-22,2024-12-21,False
1581,Freidora eléctrica,88.59,8.0,2024-03-20,Electrodomésticos,708.72,71,TV,4.37,2024-06-05,2024-07-24,False
1581,Freidora eléctrica,88.59,8.0,2024-03-20,Electrodomésticos,708.72,41,Email,3.92,2024-11-23,2025-01-01,False
1581,Freidora eléctrica,88.59,8.0,2024-03-20,Electrodomésticos,708.72,11,RRSS,5.27,2024-12-29,2025-01-21,False
2001,Freidora eléctrica,43.14,12.0,2024-03-20,Electrodomésticos,517.6800000000001,71,TV,4.37,2024-06-05,2024-07-24,False
2001,Freidora eléctrica,43.14,12.0,2024-03-20,Electrodomésticos,517.6800000000001,41,Email,3.92,2024-11-23,2025-01-01,False
2001,Freidora eléctrica,43.14,12.0,2024-03-20,Electrodomésticos,517.6800000000001,11,RRSS,5.27,2024-12-29,2025-01-21,False
2112,Televisor,34.89,12.0,2024-03-20,Electrónica,418.68,29,RRSS,3.96,2024-05-17,2024-06-28,False
2112,Televisor,34.89,12.0,2024-03-20,Electrónica,418.68,59,Email,4.19,2024-11-20,2025-01-19,False
2112,Televisor,34.89,12.0,2024-03-20,Electrónica,418.68,89,TV,4.98,2024-12-13,2025-02-08,False
2530,Consola de videojuegos,54.04,8.0,2024-03-20,Electrónica,432.32,50,Email,4.97,2024-05-03,2024-05-28,False
2530,Consola de videojuegos,54.04,8.0,2024-03-20,Electrónica,432.32,20,RRSS,3.16,2024-07-15,2024-08-03,False
2530,Consola de videojuegos,54.04,8.0,2024-03-20,Electrónica,432.32,80,TV,4.64,2024-11-01,2024-11-20,False
195,Alfombra,115.12,12.0,2024-03-21,Decoración,1381.44,58,Email,4.25,2024-03-31,2024-05-05,False
195,Alfombra,115.12,12.0,2024-03-21,Decoración,1381.44,88,TV,7.39,2024-07-25,2024-08-31,False
195,Alfombra,115.12,12.0,2024-03-21,Decoración,1381.44,28,RRSS,5.82,2024-11-27,2025-01-08,False
780,Adorno de pared,79.13,7.0,2024-03-21,Decoración,553.91,74,TV,4.81,2024-03-20,2024-05-03,True
780,Adorno de pared,79.13,7.0,2024-03-21,Decoración,553.91,44,Email,5.08,2024-04-13,2024-05-10,False
780,Adorno de pared,79.13,7.0,2024-03-21,Decoración,553.91,14,RRSS,4.16,2024-10-22,2024-12-21,False
1290,Plancha de vapor,76.04,5.0,2024-03-21,Electrodomésticos,380.20000000000005,36,Email,5.41,2024-04-02,2024-06-01,False
1290,Plancha de vapor,76.04,5.0,2024-03-21,Electrodomésticos,380.20000000000005,6,RRSS,4.02,2024-09-24,2024-11-02,False
1290,Plancha de vapor,76.04,5.0,2024-03-21,Electrodomésticos,380.20000000000005,66,TV,4.69,2024-10-04,2024-10-23,False
1537,Horno eléctrico,103.51,7.0,2024-03-21,Electrodomésticos,724.57,35,Email,5.65,2024-07-31,2024-09-29,False
1537,Horno eléctrico,103.51,7.0,2024-03-21,Electrodomésticos,724.57,5,RRSS,5.16,2024-08-22,2024-10-17,False
1537,Horno eléctrico,103.51,7.0,2024-03-21,Electrodomésticos,724.57,65,TV,3.08,2024-10-23,2024-12-11,False
1677,Horno eléctrico,116.79,12.0,2024-03-21,Electrodomésticos,1401.48,35,Email,5.65,2024-07-31,2024-09-29,False
1677,Horno eléctrico,116.79,12.0,2024-03-21,Electrodomésticos,1401.48,5,RRSS,5.16,2024-08-22,2024-10-17,False
1677,Horno eléctrico,116.79,12.0,2024-03-21,Electrodomésticos,1401.48,65,TV,3.08,2024-10-23,2024-12-11,False
1831,Freidora eléctrica,87.85,4.0,2024-03-21,Electrodomésticos,351.4,71,TV,4.37,2024-06-05,2024-07-24,False
1831,Freidora eléctrica,87.85,4.0,2024-03-21,Electrodomésticos,351.4,41,Email,3.92,2024-11-23,2025-01-01,False
1831,Freidora eléctrica,87.85,4.0,2024-03-21,Electrodomésticos,351.4,11,RRSS,5.27,2024-12-29,2025-01-21,False
2200,Consola de videojuegos,44.36,10.0,2024-03-21,Electrónica,443.6,50,Email,4.97,2024-05-03,2024-05-28,False
2200,Consola de videojuegos,44.36,10.0,2024-03-21,Electrónica,443.6,20,RRSS,3.16,2024-07-15,2024-08-03,False
2200,Consola de videojuegos,44.36,10.0,2024-03-21,Electrónica,443.6,80,TV,4.64,2024-11-01,2024-11-20,False
2650,Consola de videojuegos,50.77,10.0,2024-03-21,Electrónica,507.70000000000005,50,Email,4.97,2024-05-03,2024-05-28,False
2650,Consola de videojuegos,50.77,10.0,2024-03-21,Electrónica,507.70000000000005,20,RRSS,3.16,2024-07-15,2024-08-03,False
2650,Consola de videojuegos,50.77,10.0,2024-03-21,Electrónica,507.70000000000005,80,TV,4.64,2024-11-01,2024-11-20,False
2691,Parlantes Bluetooth,32.86,11.0,2024-03-21,Electrónica,361.46,84,TV,4.42,2024-04-17,2024-05-05,False
2691,Parlantes Bluetooth,32.86,11.0,2024-03-21,Electrónica,361.46,54,Email,2.95,2024-08-09,2024-09-22,False
2691,Parlantes Bluetooth,32.86,11.0,2024-03-21,Electrónica,361.46,24,RRSS,6.0,2024-09-22,2024-10-26,False
2701,Parlantes Bluetooth,88.65,9.0,2024-03-21,Electrónica,797.85,84,TV,4.42,2024-04-17,2024-05-05,False
2701,Parlantes Bluetooth,88.65,9.0,2024-03-21,Electrónica,797.85,54,Email,2.95,2024-08-09,2024-09-22,False
2701,Parlantes Bluetooth,88.65,9.0,2024-03-21,Electrónica,797.85,24,RRSS,6.0,2024-09-22,2024-10-26,False
2946,Laptop,27.65,11.0,2024-03-21,Electrónica,304.15,60,Email,4.89,2024-09-28,2024-10-27,False
2946,Laptop,27.65,11.0,2024-03-21,Electrónica,304.15,30,RRSS,4.68,2024-10-23,2024-11-24,False
2946,Laptop,27.65,11.0,2024-03-21,Electrónica,304.15,90,TV,5.62,2024-11-16,2025-01-13,False
65,Alfombra,63.14,2.0,2024-03-22,Decoración,126.28,58,Email,4.25,2024-03-31,2024-05-05,False
65,Alfombra,63.14,2.0,2024-03-22,Decoración,126.28,88,TV,7.39,2024-07-25,2024-08-31,False
65,Alfombra,63.14,2.0,2024-03-22,Decoración,126.28,28,RRSS,5.82,2024-11-27,2025-01-08,False
270,Adorno de pared,96.59,6.0,2024-03-22,Decoración,579.54,74,TV,4.81,2024-03-20,2024-05-03,True
270,Adorno de pared,96.59,6.0,2024-03-22,Decoración,579.54,44,Email,5.08,2024-04-13,2024-05-10,False
270,Adorno de pared,96.59,6.0,2024-03-22,Decoración,579.54,14,RRSS,4.16,2024-10-22,2024-12-21,False
645,Alfombra,36.17,1.0,2024-03-22,Decoración,36.17,58,Email,4.25,2024-03-31,2024-05-05,False
645,Alfombra,36.17,1.0,2024-03-22,Decoración,36.17,88,TV,7.39,2024-07-25,2024-08-31,False
645,Alfombra,36.17,1.0,2024-03-22,Decoración,36.17,28,RRSS,5.82,2024-11-27,2025-01-08,False
1222,Heladera,103.34,8.0,2024-03-22,Electrodomésticos,826.72,34,Email,4.2,2024-05-06,2024-07-05,False
1222,Heladera,103.34,8.0,2024-03-22,Electrodomésticos,826.72,4,RRSS,4.53,2024-05-31,2024-07-15,False
1222,Heladera,103.34,8.0,2024-03-22,Electrodomésticos,826.72,64,TV,4.38,2024-07-10,2024-08-09,False
1921,Freidora eléctrica,124.0,5.0,2024-03-22,Electrodomésticos,620.0,71,TV,4.37,2024-06-05,2024-07-24,False
1921,Freidora eléctrica,124.0,5.0,2024-03-22,Electrodomésticos,620.0,41,Email,3.92,2024-11-23,2025-01-01,False
1921,Freidora eléctrica,124.0,5.0,2024-03-22,Electrodomésticos,620.0,11,RRSS,5.27,2024-12-29,2025-01-21,False
2059,Proyector,116.66,12.0,2024-03-22,Electrónica,1399.92,67,TV,3.68,2024-05-22,2024-07-12,False
2059,Proyector,116.66,12.0,2024-03-22,Electrónica,1399.92,37,Email,3.22,2024-07-06,2024-07-26,False
2059,Proyector,116.66,12.0,2024-03-22,Electrónica,1399.92,7,RRSS,5.57,2024-07-30,2024-08-16,False
2100,Consola de videojuegos,94.73,1.0,2024-03-22,Electrónica,94.73,50,Email,4.97,2024-05-03,2024-05-28,False
2100,Consola de videojuegos,94.73,1.0,2024-03-22,Electrónica,94.73,20,RRSS,3.16,2024-07-15,2024-08-03,False
2100,Consola de videojuegos,94.73,1.0,2024-03-22,Electrónica,94.73,80,TV,4.64,2024-11-01,2024-11-20,False
2162,Televisor,40.83,3.0,2024-03-22,Electrónica,122.49,29,RRSS,3.96,2024-05-17,2024-06-28,False
2162,Televisor,40.83,3.0,2024-03-22,Electrónica,122.49,59,Email,4.19,2024-11-20,2025-01-19,False
2162,Televisor,40.83,3.0,2024-03-22,Electrónica,122.49,89,TV,4.98,2024-12-13,2025-02-08,False
2634,Auriculares,124.63,10.0,2024-03-22,Electrónica,1246.3,47,Email,4.19,2024-06-02,2024-07-22,False
2634,Auriculares,124.63,10.0,2024-03-22,Electrónica,1246.3,17,RRSS,6.06,2024-07-15,2024-08-15,False
2634,Auriculares,124.63,10.0,2024-03-22,Electrónica,1246.3,77,TV,4.99,2024-11-11,2024-12-06,False
2813,Smartphone,114.94,11.0,2024-03-22,Electrónica,1264.34,21,RRSS,6.37,2024-03-29,2024-05-16,False
2813,Smartphone,114.94,11.0,2024-03-22,Electrónica,1264.34,51,Email,4.65,2024-05-28,2024-06-15,False
2813,Smartphone,114.94,11.0,2024-03-22,Electrónica,1264.34,81,TV,4.78,2024-09-28,2024-10-24,False
1607,Horno eléctrico,53.09,3.0,2024-03-23,Electrodomésticos,159.27,35,Email,5.65,2024-07-31,2024-09-29,False
1607,Horno eléctrico,53.09,3.0,2024-03-23,Electrodomésticos,159.27,5,RRSS,5.16,2024-08-22,2024-10-17,False
1607,Horno eléctrico,53.09,3.0,2024-03-23,Electrodomésticos,159.27,65,TV,3.08,2024-10-23,2024-12-11,False
1690,Plancha de vapor,68.28,9.0,2024-03-23,Electrodomésticos,614.52,36,Email,5.41,2024-04-02,2024-06-01,False
1690,Plancha de vapor,68.28,9.0,2024-03-23,Electrodomésticos,614.52,6,RRSS,4.02,2024-09-24,2024-11-02,False
1690,Plancha de vapor,68.28,9.0,2024-03-23,Electrodomésticos,614.52,66,TV,4.69,2024-10-04,2024-10-23,False
2456,Laptop,68.84,11.0,2024-03-23,Electrónica,757.24,60,Email,4.89,2024-09-28,2024-10-27,False
2456,Laptop,68.84,11.0,2024-03-23,Electrónica,757.24,30,RRSS,4.68,2024-10-23,2024-11-24,False
2456,Laptop,68.84,11.0,2024-03-23,Electrónica,757.24,90,TV,5.62,2024-11-16,2025-01-13,False
210,Adorno de pared,71.67,4.0,2024-03-24,Decoración,286.68,74,TV,4.81,2024-03-20,2024-05-03,True
210,Adorno de pared,71.67,4.0,2024-03-24,Decoración,286.68,44,Email,5.08,2024-04-13,2024-05-10,False
210,Adorno de pared,71.67,4.0,2024-03-24,Decoración,286.68,14,RRSS,4.16,2024-10-22,2024-12-21,False
708,Rincón de plantas,63.1,11.0,2024-03-24,Decoración,694.1,38,Email,5.76,2024-06-14,2024-07-15,False
708,Rincón de plantas,63.1,11.0,2024-03-24,Decoración,694.1,8,RRSS,4.88,2024-08-03,2024-08-18,False
708,Rincón de plantas,63.1,11.0,2024-03-24,Decoración,694.1,68,TV,5.81,2024-12-17,2025-02-14,False
1502,Heladera,112.52,4.0,2024-03-24,Electrodomésticos,450.08,34,Email,4.2,2024-05-06,2024-07-05,False
1502,Heladera,112.52,4.0,2024-03-24,Electrodomésticos,450.08,4,RRSS,4.53,2024-05-31,2024-07-15,False
1502,Heladera,112.52,4.0,2024-03-24,Electrodomésticos,450.08,64,TV,4.38,2024-07-10,2024-08-09,False
1562,Heladera,31.42,1.0,2024-03-24,Electrodomésticos,31.42,34,Email,4.2,2024-05-06,2024-07-05,False
1562,Heladera,31.42,1.0,2024-03-24,Electrodomésticos,31.42,4,RRSS,4.53,2024-05-31,2024-07-15,False
1562,Heladera,31.42,1.0,2024-03-24,Electrodomésticos,31.42,64,TV,4.38,2024-07-10,2024-08-09,False
1904,Aspiradora,102.92,5.0,2024-03-24,Electrodomésticos,514.6,40,Email,6.24,2024-06-24,2024-08-12,False
1904,Aspiradora,102.92,5.0,2024-03-24,Electrodomésticos,514.6,10,RRSS,7.16,2024-08-19,2024-09-19,False
1904,Aspiradora,102.92,5.0,2024-03-24,Electrodomésticos,514.6,70,TV,3.06,2024-12-13,2024-12-29,False
2003,Smartphone,118.8,2.0,2024-03-24,Electrónica,237.6,21,RRSS,6.37,2024-03-29,2024-05-16,False
2003,Smartphone,118.8,2.0,2024-03-24,Electrónica,237.6,51,Email,4.65,2024-05-28,2024-06-15,False
2003,Smartphone,118.8,2.0,2024-03-24,Electrónica,237.6,81,TV,4.78,2024-09-28,2024-10-24,False
2399,Proyector,96.7,3.0,2024-03-24,Electrónica,290.1,67,TV,3.68,2024-05-22,2024-07-12,False
2399,Proyector,96.7,3.0,2024-03-24,Electrónica,290.1,37,Email,3.22,2024-07-06,2024-07-26,False
2399,Proyector,96.7,3.0,2024-03-24,Electrónica,290.1,7,RRSS,5.57,2024-07-30,2024-08-16,False
2420,Consola de videojuegos,72.78,9.0,2024-03-24,Electrónica,655.02,50,Email,4.97,2024-05-03,2024-05-28,False
2420,Consola de videojuegos,72.78,9.0,2024-03-24,Electrónica,655.02,20,RRSS,3.16,2024-07-15,2024-08-03,False
2420,Consola de videojuegos,72.78,9.0,2024-03-24,Electrónica,655.02,80,TV,4.64,2024-11-01,2024-11-20,False
2462,Televisor,46.04,3.0,2024-03-24,Electrónica,138.12,29,RRSS,3.96,2024-05-17,2024-06-28,False
2462,Televisor,46.04,3.0,2024-03-24,Electrónica,138.12,59,Email,4.19,2024-11-20,2025-01-19,False
2462,Televisor,46.04,3.0,2024-03-24,Electrónica,138.12,89,TV,4.98,2024-12-13,2025-02-08,False
2480,Consola de videojuegos,96.21,11.0,2024-03-24,Electrónica,1058.31,50,Email,4.97,2024-05-03,2024-05-28,False
2480,Consola de videojuegos,96.21,11.0,2024-03-24,Electrónica,1058.31,20,RRSS,3.16,2024-07-15,2024-08-03,False
2480,Consola de videojuegos,96.21,11.0,2024-03-24,Electrónica,1058.31,80,TV,4.64,2024-11-01,2024-11-20,False
339,Lámpara de mesa,42.6,1.0,2024-03-25,Decoración,42.6,32,Email,5.54,2024-03-28,2024-04-20,False
339,Lámpara de mesa,42.6,1.0,2024-03-25,Decoración,42.6,2,RRSS,5.88,2024-05-30,2024-06-29,False
339,Lámpara de mesa,42.6,1.0,2024-03-25,Decoración,42.6,62,TV,4.51,2024-08-26,2024-10-07,False
595,Alfombra,83.25,1.0,2024-03-25,Decoración,83.25,58,Email,4.25,2024-03-31,2024-05-05,False
595,Alfombra,83.25,1.0,2024-03-25,Decoración,83.25,88,TV,7.39,2024-07-25,2024-08-31,False
595,Alfombra,83.25,1.0,2024-03-25,Decoración,83.25,28,RRSS,5.82,2024-11-27,2025-01-08,False
629,Lámpara de mesa,40.3,2.0,2024-03-25,Decoración,80.6,32,Email,5.54,2024-03-28,2024-04-20,False
629,Lámpara de mesa,40.3,2.0,2024-03-25,Decoración,80.6,2,RRSS,5.88,2024-05-30,2024-06-29,False
629,Lámpara de mesa,40.3,2.0,2024-03-25,Decoración,80.6,62,TV,4.51,2024-08-26,2024-10-07,False
652,Cuadro decorativo,100.52,9.0,2024-03-25,Decoración,904.68,1,RRSS,5.27,2024-04-27,2024-06-04,False
652,Cuadro decorativo,100.52,9.0,2024-03-25,Decoración,904.68,31,Email,5.28,2024-08-15,2024-09-12,False
652,Cuadro decorativo,100.52,9.0,2024-03-25,Decoración,904.68,61,TV,5.3,2024-11-05,2024-12-23,False
1093,Microondas,71.38,1.0,2024-03-25,Electrodomésticos,71.38,56,Email,4.94,2024-08-06,2024-08-25,False
1093,Microondas,71.38,1.0,2024-03-25,Electrodomésticos,71.38,26,RRSS,5.0,2024-09-25,2024-10-14,False
1093,Microondas,71.38,1.0,2024-03-25,Electrodomésticos,71.38,86,TV,4.25,2024-09-25,2024-11-15,False
1918,Cafetera,39.33,10.0,2024-03-25,Electrodomésticos,393.29999999999995,49,Email,5.2,2024-06-20,2024-07-22,False
1918,Cafetera,39.33,10.0,2024-03-25,Electrodomésticos,393.29999999999995,79,TV,7.26,2024-08-13,2024-10-11,False
1918,Cafetera,39.33,10.0,2024-03-25,Electrodomésticos,393.29999999999995,19,RRSS,5.7,2024-08-19,2024-09-15,False
2306,Laptop,80.84,9.0,2024-03-25,Electrónica,727.5600000000001,60,Email,4.89,2024-09-28,2024-10-27,False
2306,Laptop,80.84,9.0,2024-03-25,Electrónica,727.5600000000001,30,RRSS,4.68,2024-10-23,2024-11-24,False
2306,Laptop,80.84,9.0,2024-03-25,Electrónica,727.5600000000001,90,TV,5.62,2024-11-16,2025-01-13,False
2542,Televisor,67.37,4.0,2024-03-25,Electrónica,269.48,29,RRSS,3.96,2024-05-17,2024-06-28,False
2542,Televisor,67.37,4.0,2024-03-25,Electrónica,269.48,59,Email,4.19,2024-11-20,2025-01-19,False
2542,Televisor,67.37,4.0,2024-03-25,Electrónica,269.48,89,TV,4.98,2024-12-13,2025-02-08,False
594,Jarrón decorativo,115.95,1.0,2024-03-26,Decoración,115.95,15,RRSS,4.65,2024-05-09,2024-06-13,False
594,Jarrón decorativo,115.95,1.0,2024-03-26,Decoración,115.95,45,Email,4.52,2024-06-05,2024-07-31,False
594,Jarrón decorativo,115.95,1.0,2024-03-26,Decoración,115.95,75,TV,4.1,2024-11-03,2024-12-25,False
649,Lámpara de mesa,83.61,1.0,2024-03-26,Decoración,83.61,32,Email,5.54,2024-03-28,2024-04-20,False
649,Lámpara de mesa,83.61,1.0,2024-03-26,Decoración,83.61,2,RRSS,5.88,2024-05-30,2024-06-29,False
649,Lámpara de mesa,83.61,1.0,2024-03-26,Decoración,83.61,62,TV,4.51,2024-08-26,2024-10-07,False
1183,Microondas,49.65,5.0,2024-03-26,Electrodomésticos,248.25,56,Email,4.94,2024-08-06,2024-08-25,False
1183,Microondas,49.65,5.0,2024-03-26,Electrodomésticos,248.25,26,RRSS,5.0,2024-09-25,2024-10-14,False
1183,Microondas,49.65,5.0,2024-03-26,Electrodomésticos,248.25,86,TV,4.25,2024-09-25,2024-11-15,False
1648,Cafetera,63.49,7.0,2024-03-26,Electrodomésticos,444.43,49,Email,5.2,2024-06-20,2024-07-22,False
1648,Cafetera,63.49,7.0,2024-03-26,Electrodomésticos,444.43,79,TV,7.26,2024-08-13,2024-10-11,False
1648,Cafetera,63.49,7.0,2024-03-26,Electrodomésticos,444.43,19,RRSS,5.7,2024-08-19,2024-09-15,False
1705,Lavadora,81.34,4.0,2024-03-26,Electrodomésticos,325.36,46,Email,3.63,2024-05-12,2024-05-29,False
1705,Lavadora,81.34,4.0,2024-03-26,Electrodomésticos,325.36,76,TV,4.66,2024-05-26,2024-07-02,False
1705,Lavadora,81.34,4.0,2024-03-26,Electrodomésticos,325.36,16,RRSS,3.56,2024-08-14,2024-09-20,False
1874,Aspiradora,78.77,1.0,2024-03-26,Electrodomésticos,78.77,40,Email,6.24,2024-06-24,2024-08-12,False
1874,Aspiradora,78.77,1.0,2024-03-26,Electrodomésticos,78.77,10,RRSS,7.16,2024-08-19,2024-09-19,False
1874,Aspiradora,78.77,1.0,2024-03-26,Electrodomésticos,78.77,70,TV,3.06,2024-12-13,2024-12-29,False
2912,Televisor,42.72,1.0,2024-03-26,Electrónica,42.72,29,RRSS,3.96,2024-05-17,2024-06-28,False
2912,Televisor,42.72,1.0,2024-03-26,Electrónica,42.72,59,Email,4.19,2024-11-20,2025-01-19,False
2912,Televisor,42.72,1.0,2024-03-26,Electrónica,42.72,89,TV,4.98,2024-12-13,2025-02-08,False
132,Cuadro decorativo,56.45,12.0,2024-03-27,Decoración,677.4000000000001,1,RRSS,5.27,2024-04-27,2024-06-04,False
132,Cuadro decorativo,56.45,12.0,2024-03-27,Decoración,677.4000000000001,31,Email,5.28,2024-08-15,2024-09-12,False
132,Cuadro decorativo,56.45,12.0,2024-03-27,Decoración,677.4000000000001,61,TV,5.3,2024-11-05,2024-12-23,False
549,Lámpara de mesa,116.13,8.0,2024-03-27,Decoración,929.04,32,Email,5.54,2024-03-28,2024-04-20,False
549,Lámpara de mesa,116.13,8.0,2024-03-27,Decoración,929.04,2,RRSS,5.88,2024-05-30,2024-06-29,False
549,Lámpara de mesa,116.13,8.0,2024-03-27,Decoración,929.04,62,TV,4.51,2024-08-26,2024-10-07,False
598,Rincón de plantas,82.59,8.0,2024-03-27,Decoración,660.72,38,Email,5.76,2024-06-14,2024-07-15,False
598,Rincón de plantas,82.59,8.0,2024-03-27,Decoración,660.72,8,RRSS,4.88,2024-08-03,2024-08-18,False
598,Rincón de plantas,82.59,8.0,2024-03-27,Decoración,660.72,68,TV,5.81,2024-12-17,2025-02-14,False
939,Lámpara de mesa,46.83,3.0,2024-03-27,Decoración,140.49,32,Email,5.54,2024-03-28,2024-04-20,False
939,Lámpara de mesa,46.83,3.0,2024-03-27,Decoración,140.49,2,RRSS,5.88,2024-05-30,2024-06-29,False
939,Lámpara de mesa,46.83,3.0,2024-03-27,Decoración,140.49,62,TV,4.51,2024-08-26,2024-10-07,False
1251,Freidora eléctrica,113.11,12.0,2024-03-27,Electrodomésticos,1357.32,71,TV,4.37,2024-06-05,2024-07-24,False
1251,Freidora eléctrica,113.11,12.0,2024-03-27,Electrodomésticos,1357.32,41,Email,3.92,2024-11-23,2025-01-01,False
1251,Freidora eléctrica,113.11,12.0,2024-03-27,Electrodomésticos,1357.32,11,RRSS,5.27,2024-12-29,2025-01-21,False
1785,Lavadora,44.12,10.0,2024-03-27,Electrodomésticos,441.2,46,Email,3.63,2024-05-12,2024-05-29,False
1785,Lavadora,44.12,10.0,2024-03-27,Electrodomésticos,441.2,76,TV,4.66,2024-05-26,2024-07-02,False
1785,Lavadora,44.12,10.0,2024-03-27,Electrodomésticos,441.2,16,RRSS,3.56,2024-08-14,2024-09-20,False
558,Rincón de plantas,93.66,10.0,2024-03-28,Decoración,936.5999999999999,38,Email,5.76,2024-06-14,2024-07-15,False
558,Rincón de plantas,93.66,10.0,2024-03-28,Decoración,936.5999999999999,8,RRSS,4.88,2024-08-03,2024-08-18,False
558,Rincón de plantas,93.66,10.0,2024-03-28,Decoración,936.5999999999999,68,TV,5.81,2024-12-17,2025-02-14,False
730,Adorno de pared,103.9,8.0,2024-03-28,Decoración,831.2,74,TV,4.81,2024-03-20,2024-05-03,True
730,Adorno de pared,103.9,8.0,2024-03-28,Decoración,831.2,44,Email,5.08,2024-04-13,2024-05-10,False
730,Adorno de pared,103.9,8.0,2024-03-28,Decoración,831.2,14,RRSS,4.16,2024-10-22,2024-12-21,False
1121,Freidora eléctrica,90.31,6.0,2024-03-28,Electrodomésticos,541.86,71,TV,4.37,2024-06-05,2024-07-24,False
1121,Freidora eléctrica,90.31,6.0,2024-03-28,Electrodomésticos,541.86,41,Email,3.92,2024-11-23,2025-01-01,False
1121,Freidora eléctrica,90.31,6.0,2024-03-28,Electrodomésticos,541.86,11,RRSS,5.27,2024-12-29,2025-01-21,False
1433,Microondas,63.01,8.0,2024-03-28,Electrodomésticos,504.08,56,Email,4.94,2024-08-06,2024-08-25,False
1433,Microondas,63.01,8.0,2024-03-28,Electrodomésticos,504.08,26,RRSS,5.0,2024-09-25,2024-10-14,False
1433,Microondas,63.01,8.0,2024-03-28,Electrodomésticos,504.08,86,TV,4.25,2024-09-25,2024-11-15,False
1565,Lavadora,37.25,11.0,2024-03-28,Electrodomésticos,409.75,46,Email,3.63,2024-05-12,2024-05-29,False
1565,Lavadora,37.25,11.0,2024-03-28,Electrodomésticos,409.75,76,TV,4.66,2024-05-26,2024-07-02,False
1565,Lavadora,37.25,11.0,2024-03-28,Electrodomésticos,409.75,16,RRSS,3.56,2024-08-14,2024-09-20,False
1873,Microondas,32.18,7.0,2024-03-28,Electrodomésticos,225.26,56,Email,4.94,2024-08-06,2024-08-25,False
1873,Microondas,32.18,7.0,2024-03-28,Electrodomésticos,225.26,26,RRSS,5.0,2024-09-25,2024-10-14,False
1873,Microondas,32.18,7.0,2024-03-28,Electrodomésticos,225.26,86,TV,4.25,2024-09-25,2024-11-15,False
2830,Consola de videojuegos,123.72,3.0,2024-03-28,Electrónica,371.15999999999997,50,Email,4.97,2024-05-03,2024-05-28,False
2830,Consola de videojuegos,123.72,3.0,2024-03-28,Electrónica,371.15999999999997,20,RRSS,3.16,2024-07-15,2024-08-03,False
2830,Consola de videojuegos,123.72,3.0,2024-03-28,Electrónica,371.15999999999997,80,TV,4.64,2024-11-01,2024-11-20,False
2272,Televisor,55.97,7.0,2024-03-29,Electrónica,391.78999999999996,29,RRSS,3.96,2024-05-17,2024-06-28,False
2272,Televisor,55.97,7.0,2024-03-29,Electrónica,391.78999999999996,59,Email,4.19,2024-11-20,2025-01-19,False
2272,Televisor,55.97,7.0,2024-03-29,Electrónica,391.78999999999996,89,TV,4.98,2024-12-13,2025-02-08,False
2585,Auriculares,47.12,12.0,2024-03-29,Electrónica,565.4399999999999,47,Email,4.19,2024-06-02,2024-07-22,False
2585,Auriculares,47.12,12.0,2024-03-29,Electrónica,565.4399999999999,17,RRSS,6.06,2024-07-15,2024-08-15,False
2585,Auriculares,47.12,12.0,2024-03-29,Electrónica,565.4399999999999,77,TV,4.99,2024-11-11,2024-12-06,False
2838,SmartWatch,115.3,3.0,2024-03-29,Electrónica,345.9,85,TV,5.07,2024-04-01,2024-05-05,False
2838,SmartWatch,115.3,3.0,2024-03-29,Electrónica,345.9,55,Email,4.59,2024-10-13,2024-12-06,False
2838,SmartWatch,115.3,3.0,2024-03-29,Electrónica,345.9,25,RRSS,4.84,2024-11-23,2024-12-29,False
2856,Laptop,122.13,11.0,2024-03-29,Electrónica,1343.4299999999998,60,Email,4.89,2024-09-28,2024-10-27,False
2856,Laptop,122.13,11.0,2024-03-29,Electrónica,1343.4299999999998,30,RRSS,4.68,2024-10-23,2024-11-24,False
2856,Laptop,122.13,11.0,2024-03-29,Electrónica,1343.4299999999998,90,TV,5.62,2024-11-16,2025-01-13,False
749,Lámpara de mesa,44.88,1.0,2024-03-30,Decoración,44.88,32,Email,5.54,2024-03-28,2024-04-20,True
749,Lámpara de mesa,44.88,1.0,2024-03-30,Decoración,44.88,2,RRSS,5.88,2024-05-30,2024-06-29,False
749,Lámpara de mesa,44.88,1.0,2024-03-30,Decoración,44.88,62,TV,4.51,2024-08-26,2024-10-07,False
1800,Plancha de vapor,33.15,2.0,2024-03-30,Electrodomésticos,66.3,36,Email,5.41,2024-04-02,2024-06-01,False
1800,Plancha de vapor,33.15,2.0,2024-03-30,Electrodomésticos,66.3,6,RRSS,4.02,2024-09-24,2024-11-02,False
1800,Plancha de vapor,33.15,2.0,2024-03-30,Electrodomésticos,66.3,66,TV,4.69,2024-10-04,2024-10-23,False
1821,Freidora eléctrica,44.33,10.0,2024-03-30,Electrodomésticos,443.29999999999995,71,TV,4.37,2024-06-05,2024-07-24,False
1821,Freidora eléctrica,44.33,10.0,2024-03-30,Electrodomésticos,443.29999999999995,41,Email,3.92,2024-11-23,2025-01-01,False
1821,Freidora eléctrica,44.33,10.0,2024-03-30,Electrodomésticos,443.29999999999995,11,RRSS,5.27,2024-12-29,2025-01-21,False
2034,Auriculares,120.46,8.0,2024-03-30,Electrónica,963.68,47,Email,4.19,2024-06-02,2024-07-22,False
2034,Auriculares,120.46,8.0,2024-03-30,Electrónica,963.68,17,RRSS,6.06,2024-07-15,2024-08-15,False
2034,Auriculares,120.46,8.0,2024-03-30,Electrónica,963.68,77,TV,4.99,2024-11-11,2024-12-06,False
2044,Tablet,35.84,11.0,2024-03-30,Electrónica,394.24,12,RRSS,3.4,2024-03-26,2024-05-13,True
2044,Tablet,35.84,11.0,2024-03-30,Electrónica,394.24,72,TV,4.9,2024-07-08,2024-09-03,False
2044,Tablet,35.84,11.0,2024-03-30,Electrónica,394.24,42,Email,4.42,2024-07-14,2024-09-03,False
2286,Laptop,71.74,8.0,2024-03-30,Electrónica,573.92,60,Email,4.89,2024-09-28,2024-10-27,False
2286,Laptop,71.74,8.0,2024-03-30,Electrónica,573.92,30,RRSS,4.68,2024-10-23,2024-11-24,False
2286,Laptop,71.74,8.0,2024-03-30,Electrónica,573.92,90,TV,5.62,2024-11-16,2025-01-13,False
2683,Smartphone,111.41,7.0,2024-03-30,Electrónica,779.87,21,RRSS,6.37,2024-03-29,2024-05-16,True
2683,Smartphone,111.41,7.0,2024-03-30,Electrónica,779.87,51,Email,4.65,2024-05-28,2024-06-15,False
2683,Smartphone,111.41,7.0,2024-03-30,Electrónica,779.87,81,TV,4.78,2024-09-28,2024-10-24,False
2984,Tablet,75.89,11.0,2024-03-30,Electrónica,834.79,12,RRSS,3.4,2024-03-26,2024-05-13,True
2984,Tablet,75.89,11.0,2024-03-30,Electrónica,834.79,72,TV,4.9,2024-07-08,2024-09-03,False
2984,Tablet,75.89,11.0,2024-03-30,Electrónica,834.79,42,Email,4.42,2024-07-14,2024-09-03,False
46,Cortinas,98.15,7.0,2024-03-31,Decoración,687.0500000000001,43,Email,5.67,2024-05-02,2024-06-17,False
46,Cortinas,98.15,7.0,2024-03-31,Decoración,687.0500000000001,73,TV,6.47,2024-08-17,2024-09-26,False
46,Cortinas,98.15,7.0,2024-03-31,Decoración,687.0500000000001,13,RRSS,5.22,2024-09-16,2024-10-15,False
221,Lámpara de mesa,41.81,9.0,2024-03-31,Decoración,376.29,32,Email,5.54,2024-03-28,2024-04-20,True
221,Lámpara de mesa,41.81,9.0,2024-03-31,Decoración,376.29,2,RRSS,5.88,2024-05-30,2024-06-29,False
221,Lámpara de mesa,41.81,9.0,2024-03-31,Decoración,376.29,62,TV,4.51,2024-08-26,2024-10-07,False
251,Lámpara de mesa,33.37,3.0,2024-03-31,Decoración,100.10999999999999,32,Email,5.54,2024-03-28,2024-04-20,True
251,Lámpara de mesa,33.37,3.0,2024-03-31,Decoración,100.10999999999999,2,RRSS,5.88,2024-05-30,2024-06-29,False
251,Lámpara de mesa,33.37,3.0,2024-03-31,Decoración,100.10999999999999,62,TV,4.51,2024-08-26,2024-10-07,False
654,Jarrón decorativo,53.53,7.0,2024-03-31,Decoración,374.71000000000004,15,RRSS,4.65,2024-05-09,2024-06-13,False
654,Jarrón decorativo,53.53,7.0,2024-03-31,Decoración,374.71000000000004,45,Email,4.52,2024-06-05,2024-07-31,False
654,Jarrón decorativo,53.53,7.0,2024-03-31,Decoración,374.71000000000004,75,TV,4.1,2024-11-03,2024-12-25,False
904,Jarrón decorativo,40.48,11.0,2024-03-31,Decoración,445.28,15,RRSS,4.65,2024-05-09,2024-06-13,False
904,Jarrón decorativo,40.48,11.0,2024-03-31,Decoración,445.28,45,Email,4.52,2024-06-05,2024-07-31,False
904,Jarrón decorativo,40.48,11.0,2024-03-31,Decoración,445.28,75,TV,4.1,2024-11-03,2024-12-25,False
1201,Freidora eléctrica,95.13,8.0,2024-03-31,Electrodomésticos,761.04,71,TV,4.37,2024-06-05,2024-07-24,False
1201,Freidora eléctrica,95.13,8.0,2024-03-31,Electrodomésticos,761.04,41,Email,3.92,2024-11-23,2025-01-01,False
1201,Freidora eléctrica,95.13,8.0,2024-03-31,Electrodomésticos,761.04,11,RRSS,5.27,2024-12-29,2025-01-21,False
1261,Freidora eléctrica,84.29,10.0,2024-03-31,Electrodomésticos,842.9000000000001,71,TV,4.37,2024-06-05,2024-07-24,False
1261,Freidora eléctrica,84.29,10.0,2024-03-31,Electrodomésticos,842.9000000000001,41,Email,3.92,2024-11-23,2025-01-01,False
1261,Freidora eléctrica,84.29,10.0,2024-03-31,Electrodomésticos,842.9000000000001,11,RRSS,5.27,2024-12-29,2025-01-21,False
1633,Microondas,112.89,1.0,2024-03-31,Electrodomésticos,112.89,56,Email,4.94,2024-08-06,2024-08-25,False
1633,Microondas,112.89,1.0,2024-03-31,Electrodomésticos,112.89,26,RRSS,5.0,2024-09-25,2024-10-14,False
1633,Microondas,112.89,1.0,2024-03-31,Electrodomésticos,112.89,86,TV,4.25,2024-09-25,2024-11-15,False
1948,Cafetera,116.78,6.0,2024-03-31,Electrodomésticos,700.6800000000001,49,Email,5.2,2024-06-20,2024-07-22,False
1948,Cafetera,116.78,6.0,2024-03-31,Electrodomésticos,700.6800000000001,79,TV,7.26,2024-08-13,2024-10-11,False
1948,Cafetera,116.78,6.0,2024-03-31,Electrodomésticos,700.6800000000001,19,RRSS,5.7,2024-08-19,2024-09-15,False
2062,Televisor,101.98,7.0,2024-03-31,Electrónica,713.86,29,RRSS,3.96,2024-05-17,2024-06-28,False
2062,Televisor,101.98,7.0,2024-03-31,Electrónica,713.86,59,Email,4.19,2024-11-20,2025-01-19,False
2062,Televisor,101.98,7.0,2024-03-31,Electrónica,713.86,89,TV,4.98,2024-12-13,2025-02-08,False
2731,Parlantes Bluetooth,77.95,6.0,2024-03-31,Electrónica,467.70000000000005,84,TV,4.42,2024-04-17,2024-05-05,False
2731,Parlantes Bluetooth,77.95,6.0,2024-03-31,Electrónica,467.70000000000005,54,Email,2.95,2024-08-09,2024-09-22,False
2731,Parlantes Bluetooth,77.95,6.0,2024-03-31,Electrónica,467.70000000000005,24,RRSS,6.0,2024-09-22,2024-10-26,False
390,Adorno de pared,87.52,8.0,2024-04-01,Decoración,700.16,74,TV,4.81,2024-03-20,2024-05-03,True
390,Adorno de pared,87.52,8.0,2024-04-01,Decoración,700.16,44,Email,5.08,2024-04-13,2024-05-10,False
390,Adorno de pared,87.52,8.0,2024-04-01,Decoración,700.16,14,RRSS,4.16,2024-10-22,2024-12-21,False
522,Cuadro decorativo,27.99,5.0,2024-04-01,Decoración,139.95,1,RRSS,5.27,2024-04-27,2024-06-04,False
522,Cuadro decorativo,27.99,5.0,2024-04-01,Decoración,139.95,31,Email,5.28,2024-08-15,2024-09-12,False
522,Cuadro decorativo,27.99,5.0,2024-04-01,Decoración,139.95,61,TV,5.3,2024-11-05,2024-12-23,False
1322,Heladera,58.58,4.0,2024-04-01,Electrodomésticos,234.32,34,Email,4.2,2024-05-06,2024-07-05,False
1322,Heladera,58.58,4.0,2024-04-01,Electrodomésticos,234.32,4,RRSS,4.53,2024-05-31,2024-07-15,False
1322,Heladera,58.58,4.0,2024-04-01,Electrodomésticos,234.32,64,TV,4.38,2024-07-10,2024-08-09,False
2310,Consola de videojuegos,102.41,5.0,2024-04-01,Electrónica,512.05,50,Email,4.97,2024-05-03,2024-05-28,False
2310,Consola de videojuegos,102.41,5.0,2024-04-01,Electrónica,512.05,20,RRSS,3.16,2024-07-15,2024-08-03,False
2310,Consola de videojuegos,102.41,5.0,2024-04-01,Electrónica,512.05,80,TV,4.64,2024-11-01,2024-11-20,False
2383,Smartphone,103.69,1.0,2024-04-01,Electrónica,103.69,21,RRSS,6.37,2024-03-29,2024-05-16,True
2383,Smartphone,103.69,1.0,2024-04-01,Electrónica,103.69,51,Email,4.65,2024-05-28,2024-06-15,False
2383,Smartphone,103.69,1.0,2024-04-01,Electrónica,103.69,81,TV,4.78,2024-09-28,2024-10-24,False
2865,Auriculares,89.29,2.0,2024-04-01,Electrónica,178.58,47,Email,4.19,2024-06-02,2024-07-22,False
2865,Auriculares,89.29,2.0,2024-04-01,Electrónica,178.58,17,RRSS,6.06,2024-07-15,2024-08-15,False
2865,Auriculares,89.29,2.0,2024-04-01,Electrónica,178.58,77,TV,4.99,2024-11-11,2024-12-06,False
45,Alfombra,72.91,1.0,2024-04-02,Decoración,72.91,58,Email,4.25,2024-03-31,2024-05-05,True
45,Alfombra,72.91,1.0,2024-04-02,Decoración,72.91,88,TV,7.39,2024-07-25,2024-08-31,False
45,Alfombra,72.91,1.0,2024-04-02,Decoración,72.91,28,RRSS,5.82,2024-11-27,2025-01-08,False
893,Espejo decorativo,34.64,12.0,2024-04-02,Decoración,415.68,83,TV,5.24,2024-05-31,2024-07-08,False
893,Espejo decorativo,34.64,12.0,2024-04-02,Decoración,415.68,53,Email,4.9,2024-07-17,2024-08-01,False
893,Espejo decorativo,34.64,12.0,2024-04-02,Decoración,415.68,23,RRSS,4.75,2024-08-28,2024-10-17,False
1008,Cafetera,42.4,10.0,2024-04-02,Electrodomésticos,424.0,49,Email,5.2,2024-06-20,2024-07-22,False
1008,Cafetera,42.4,10.0,2024-04-02,Electrodomésticos,424.0,79,TV,7.26,2024-08-13,2024-10-11,False
1008,Cafetera,42.4,10.0,2024-04-02,Electrodomésticos,424.0,19,RRSS,5.7,2024-08-19,2024-09-15,False
1148,Cafetera,110.21,4.0,2024-04-02,Electrodomésticos,440.84,49,Email,5.2,2024-06-20,2024-07-22,False
1148,Cafetera,110.21,4.0,2024-04-02,Electrodomésticos,440.84,79,TV,7.26,2024-08-13,2024-10-11,False
1148,Cafetera,110.21,4.0,2024-04-02,Electrodomésticos,440.84,19,RRSS,5.7,2024-08-19,2024-09-15,False
1457,Horno eléctrico,27.61,6.0,2024-04-02,Electrodomésticos,165.66,35,Email,5.65,2024-07-31,2024-09-29,False
1457,Horno eléctrico,27.61,6.0,2024-04-02,Electrodomésticos,165.66,5,RRSS,5.16,2024-08-22,2024-10-17,False
1457,Horno eléctrico,27.61,6.0,2024-04-02,Electrodomésticos,165.66,65,TV,3.08,2024-10-23,2024-12-11,False
1588,Cafetera,58.68,4.0,2024-04-02,Electrodomésticos,234.72,49,Email,5.2,2024-06-20,2024-07-22,False
1588,Cafetera,58.68,4.0,2024-04-02,Electrodomésticos,234.72,79,TV,7.26,2024-08-13,2024-10-11,False
1588,Cafetera,58.68,4.0,2024-04-02,Electrodomésticos,234.72,19,RRSS,5.7,2024-08-19,2024-09-15,False
1866,Secadora,39.42,9.0,2024-04-02,Electrodomésticos,354.78000000000003,3,RRSS,5.1,2024-07-24,2024-08-30,False
1866,Secadora,39.42,9.0,2024-04-02,Electrodomésticos,354.78000000000003,63,TV,5.69,2024-11-03,2024-11-28,False
1866,Secadora,39.42,9.0,2024-04-02,Electrodomésticos,354.78000000000003,33,Email,3.8,2024-12-20,2025-01-07,False
1889,Batidora,121.14,3.0,2024-04-02,Electrodomésticos,363.42,57,Email,4.48,2024-04-10,2024-06-08,False
1889,Batidora,121.14,3.0,2024-04-02,Electrodomésticos,363.42,87,TV,6.28,2024-08-27,2024-10-11,False
1889,Batidora,121.14,3.0,2024-04-02,Electrodomésticos,363.42,27,RRSS,4.52,2024-11-01,2024-12-08,False
1983,Microondas,96.24,4.0,2024-04-02,Electrodomésticos,384.96,56,Email,4.94,2024-08-06,2024-08-25,False
1983,Microondas,96.24,4.0,2024-04-02,Electrodomésticos,384.96,26,RRSS,5.0,2024-09-25,2024-10-14,False
1983,Microondas,96.24,4.0,2024-04-02,Electrodomésticos,384.96,86,TV,4.25,2024-09-25,2024-11-15,False
226,Cortinas,27.05,3.0,2024-04-03,Decoración,81.15,43,Email,5.67,2024-05-02,2024-06-17,False
226,Cortinas,27.05,3.0,2024-04-03,Decoración,81.15,73,TV,6.47,2024-08-17,2024-09-26,False
226,Cortinas,27.05,3.0,2024-04-03,Decoración,81.15,13,RRSS,5.22,2024-09-16,2024-10-15,False
351,Lámpara de mesa,98.22,4.0,2024-04-03,Decoración,392.88,32,Email,5.54,2024-03-28,2024-04-20,True
351,Lámpara de mesa,98.22,4.0,2024-04-03,Decoración,392.88,2,RRSS,5.88,2024-05-30,2024-06-29,False
351,Lámpara de mesa,98.22,4.0,2024-04-03,Decoración,392.88,62,TV,4.51,2024-08-26,2024-10-07,False
479,Lámpara de mesa,35.26,9.0,2024-04-03,Decoración,317.34,32,Email,5.54,2024-03-28,2024-04-20,True
479,Lámpara de mesa,35.26,9.0,2024-04-03,Decoración,317.34,2,RRSS,5.88,2024-05-30,2024-06-29,False
479,Lámpara de mesa,35.26,9.0,2024-04-03,Decoración,317.34,62,TV,4.51,2024-08-26,2024-10-07,False
570,Adorno de pared,64.18,7.0,2024-04-03,Decoración,449.26000000000005,74,TV,4.81,2024-03-20,2024-05-03,True
570,Adorno de pared,64.18,7.0,2024-04-03,Decoración,449.26000000000005,44,Email,5.08,2024-04-13,2024-05-10,False
570,Adorno de pared,64.18,7.0,2024-04-03,Decoración,449.26000000000005,14,RRSS,4.16,2024-10-22,2024-12-21,False
643,Espejo decorativo,43.51,1.0,2024-04-03,Decoración,43.51,83,TV,5.24,2024-05-31,2024-07-08,False
643,Espejo decorativo,43.51,1.0,2024-04-03,Decoración,43.51,53,Email,4.9,2024-07-17,2024-08-01,False
643,Espejo decorativo,43.51,1.0,2024-04-03,Decoración,43.51,23,RRSS,4.75,2024-08-28,2024-10-17,False
679,Lámpara de mesa,39.86,6.0,2024-04-03,Decoración,239.16,32,Email,5.54,2024-03-28,2024-04-20,True
679,Lámpara de mesa,39.86,6.0,2024-04-03,Decoración,239.16,2,RRSS,5.88,2024-05-30,2024-06-29,False
679,Lámpara de mesa,39.86,6.0,2024-04-03,Decoración,239.16,62,TV,4.51,2024-08-26,2024-10-07,False
1188,Cafetera,91.58,11.0,2024-04-03,Electrodomésticos,1007.38,49,Email,5.2,2024-06-20,2024-07-22,False
1188,Cafetera,91.58,11.0,2024-04-03,Electrodomésticos,1007.38,79,TV,7.26,2024-08-13,2024-10-11,False
1188,Cafetera,91.58,11.0,2024-04-03,Electrodomésticos,1007.38,19,RRSS,5.7,2024-08-19,2024-09-15,False
1480,Plancha de vapor,99.08,11.0,2024-04-03,Electrodomésticos,1089.8799999999999,36,Email,5.41,2024-04-02,2024-06-01,True
1480,Plancha de vapor,99.08,11.0,2024-04-03,Electrodomésticos,1089.8799999999999,6,RRSS,4.02,2024-09-24,2024-11-02,False
1480,Plancha de vapor,99.08,11.0,2024-04-03,Electrodomésticos,1089.8799999999999,66,TV,4.69,2024-10-04,2024-10-23,False
1611,Freidora eléctrica,82.46,4.0,2024-04-03,Electrodomésticos,329.84,71,TV,4.37,2024-06-05,2024-07-24,False
1611,Freidora eléctrica,82.46,4.0,2024-04-03,Electrodomésticos,329.84,41,Email,3.92,2024-11-23,2025-01-01,False
1611,Freidora eléctrica,82.46,4.0,2024-04-03,Electrodomésticos,329.84,11,RRSS,5.27,2024-12-29,2025-01-21,False
1627,Horno eléctrico,40.58,5.0,2024-04-03,Electrodomésticos,202.89999999999998,35,Email,5.65,2024-07-31,2024-09-29,False
1627,Horno eléctrico,40.58,5.0,2024-04-03,Electrodomésticos,202.89999999999998,5,RRSS,5.16,2024-08-22,2024-10-17,False
1627,Horno eléctrico,40.58,5.0,2024-04-03,Electrodomésticos,202.89999999999998,65,TV,3.08,2024-10-23,2024-12-11,False
2028,SmartWatch,38.84,7.0,2024-04-03,Electrónica,271.88,85,TV,5.07,2024-04-01,2024-05-05,True
2028,SmartWatch,38.84,7.0,2024-04-03,Electrónica,271.88,55,Email,4.59,2024-10-13,2024-12-06,False
2028,SmartWatch,38.84,7.0,2024-04-03,Electrónica,271.88,25,RRSS,4.84,2024-11-23,2024-12-29,False
2281,Parlantes Bluetooth,70.68,5.0,2024-04-03,Electrónica,353.40000000000003,84,TV,4.42,2024-04-17,2024-05-05,False
2281,Parlantes Bluetooth,70.68,5.0,2024-04-03,Electrónica,353.40000000000003,54,Email,2.95,2024-08-09,2024-09-22,False
2281,Parlantes Bluetooth,70.68,5.0,2024-04-03,Electrónica,353.40000000000003,24,RRSS,6.0,2024-09-22,2024-10-26,False
2532,Televisor,81.42,9.0,2024-04-03,Electrónica,732.78,29,RRSS,3.96,2024-05-17,2024-06-28,False
2532,Televisor,81.42,9.0,2024-04-03,Electrónica,732.78,59,Email,4.19,2024-11-20,2025-01-19,False
2532,Televisor,81.42,9.0,2024-04-03,Electrónica,732.78,89,TV,4.98,2024-12-13,2025-02-08,False
172,Cuadro decorativo,87.93,11.0,2024-04-04,Decoración,967.23,1,RRSS,5.27,2024-04-27,2024-06-04,False
172,Cuadro decorativo,87.93,11.0,2024-04-04,Decoración,967.23,31,Email,5.28,2024-08-15,2024-09-12,False
172,Cuadro decorativo,87.93,11.0,2024-04-04,Decoración,967.23,61,TV,5.3,2024-11-05,2024-12-23,False
237,Elementos de cerámica,61.12,9.0,2024-04-04,Decoración,550.0799999999999,22,RRSS,5.44,2024-06-26,2024-07-15,False
237,Elementos de cerámica,61.12,9.0,2024-04-04,Decoración,550.0799999999999,82,TV,5.69,2024-09-08,2024-10-12,False
237,Elementos de cerámica,61.12,9.0,2024-04-04,Decoración,550.0799999999999,52,Email,5.74,2024-09-09,2024-09-30,False
340,Adorno de pared,49.3,2.0,2024-04-04,Decoración,98.6,74,TV,4.81,2024-03-20,2024-05-03,True
340,Adorno de pared,49.3,2.0,2024-04-04,Decoración,98.6,44,Email,5.08,2024-04-13,2024-05-10,False
340,Adorno de pared,49.3,2.0,2024-04-04,Decoración,98.6,14,RRSS,4.16,2024-10-22,2024-12-21,False
400,Adorno de pared,33.1,1.0,2024-04-04,Decoración,33.1,74,TV,4.81,2024-03-20,2024-05-03,True
400,Adorno de pared,33.1,1.0,2024-04-04,Decoración,33.1,44,Email,5.08,2024-04-13,2024-05-10,False
400,Adorno de pared,33.1,1.0,2024-04-04,Decoración,33.1,14,RRSS,4.16,2024-10-22,2024-12-21,False
841,Lámpara de mesa,86.82,10.0,2024-04-04,Decoración,868.1999999999999,32,Email,5.54,2024-03-28,2024-04-20,True
841,Lámpara de mesa,86.82,10.0,2024-04-04,Decoración,868.1999999999999,2,RRSS,5.88,2024-05-30,2024-06-29,False
841,Lámpara de mesa,86.82,10.0,2024-04-04,Decoración,868.1999999999999,62,TV,4.51,2024-08-26,2024-10-07,False
1287,Horno eléctrico,116.05,11.0,2024-04-04,Electrodomésticos,1276.55,35,Email,5.65,2024-07-31,2024-09-29,False
1287,Horno eléctrico,116.05,11.0,2024-04-04,Electrodomésticos,1276.55,5,RRSS,5.16,2024-08-22,2024-10-17,False
1287,Horno eléctrico,116.05,11.0,2024-04-04,Electrodomésticos,1276.55,65,TV,3.08,2024-10-23,2024-12-11,False
1366,Secadora,31.56,11.0,2024-04-04,Electrodomésticos,347.15999999999997,3,RRSS,5.1,2024-07-24,2024-08-30,False
1366,Secadora,31.56,11.0,2024-04-04,Electrodomésticos,347.15999999999997,63,TV,5.69,2024-11-03,2024-11-28,False
1366,Secadora,31.56,11.0,2024-04-04,Electrodomésticos,347.15999999999997,33,Email,3.8,2024-12-20,2025-01-07,False
1878,Cafetera,68.97,8.0,2024-04-04,Electrodomésticos,551.76,49,Email,5.2,2024-06-20,2024-07-22,False
1878,Cafetera,68.97,8.0,2024-04-04,Electrodomésticos,551.76,79,TV,7.26,2024-08-13,2024-10-11,False
1878,Cafetera,68.97,8.0,2024-04-04,Electrodomésticos,551.76,19,RRSS,5.7,2024-08-19,2024-09-15,False
2124,Tablet,74.39,7.0,2024-04-04,Electrónica,520.73,12,RRSS,3.4,2024-03-26,2024-05-13,True
2124,Tablet,74.39,7.0,2024-04-04,Electrónica,520.73,72,TV,4.9,2024-07-08,2024-09-03,False
2124,Tablet,74.39,7.0,2024-04-04,Electrónica,520.73,42,Email,4.42,2024-07-14,2024-09-03,False
56,Cortinas,66.24,5.0,2024-04-05,Decoración,331.2,43,Email,5.67,2024-05-02,2024-06-17,False
56,Cortinas,66.24,5.0,2024-04-05,Decoración,331.2,73,TV,6.47,2024-08-17,2024-09-26,False
56,Cortinas,66.24,5.0,2024-04-05,Decoración,331.2,13,RRSS,5.22,2024-09-16,2024-10-15,False
421,Lámpara de mesa,114.83,9.0,2024-04-05,Decoración,1033.47,32,Email,5.54,2024-03-28,2024-04-20,True
421,Lámpara de mesa,114.83,9.0,2024-04-05,Decoración,1033.47,2,RRSS,5.88,2024-05-30,2024-06-29,False
421,Lámpara de mesa,114.83,9.0,2024-04-05,Decoración,1033.47,62,TV,4.51,2024-08-26,2024-10-07,False
424,Jarrón decorativo,87.94,2.0,2024-04-05,Decoración,175.88,15,RRSS,4.65,2024-05-09,2024-06-13,False
424,Jarrón decorativo,87.94,2.0,2024-04-05,Decoración,175.88,45,Email,4.52,2024-06-05,2024-07-31,False
424,Jarrón decorativo,87.94,2.0,2024-04-05,Decoración,175.88,75,TV,4.1,2024-11-03,2024-12-25,False
1868,Cafetera,62.23,1.0,2024-04-05,Electrodomésticos,62.23,49,Email,5.2,2024-06-20,2024-07-22,False
1868,Cafetera,62.23,1.0,2024-04-05,Electrodomésticos,62.23,79,TV,7.26,2024-08-13,2024-10-11,False
1868,Cafetera,62.23,1.0,2024-04-05,Electrodomésticos,62.23,19,RRSS,5.7,2024-08-19,2024-09-15,False
2545,Auriculares,32.81,11.0,2024-04-05,Electrónica,360.91,47,Email,4.19,2024-06-02,2024-07-22,False
2545,Auriculares,32.81,11.0,2024-04-05,Electrónica,360.91,17,RRSS,6.06,2024-07-15,2024-08-15,False
2545,Auriculares,32.81,11.0,2024-04-05,Electrónica,360.91,77,TV,4.99,2024-11-11,2024-12-06,False
2778,SmartWatch,70.66,7.0,2024-04-05,Electrónica,494.62,85,TV,5.07,2024-04-01,2024-05-05,True
2778,SmartWatch,70.66,7.0,2024-04-05,Electrónica,494.62,55,Email,4.59,2024-10-13,2024-12-06,False
2778,SmartWatch,70.66,7.0,2024-04-05,Electrónica,494.62,25,RRSS,4.84,2024-11-23,2024-12-29,False
56,Cortinas,66.24,5.0,2024-04-05,Decoración,331.2,43,Email,5.67,2024-05-02,2024-06-17,False
56,Cortinas,66.24,5.0,2024-04-05,Decoración,331.2,73,TV,6.47,2024-08-17,2024-09-26,False
56,Cortinas,66.24,5.0,2024-04-05,Decoración,331.2,13,RRSS,5.22,2024-09-16,2024-10-15,False
421,Lámpara de mesa,114.83,9.0,2024-04-05,Decoración,1033.47,32,Email,5.54,2024-03-28,2024-04-20,True
421,Lámpara de mesa,114.83,9.0,2024-04-05,Decoración,1033.47,2,RRSS,5.88,2024-05-30,2024-06-29,False
421,Lámpara de mesa,114.83,9.0,2024-04-05,Decoración,1033.47,62,TV,4.51,2024-08-26,2024-10-07,False
424,Jarrón decorativo,87.94,2.0,2024-04-05,Decoración,175.88,15,RRSS,4.65,2024-05-09,2024-06-13,False
424,Jarrón decorativo,87.94,2.0,2024-04-05,Decoración,175.88,45,Email,4.52,2024-06-05,2024-07-31,False
424,Jarrón decorativo,87.94,2.0,2024-04-05,Decoración,175.88,75,TV,4.1,2024-11-03,2024-12-25,False
1868,Cafetera,62.23,1.0,2024-04-05,Electrodomésticos,62.23,49,Email,5.2,2024-06-20,2024-07-22,False
1868,Cafetera,62.23,1.0,2024-04-05,Electrodomésticos,62.23,79,TV,7.26,2024-08-13,2024-10-11,False
1868,Cafetera,62.23,1.0,2024-04-05,Electrodomésticos,62.23,19,RRSS,5.7,2024-08-19,2024-09-15,False
2545,Auriculares,32.81,11.0,2024-04-05,Electrónica,360.91,47,Email,4.19,2024-06-02,2024-07-22,False
2545,Auriculares,32.81,11.0,2024-04-05,Electrónica,360.91,17,RRSS,6.06,2024-07-15,2024-08-15,False
2545,Auriculares,32.81,11.0,2024-04-05,Electrónica,360.91,77,TV,4.99,2024-11-11,2024-12-06,False
2778,SmartWatch,70.66,7.0,2024-04-05,Electrónica,494.62,85,TV,5.07,2024-04-01,2024-05-05,True
2778,SmartWatch,70.66,7.0,2024-04-05,Electrónica,494.62,55,Email,4.59,2024-10-13,2024-12-06,False
2778,SmartWatch,70.66,7.0,2024-04-05,Electrónica,494.62,25,RRSS,4.84,2024-11-23,2024-12-29,False
145,Alfombra,41.72,8.0,2024-04-06,Decoración,333.76,58,Email,4.25,2024-03-31,2024-05-05,True
145,Alfombra,41.72,8.0,2024-04-06,Decoración,333.76,88,TV,7.39,2024-07-25,2024-08-31,False
145,Alfombra,41.72,8.0,2024-04-06,Decoración,333.76,28,RRSS,5.82,2024-11-27,2025-01-08,False
300,Adorno de pared,67.75,9.0,2024-04-06,Decoración,609.75,74,TV,4.81,2024-03-20,2024-05-03,True
300,Adorno de pared,67.75,9.0,2024-04-06,Decoración,609.75,44,Email,5.08,2024-04-13,2024-05-10,False
300,Adorno de pared,67.75,9.0,2024-04-06,Decoración,609.75,14,RRSS,4.16,2024-10-22,2024-12-21,False
439,Lámpara de mesa,35.43,2.0,2024-04-06,Decoración,70.86,32,Email,5.54,2024-03-28,2024-04-20,True
439,Lámpara de mesa,35.43,2.0,2024-04-06,Decoración,70.86,2,RRSS,5.88,2024-05-30,2024-06-29,False
439,Lámpara de mesa,35.43,2.0,2024-04-06,Decoración,70.86,62,TV,4.51,2024-08-26,2024-10-07,False
906,Cortinas,84.04,3.0,2024-04-06,Decoración,252.12,43,Email,5.67,2024-05-02,2024-06-17,False
906,Cortinas,84.04,3.0,2024-04-06,Decoración,252.12,73,TV,6.47,2024-08-17,2024-09-26,False
906,Cortinas,84.04,3.0,2024-04-06,Decoración,252.12,13,RRSS,5.22,2024-09-16,2024-10-15,False
959,Lámpara de mesa,76.32,7.0,2024-04-06,Decoración,534.24,32,Email,5.54,2024-03-28,2024-04-20,True
959,Lámpara de mesa,76.32,7.0,2024-04-06,Decoración,534.24,2,RRSS,5.88,2024-05-30,2024-06-29,False
959,Lámpara de mesa,76.32,7.0,2024-04-06,Decoración,534.24,62,TV,4.51,2024-08-26,2024-10-07,False
1376,Secadora,69.58,7.0,2024-04-06,Electrodomésticos,487.06,3,RRSS,5.1,2024-07-24,2024-08-30,False
1376,Secadora,69.58,7.0,2024-04-06,Electrodomésticos,487.06,63,TV,5.69,2024-11-03,2024-11-28,False
1376,Secadora,69.58,7.0,2024-04-06,Electrodomésticos,487.06,33,Email,3.8,2024-12-20,2025-01-07,False
1776,Secadora,33.55,3.0,2024-04-06,Electrodomésticos,100.64999999999999,3,RRSS,5.1,2024-07-24,2024-08-30,False
1776,Secadora,33.55,3.0,2024-04-06,Electrodomésticos,100.64999999999999,63,TV,5.69,2024-11-03,2024-11-28,False
1776,Secadora,33.55,3.0,2024-04-06,Electrodomésticos,100.64999999999999,33,Email,3.8,2024-12-20,2025-01-07,False
1784,Aspiradora,115.24,3.0,2024-04-06,Electrodomésticos,345.71999999999997,40,Email,6.24,2024-06-24,2024-08-12,False
1784,Aspiradora,115.24,3.0,2024-04-06,Electrodomésticos,345.71999999999997,10,RRSS,7.16,2024-08-19,2024-09-19,False
1784,Aspiradora,115.24,3.0,2024-04-06,Electrodomésticos,345.71999999999997,70,TV,3.06,2024-12-13,2024-12-29,False
1974,Aspiradora,87.32,7.0,2024-04-06,Electrodomésticos,611.24,40,Email,6.24,2024-06-24,2024-08-12,False
1974,Aspiradora,87.32,7.0,2024-04-06,Electrodomésticos,611.24,10,RRSS,7.16,2024-08-19,2024-09-19,False
1974,Aspiradora,87.32,7.0,2024-04-06,Electrodomésticos,611.24,70,TV,3.06,2024-12-13,2024-12-29,False
2080,Consola de videojuegos,100.69,7.0,2024-04-06,Electrónica,704.8299999999999,50,Email,4.97,2024-05-03,2024-05-28,False
2080,Consola de videojuegos,100.69,7.0,2024-04-06,Electrónica,704.8299999999999,20,RRSS,3.16,2024-07-15,2024-08-03,False
2080,Consola de videojuegos,100.69,7.0,2024-04-06,Electrónica,704.8299999999999,80,TV,4.64,2024-11-01,2024-11-20,False
2108,SmartWatch,79.37,10.0,2024-04-06,Electrónica,793.7,85,TV,5.07,2024-04-01,2024-05-05,True
2108,SmartWatch,79.37,10.0,2024-04-06,Electrónica,793.7,55,Email,4.59,2024-10-13,2024-12-06,False
2108,SmartWatch,79.37,10.0,2024-04-06,Electrónica,793.7,25,RRSS,4.84,2024-11-23,2024-12-29,False
2169,Proyector,120.34,1.0,2024-04-06,Electrónica,120.34,67,TV,3.68,2024-05-22,2024-07-12,False
2169,Proyector,120.34,1.0,2024-04-06,Electrónica,120.34,37,Email,3.22,2024-07-06,2024-07-26,False
2169,Proyector,120.34,1.0,2024-04-06,Electrónica,120.34,7,RRSS,5.57,2024-07-30,2024-08-16,False
145,Alfombra,41.72,8.0,2024-04-06,Decoración,333.76,58,Email,4.25,2024-03-31,2024-05-05,True
145,Alfombra,41.72,8.0,2024-04-06,Decoración,333.76,88,TV,7.39,2024-07-25,2024-08-31,False
145,Alfombra,41.72,8.0,2024-04-06,Decoración,333.76,28,RRSS,5.82,2024-11-27,2025-01-08,False
300,Adorno de pared,67.75,9.0,2024-04-06,Decoración,609.75,74,TV,4.81,2024-03-20,2024-05-03,True
300,Adorno de pared,67.75,9.0,2024-04-06,Decoración,609.75,44,Email,5.08,2024-04-13,2024-05-10,False
300,Adorno de pared,67.75,9.0,2024-04-06,Decoración,609.75,14,RRSS,4.16,2024-10-22,2024-12-21,False
439,Lámpara de mesa,35.43,2.0,2024-04-06,Decoración,70.86,32,Email,5.54,2024-03-28,2024-04-20,True
439,Lámpara de mesa,35.43,2.0,2024-04-06,Decoración,70.86,2,RRSS,5.88,2024-05-30,2024-06-29,False
439,Lámpara de mesa,35.43,2.0,2024-04-06,Decoración,70.86,62,TV,4.51,2024-08-26,2024-10-07,False
906,Cortinas,84.04,3.0,2024-04-06,Decoración,252.12,43,Email,5.67,2024-05-02,2024-06-17,False
906,Cortinas,84.04,3.0,2024-04-06,Decoración,252.12,73,TV,6.47,2024-08-17,2024-09-26,False
906,Cortinas,84.04,3.0,2024-04-06,Decoración,252.12,13,RRSS,5.22,2024-09-16,2024-10-15,False
959,Lámpara de mesa,76.32,7.0,2024-04-06,Decoración,534.24,32,Email,5.54,2024-03-28,2024-04-20,True
959,Lámpara de mesa,76.32,7.0,2024-04-06,Decoración,534.24,2,RRSS,5.88,2024-05-30,2024-06-29,False
959,Lámpara de mesa,76.32,7.0,2024-04-06,Decoración,534.24,62,TV,4.51,2024-08-26,2024-10-07,False
1376,Secadora,69.58,7.0,2024-04-06,Electrodomésticos,487.06,3,RRSS,5.1,2024-07-24,2024-08-30,False
1376,Secadora,69.58,7.0,2024-04-06,Electrodomésticos,487.06,63,TV,5.69,2024-11-03,2024-11-28,False
1376,Secadora,69.58,7.0,2024-04-06,Electrodomésticos,487.06,33,Email,3.8,2024-12-20,2025-01-07,False
1776,Secadora,33.55,3.0,2024-04-06,Electrodomésticos,100.64999999999999,3,RRSS,5.1,2024-07-24,2024-08-30,False
1776,Secadora,33.55,3.0,2024-04-06,Electrodomésticos,100.64999999999999,63,TV,5.69,2024-11-03,2024-11-28,False
1776,Secadora,33.55,3.0,2024-04-06,Electrodomésticos,100.64999999999999,33,Email,3.8,2024-12-20,2025-01-07,False
1784,Aspiradora,115.24,3.0,2024-04-06,Electrodomésticos,345.71999999999997,40,Email,6.24,2024-06-24,2024-08-12,False
1784,Aspiradora,115.24,3.0,2024-04-06,Electrodomésticos,345.71999999999997,10,RRSS,7.16,2024-08-19,2024-09-19,False
1784,Aspiradora,115.24,3.0,2024-04-06,Electrodomésticos,345.71999999999997,70,TV,3.06,2024-12-13,2024-12-29,False
1974,Aspiradora,87.32,7.0,2024-04-06,Electrodomésticos,611.24,40,Email,6.24,2024-06-24,2024-08-12,False
1974,Aspiradora,87.32,7.0,2024-04-06,Electrodomésticos,611.24,10,RRSS,7.16,2024-08-19,2024-09-19,False
1974,Aspiradora,87.32,7.0,2024-04-06,Electrodomésticos,611.24,70,TV,3.06,2024-12-13,2024-12-29,False
2080,Consola de videojuegos,100.69,7.0,2024-04-06,Electrónica,704.8299999999999,50,Email,4.97,2024-05-03,2024-05-28,False
2080,Consola de videojuegos,100.69,7.0,2024-04-06,Electrónica,704.8299999999999,20,RRSS,3.16,2024-07-15,2024-08-03,False
2080,Consola de videojuegos,100.69,7.0,2024-04-06,Electrónica,704.8299999999999,80,TV,4.64,2024-11-01,2024-11-20,False
2108,SmartWatch,79.37,10.0,2024-04-06,Electrónica,793.7,85,TV,5.07,2024-04-01,2024-05-05,True
2108,SmartWatch,79.37,10.0,2024-04-06,Electrónica,793.7,55,Email,4.59,2024-10-13,2024-12-06,False
2108,SmartWatch,79.37,10.0,2024-04-06,Electrónica,793.7,25,RRSS,4.84,2024-11-23,2024-12-29,False
2169,Proyector,120.34,1.0,2024-04-06,Electrónica,120.34,67,TV,3.68,2024-05-22,2024-07-12,False
2169,Proyector,120.34,1.0,2024-04-06,Electrónica,120.34,37,Email,3.22,2024-07-06,2024-07-26,False
2169,Proyector,120.34,1.0,2024-04-06,Electrónica,120.34,7,RRSS,5.57,2024-07-30,2024-08-16,False
213,Espejo decorativo,40.76,8.0,2024-04-07,Decoración,326.08,83,TV,5.24,2024-05-31,2024-07-08,False
213,Espejo decorativo,40.76,8.0,2024-04-07,Decoración,326.08,53,Email,4.9,2024-07-17,2024-08-01,False
213,Espejo decorativo,40.76,8.0,2024-04-07,Decoración,326.08,23,RRSS,4.75,2024-08-28,2024-10-17,False
345,Alfombra,56.78,9.0,2024-04-07,Decoración,511.02,58,Email,4.25,2024-03-31,2024-05-05,True
345,Alfombra,56.78,9.0,2024-04-07,Decoración,511.02,88,TV,7.39,2024-07-25,2024-08-31,False
345,Alfombra,56.78,9.0,2024-04-07,Decoración,511.02,28,RRSS,5.82,2024-11-27,2025-01-08,False
398,Rincón de plantas,77.3,7.0,2024-04-07,Decoración,541.1,38,Email,5.76,2024-06-14,2024-07-15,False
398,Rincón de plantas,77.3,7.0,2024-04-07,Decoración,541.1,8,RRSS,4.88,2024-08-03,2024-08-18,False
398,Rincón de plantas,77.3,7.0,2024-04-07,Decoración,541.1,68,TV,5.81,2024-12-17,2025-02-14,False
509,Lámpara de mesa,72.5,1.0,2024-04-07,Decoración,72.5,32,Email,5.54,2024-03-28,2024-04-20,True
509,Lámpara de mesa,72.5,1.0,2024-04-07,Decoración,72.5,2,RRSS,5.88,2024-05-30,2024-06-29,False
509,Lámpara de mesa,72.5,1.0,2024-04-07,Decoración,72.5,62,TV,4.51,2024-08-26,2024-10-07,False
821,Lámpara de mesa,71.17,10.0,2024-04-07,Decoración,711.7,32,Email,5.54,2024-03-28,2024-04-20,True
821,Lámpara de mesa,71.17,10.0,2024-04-07,Decoración,711.7,2,RRSS,5.88,2024-05-30,2024-06-29,False
821,Lámpara de mesa,71.17,10.0,2024-04-07,Decoración,711.7,62,TV,4.51,2024-08-26,2024-10-07,False
1642,Heladera,88.78,2.0,2024-04-07,Electrodomésticos,177.56,34,Email,4.2,2024-05-06,2024-07-05,False
1642,Heladera,88.78,2.0,2024-04-07,Electrodomésticos,177.56,4,RRSS,4.53,2024-05-31,2024-07-15,False
1642,Heladera,88.78,2.0,2024-04-07,Electrodomésticos,177.56,64,TV,4.38,2024-07-10,2024-08-09,False
1956,Secadora,42.59,12.0,2024-04-07,Electrodomésticos,511.08000000000004,3,RRSS,5.1,2024-07-24,2024-08-30,False
1956,Secadora,42.59,12.0,2024-04-07,Electrodomésticos,511.08000000000004,63,TV,5.69,2024-11-03,2024-11-28,False
1956,Secadora,42.59,12.0,2024-04-07,Electrodomésticos,511.08000000000004,33,Email,3.8,2024-12-20,2025-01-07,False
2085,Auriculares,122.56,6.0,2024-04-07,Electrónica,735.36,47,Email,4.19,2024-06-02,2024-07-22,False
2085,Auriculares,122.56,6.0,2024-04-07,Electrónica,735.36,17,RRSS,6.06,2024-07-15,2024-08-15,False
2085,Auriculares,122.56,6.0,2024-04-07,Electrónica,735.36,77,TV,4.99,2024-11-11,2024-12-06,False
2096,Laptop,83.25,6.0,2024-04-07,Electrónica,499.5,60,Email,4.89,2024-09-28,2024-10-27,False
2096,Laptop,83.25,6.0,2024-04-07,Electrónica,499.5,30,RRSS,4.68,2024-10-23,2024-11-24,False
2096,Laptop,83.25,6.0,2024-04-07,Electrónica,499.5,90,TV,5.62,2024-11-16,2025-01-13,False
2356,Laptop,30.16,6.0,2024-04-07,Electrónica,180.96,60,Email,4.89,2024-09-28,2024-10-27,False
2356,Laptop,30.16,6.0,2024-04-07,Electrónica,180.96,30,RRSS,4.68,2024-10-23,2024-11-24,False
2356,Laptop,30.16,6.0,2024-04-07,Electrónica,180.96,90,TV,5.62,2024-11-16,2025-01-13,False
2373,Smartphone,123.6,12.0,2024-04-07,Electrónica,1483.1999999999998,21,RRSS,6.37,2024-03-29,2024-05-16,True
2373,Smartphone,123.6,12.0,2024-04-07,Electrónica,1483.1999999999998,51,Email,4.65,2024-05-28,2024-06-15,False
2373,Smartphone,123.6,12.0,2024-04-07,Electrónica,1483.1999999999998,81,TV,4.78,2024-09-28,2024-10-24,False
213,Espejo decorativo,40.76,8.0,2024-04-07,Decoración,326.08,83,TV,5.24,2024-05-31,2024-07-08,False
213,Espejo decorativo,40.76,8.0,2024-04-07,Decoración,326.08,53,Email,4.9,2024-07-17,2024-08-01,False
213,Espejo decorativo,40.76,8.0,2024-04-07,Decoración,326.08,23,RRSS,4.75,2024-08-28,2024-10-17,False
345,Alfombra,56.78,9.0,2024-04-07,Decoración,511.02,58,Email,4.25,2024-03-31,2024-05-05,True
345,Alfombra,56.78,9.0,2024-04-07,Decoración,511.02,88,TV,7.39,2024-07-25,2024-08-31,False
345,Alfombra,56.78,9.0,2024-04-07,Decoración,511.02,28,RRSS,5.82,2024-11-27,2025-01-08,False
398,Rincón de plantas,77.3,7.0,2024-04-07,Decoración,541.1,38,Email,5.76,2024-06-14,2024-07-15,False
398,Rincón de plantas,77.3,7.0,2024-04-07,Decoración,541.1,8,RRSS,4.88,2024-08-03,2024-08-18,False
398,Rincón de plantas,77.3,7.0,2024-04-07,Decoración,541.1,68,TV,5.81,2024-12-17,2025-02-14,False
509,Lámpara de mesa,72.5,1.0,2024-04-07,Decoración,72.5,32,Email,5.54,2024-03-28,2024-04-20,True
509,Lámpara de mesa,72.5,1.0,2024-04-07,Decoración,72.5,2,RRSS,5.88,2024-05-30,2024-06-29,False
509,Lámpara de mesa,72.5,1.0,2024-04-07,Decoración,72.5,62,TV,4.51,2024-08-26,2024-10-07,False
821,Lámpara de mesa,71.17,10.0,2024-04-07,Decoración,711.7,32,Email,5.54,2024-03-28,2024-04-20,True
821,Lámpara de mesa,71.17,10.0,2024-04-07,Decoración,711.7,2,RRSS,5.88,2024-05-30,2024-06-29,False
821,Lámpara de mesa,71.17,10.0,2024-04-07,Decoración,711.7,62,TV,4.51,2024-08-26,2024-10-07,False
1642,Heladera,88.78,2.0,2024-04-07,Electrodomésticos,177.56,34,Email,4.2,2024-05-06,2024-07-05,False
1642,Heladera,88.78,2.0,2024-04-07,Electrodomésticos,177.56,4,RRSS,4.53,2024-05-31,2024-07-15,False
1642,Heladera,88.78,2.0,2024-04-07,Electrodomésticos,177.56,64,TV,4.38,2024-07-10,2024-08-09,False
1956,Secadora,42.59,12.0,2024-04-07,Electrodomésticos,511.08000000000004,3,RRSS,5.1,2024-07-24,2024-08-30,False
1956,Secadora,42.59,12.0,2024-04-07,Electrodomésticos,511.08000000000004,63,TV,5.69,2024-11-03,2024-11-28,False
1956,Secadora,42.59,12.0,2024-04-07,Electrodomésticos,511.08000000000004,33,Email,3.8,2024-12-20,2025-01-07,False
2085,Auriculares,122.56,6.0,2024-04-07,Electrónica,735.36,47,Email,4.19,2024-06-02,2024-07-22,False
2085,Auriculares,122.56,6.0,2024-04-07,Electrónica,735.36,17,RRSS,6.06,2024-07-15,2024-08-15,False
2085,Auriculares,122.56,6.0,2024-04-07,Electrónica,735.36,77,TV,4.99,2024-11-11,2024-12-06,False
2096,Laptop,83.25,6.0,2024-04-07,Electrónica,499.5,60,Email,4.89,2024-09-28,2024-10-27,False
2096,Laptop,83.25,6.0,2024-04-07,Electrónica,499.5,30,RRSS,4.68,2024-10-23,2024-11-24,False
2096,Laptop,83.25,6.0,2024-04-07,Electrónica,499.5,90,TV,5.62,2024-11-16,2025-01-13,False
2356,Laptop,30.16,6.0,2024-04-07,Electrónica,180.96,60,Email,4.89,2024-09-28,2024-10-27,False
2356,Laptop,30.16,6.0,2024-04-07,Electrónica,180.96,30,RRSS,4.68,2024-10-23,2024-11-24,False
2356,Laptop,30.16,6.0,2024-04-07,Electrónica,180.96,90,TV,5.62,2024-11-16,2025-01-13,False
2373,Smartphone,123.6,12.0,2024-04-07,Electrónica,1483.1999999999998,21,RRSS,6.37,2024-03-29,2024-05-16,True
2373,Smartphone,123.6,12.0,2024-04-07,Electrónica,1483.1999999999998,51,Email,4.65,2024-05-28,2024-06-15,False
2373,Smartphone,123.6,12.0,2024-04-07,Electrónica,1483.1999999999998,81,TV,4.78,2024-09-28,2024-10-24,False
204,Jarrón decorativo,94.75,1.0,2024-04-08,Decoración,94.75,15,RRSS,4.65,2024-05-09,2024-06-13,False
204,Jarrón decorativo,94.75,1.0,2024-04-08,Decoración,94.75,45,Email,4.52,2024-06-05,2024-07-31,False
204,Jarrón decorativo,94.75,1.0,2024-04-08,Decoración,94.75,75,TV,4.1,2024-11-03,2024-12-25,False
1381,Freidora eléctrica,38.12,2.0,2024-04-08,Electrodomésticos,76.24,71,TV,4.37,2024-06-05,2024-07-24,False
1381,Freidora eléctrica,38.12,2.0,2024-04-08,Electrodomésticos,76.24,41,Email,3.92,2024-11-23,2025-01-01,False
1381,Freidora eléctrica,38.12,2.0,2024-04-08,Electrodomésticos,76.24,11,RRSS,5.27,2024-12-29,2025-01-21,False
2365,Auriculares,92.91,11.0,2024-04-08,Electrónica,1022.01,47,Email,4.19,2024-06-02,2024-07-22,False
2365,Auriculares,92.91,11.0,2024-04-08,Electrónica,1022.01,17,RRSS,6.06,2024-07-15,2024-08-15,False
2365,Auriculares,92.91,11.0,2024-04-08,Electrónica,1022.01,77,TV,4.99,2024-11-11,2024-12-06,False
2486,Laptop,124.95,11.0,2024-04-08,Electrónica,1374.45,60,Email,4.89,2024-09-28,2024-10-27,False
2486,Laptop,124.95,11.0,2024-04-08,Electrónica,1374.45,30,RRSS,4.68,2024-10-23,2024-11-24,False
2486,Laptop,124.95,11.0,2024-04-08,Electrónica,1374.45,90,TV,5.62,2024-11-16,2025-01-13,False
2506,Laptop,34.74,1.0,2024-04-08,Electrónica,34.74,60,Email,4.89,2024-09-28,2024-10-27,False
2506,Laptop,34.74,1.0,2024-04-08,Electrónica,34.74,30,RRSS,4.68,2024-10-23,2024-11-24,False
2506,Laptop,34.74,1.0,2024-04-08,Electrónica,34.74,90,TV,5.62,2024-11-16,2025-01-13,False
2705,Auriculares,87.29,2.0,2024-04-08,Electrónica,174.58,47,Email,4.19,2024-06-02,2024-07-22,False
2705,Auriculares,87.29,2.0,2024-04-08,Electrónica,174.58,17,RRSS,6.06,2024-07-15,2024-08-15,False
2705,Auriculares,87.29,2.0,2024-04-08,Electrónica,174.58,77,TV,4.99,2024-11-11,2024-12-06,False
204,Jarrón decorativo,94.75,1.0,2024-04-08,Decoración,94.75,15,RRSS,4.65,2024-05-09,2024-06-13,False
204,Jarrón decorativo,94.75,1.0,2024-04-08,Decoración,94.75,45,Email,4.52,2024-06-05,2024-07-31,False
204,Jarrón decorativo,94.75,1.0,2024-04-08,Decoración,94.75,75,TV,4.1,2024-11-03,2024-12-25,False
1381,Freidora eléctrica,38.12,2.0,2024-04-08,Electrodomésticos,76.24,71,TV,4.37,2024-06-05,2024-07-24,False
1381,Freidora eléctrica,38.12,2.0,2024-04-08,Electrodomésticos,76.24,41,Email,3.92,2024-11-23,2025-01-01,False
1381,Freidora eléctrica,38.12,2.0,2024-04-08,Electrodomésticos,76.24,11,RRSS,5.27,2024-12-29,2025-01-21,False
2365,Auriculares,92.91,11.0,2024-04-08,Electrónica,1022.01,47,Email,4.19,2024-06-02,2024-07-22,False
2365,Auriculares,92.91,11.0,2024-04-08,Electrónica,1022.01,17,RRSS,6.06,2024-07-15,2024-08-15,False
2365,Auriculares,92.91,11.0,2024-04-08,Electrónica,1022.01,77,TV,4.99,2024-11-11,2024-12-06,False
2486,Laptop,124.95,11.0,2024-04-08,Electrónica,1374.45,60,Email,4.89,2024-09-28,2024-10-27,False
2486,Laptop,124.95,11.0,2024-04-08,Electrónica,1374.45,30,RRSS,4.68,2024-10-23,2024-11-24,False
2486,Laptop,124.95,11.0,2024-04-08,Electrónica,1374.45,90,TV,5.62,2024-11-16,2025-01-13,False
2506,Laptop,34.74,1.0,2024-04-08,Electrónica,34.74,60,Email,4.89,2024-09-28,2024-10-27,False
2506,Laptop,34.74,1.0,2024-04-08,Electrónica,34.74,30,RRSS,4.68,2024-10-23,2024-11-24,False
2506,Laptop,34.74,1.0,2024-04-08,Electrónica,34.74,90,TV,5.62,2024-11-16,2025-01-13,False
2705,Auriculares,87.29,2.0,2024-04-08,Electrónica,174.58,47,Email,4.19,2024-06-02,2024-07-22,False
2705,Auriculares,87.29,2.0,2024-04-08,Electrónica,174.58,17,RRSS,6.06,2024-07-15,2024-08-15,False
2705,Auriculares,87.29,2.0,2024-04-08,Electrónica,174.58,77,TV,4.99,2024-11-11,2024-12-06,False
1225,Lavadora,87.65,2.0,2024-04-09,Electrodomésticos,175.3,46,Email,3.63,2024-05-12,2024-05-29,False
1225,Lavadora,87.65,2.0,2024-04-09,Electrodomésticos,175.3,76,TV,4.66,2024-05-26,2024-07-02,False
1225,Lavadora,87.65,2.0,2024-04-09,Electrodomésticos,175.3,16,RRSS,3.56,2024-08-14,2024-09-20,False
1344,Aspiradora,34.1,3.0,2024-04-09,Electrodomésticos,102.30000000000001,40,Email,6.24,2024-06-24,2024-08-12,False
1344,Aspiradora,34.1,3.0,2024-04-09,Electrodomésticos,102.30000000000001,10,RRSS,7.16,2024-08-19,2024-09-19,False
1344,Aspiradora,34.1,3.0,2024-04-09,Electrodomésticos,102.30000000000001,70,TV,3.06,2024-12-13,2024-12-29,False
1361,Freidora eléctrica,103.64,10.0,2024-04-09,Electrodomésticos,1036.4,71,TV,4.37,2024-06-05,2024-07-24,False
1361,Freidora eléctrica,103.64,10.0,2024-04-09,Electrodomésticos,1036.4,41,Email,3.92,2024-11-23,2025-01-01,False
1361,Freidora eléctrica,103.64,10.0,2024-04-09,Electrodomésticos,1036.4,11,RRSS,5.27,2024-12-29,2025-01-21,False
1979,Batidora,88.23,11.0,2024-04-09,Electrodomésticos,970.5300000000001,57,Email,4.48,2024-04-10,2024-06-08,False
1979,Batidora,88.23,11.0,2024-04-09,Electrodomésticos,970.5300000000001,87,TV,6.28,2024-08-27,2024-10-11,False
1979,Batidora,88.23,11.0,2024-04-09,Electrodomésticos,970.5300000000001,27,RRSS,4.52,2024-11-01,2024-12-08,False
2852,Televisor,34.23,4.0,2024-04-09,Electrónica,136.92,29,RRSS,3.96,2024-05-17,2024-06-28,False
2852,Televisor,34.23,4.0,2024-04-09,Electrónica,136.92,59,Email,4.19,2024-11-20,2025-01-19,False
2852,Televisor,34.23,4.0,2024-04-09,Electrónica,136.92,89,TV,4.98,2024-12-13,2025-02-08,False
48,Rincón de plantas,102.85,3.0,2024-04-10,Decoración,308.54999999999995,38,Email,5.76,2024-06-14,2024-07-15,False
48,Rincón de plantas,102.85,3.0,2024-04-10,Decoración,308.54999999999995,8,RRSS,4.88,2024-08-03,2024-08-18,False
48,Rincón de plantas,102.85,3.0,2024-04-10,Decoración,308.54999999999995,68,TV,5.81,2024-12-17,2025-02-14,False
141,Lámpara de mesa,96.45,1.0,2024-04-10,Decoración,96.45,32,Email,5.54,2024-03-28,2024-04-20,True
141,Lámpara de mesa,96.45,1.0,2024-04-10,Decoración,96.45,2,RRSS,5.88,2024-05-30,2024-06-29,False
141,Lámpara de mesa,96.45,1.0,2024-04-10,Decoración,96.45,62,TV,4.51,2024-08-26,2024-10-07,False
426,Cortinas,119.55,7.0,2024-04-10,Decoración,836.85,43,Email,5.67,2024-05-02,2024-06-17,False
426,Cortinas,119.55,7.0,2024-04-10,Decoración,836.85,73,TV,6.47,2024-08-17,2024-09-26,False
426,Cortinas,119.55,7.0,2024-04-10,Decoración,836.85,13,RRSS,5.22,2024-09-16,2024-10-15,False
556,Cortinas,42.74,12.0,2024-04-10,Decoración,512.88,43,Email,5.67,2024-05-02,2024-06-17,False
556,Cortinas,42.74,12.0,2024-04-10,Decoración,512.88,73,TV,6.47,2024-08-17,2024-09-26,False
556,Cortinas,42.74,12.0,2024-04-10,Decoración,512.88,13,RRSS,5.22,2024-09-16,2024-10-15,False
600,Adorno de pared,66.0,4.0,2024-04-10,Decoración,264.0,74,TV,4.81,2024-03-20,2024-05-03,True
600,Adorno de pared,66.0,4.0,2024-04-10,Decoración,264.0,44,Email,5.08,2024-04-13,2024-05-10,False
600,Adorno de pared,66.0,4.0,2024-04-10,Decoración,264.0,14,RRSS,4.16,2024-10-22,2024-12-21,False
797,Elementos de cerámica,52.97,2.0,2024-04-10,Decoración,105.94,22,RRSS,5.44,2024-06-26,2024-07-15,False
797,Elementos de cerámica,52.97,2.0,2024-04-10,Decoración,105.94,82,TV,5.69,2024-09-08,2024-10-12,False
797,Elementos de cerámica,52.97,2.0,2024-04-10,Decoración,105.94,52,Email,5.74,2024-09-09,2024-09-30,False
1315,Lavadora,49.69,12.0,2024-04-10,Electrodomésticos,596.28,46,Email,3.63,2024-05-12,2024-05-29,False
1315,Lavadora,49.69,12.0,2024-04-10,Electrodomésticos,596.28,76,TV,4.66,2024-05-26,2024-07-02,False
1315,Lavadora,49.69,12.0,2024-04-10,Electrodomésticos,596.28,16,RRSS,3.56,2024-08-14,2024-09-20,False
1356,Secadora,124.09,4.0,2024-04-10,Electrodomésticos,496.36,3,RRSS,5.1,2024-07-24,2024-08-30,False
1356,Secadora,124.09,4.0,2024-04-10,Electrodomésticos,496.36,63,TV,5.69,2024-11-03,2024-11-28,False
1356,Secadora,124.09,4.0,2024-04-10,Electrodomésticos,496.36,33,Email,3.8,2024-12-20,2025-01-07,False
1435,Lavadora,37.2,10.0,2024-04-10,Electrodomésticos,372.0,46,Email,3.63,2024-05-12,2024-05-29,False
1435,Lavadora,37.2,10.0,2024-04-10,Electrodomésticos,372.0,76,TV,4.66,2024-05-26,2024-07-02,False
1435,Lavadora,37.2,10.0,2024-04-10,Electrodomésticos,372.0,16,RRSS,3.56,2024-08-14,2024-09-20,False
1618,Cafetera,31.94,11.0,2024-04-10,Electrodomésticos,351.34000000000003,49,Email,5.2,2024-06-20,2024-07-22,False
1618,Cafetera,31.94,11.0,2024-04-10,Electrodomésticos,351.34000000000003,79,TV,7.26,2024-08-13,2024-10-11,False
1618,Cafetera,31.94,11.0,2024-04-10,Electrodomésticos,351.34000000000003,19,RRSS,5.7,2024-08-19,2024-09-15,False
1630,Plancha de vapor,76.06,9.0,2024-04-10,Electrodomésticos,684.54,36,Email,5.41,2024-04-02,2024-06-01,True
1630,Plancha de vapor,76.06,9.0,2024-04-10,Electrodomésticos,684.54,6,RRSS,4.02,2024-09-24,2024-11-02,False
1630,Plancha de vapor,76.06,9.0,2024-04-10,Electrodomésticos,684.54,66,TV,4.69,2024-10-04,2024-10-23,False
1871,Freidora eléctrica,88.9,6.0,2024-04-10,Electrodomésticos,533.4000000000001,71,TV,4.37,2024-06-05,2024-07-24,False
1871,Freidora eléctrica,88.9,6.0,2024-04-10,Electrodomésticos,533.4000000000001,41,Email,3.92,2024-11-23,2025-01-01,False
1871,Freidora eléctrica,88.9,6.0,2024-04-10,Electrodomésticos,533.4000000000001,11,RRSS,5.27,2024-12-29,2025-01-21,False
1919,Batidora,38.51,9.0,2024-04-10,Electrodomésticos,346.59,57,Email,4.48,2024-04-10,2024-06-08,True
1919,Batidora,38.51,9.0,2024-04-10,Electrodomésticos,346.59,87,TV,6.28,2024-08-27,2024-10-11,False
1919,Batidora,38.51,9.0,2024-04-10,Electrodomésticos,346.59,27,RRSS,4.52,2024-11-01,2024-12-08,False
2661,Parlantes Bluetooth,79.11,3.0,2024-04-10,Electrónica,237.32999999999998,84,TV,4.42,2024-04-17,2024-05-05,False
2661,Parlantes Bluetooth,79.11,3.0,2024-04-10,Electrónica,237.32999999999998,54,Email,2.95,2024-08-09,2024-09-22,False
2661,Parlantes Bluetooth,79.11,3.0,2024-04-10,Electrónica,237.32999999999998,24,RRSS,6.0,2024-09-22,2024-10-26,False
2785,Auriculares,122.8,3.0,2024-04-10,Electrónica,368.4,47,Email,4.19,2024-06-02,2024-07-22,False
2785,Auriculares,122.8,3.0,2024-04-10,Electrónica,368.4,17,RRSS,6.06,2024-07-15,2024-08-15,False
2785,Auriculares,122.8,3.0,2024-04-10,Electrónica,368.4,77,TV,4.99,2024-11-11,2024-12-06,False
328,Rincón de plantas,60.89,1.0,2024-04-11,Decoración,60.89,38,Email,5.76,2024-06-14,2024-07-15,False
328,Rincón de plantas,60.89,1.0,2024-04-11,Decoración,60.89,8,RRSS,4.88,2024-08-03,2024-08-18,False
328,Rincón de plantas,60.89,1.0,2024-04-11,Decoración,60.89,68,TV,5.81,2024-12-17,2025-02-14,False
466,Cortinas,26.29,7.0,2024-04-11,Decoración,184.03,43,Email,5.67,2024-05-02,2024-06-17,False
466,Cortinas,26.29,7.0,2024-04-11,Decoración,184.03,73,TV,6.47,2024-08-17,2024-09-26,False
466,Cortinas,26.29,7.0,2024-04-11,Decoración,184.03,13,RRSS,5.22,2024-09-16,2024-10-15,False
1109,Batidora,123.83,12.0,2024-04-11,Electrodomésticos,1485.96,57,Email,4.48,2024-04-10,2024-06-08,True
1109,Batidora,123.83,12.0,2024-04-11,Electrodomésticos,1485.96,87,TV,6.28,2024-08-27,2024-10-11,False
1109,Batidora,123.83,12.0,2024-04-11,Electrodomésticos,1485.96,27,RRSS,4.52,2024-11-01,2024-12-08,False
1578,Cafetera,101.98,2.0,2024-04-11,Electrodomésticos,203.96,49,Email,5.2,2024-06-20,2024-07-22,False
1578,Cafetera,101.98,2.0,2024-04-11,Electrodomésticos,203.96,79,TV,7.26,2024-08-13,2024-10-11,False
1578,Cafetera,101.98,2.0,2024-04-11,Electrodomésticos,203.96,19,RRSS,5.7,2024-08-19,2024-09-15,False
2370,Consola de videojuegos,46.08,7.0,2024-04-11,Electrónica,322.56,50,Email,4.97,2024-05-03,2024-05-28,False
2370,Consola de videojuegos,46.08,7.0,2024-04-11,Electrónica,322.56,20,RRSS,3.16,2024-07-15,2024-08-03,False
2370,Consola de videojuegos,46.08,7.0,2024-04-11,Electrónica,322.56,80,TV,4.64,2024-11-01,2024-11-20,False
2478,SmartWatch,80.84,8.0,2024-04-11,Electrónica,646.72,85,TV,5.07,2024-04-01,2024-05-05,True
2478,SmartWatch,80.84,8.0,2024-04-11,Electrónica,646.72,55,Email,4.59,2024-10-13,2024-12-06,False
2478,SmartWatch,80.84,8.0,2024-04-11,Electrónica,646.72,25,RRSS,4.84,2024-11-23,2024-12-29,False
2544,Tablet,63.88,8.0,2024-04-11,Electrónica,511.04,12,RRSS,3.4,2024-03-26,2024-05-13,True
2544,Tablet,63.88,8.0,2024-04-11,Electrónica,511.04,72,TV,4.9,2024-07-08,2024-09-03,False
2544,Tablet,63.88,8.0,2024-04-11,Electrónica,511.04,42,Email,4.42,2024-07-14,2024-09-03,False
2934,Tablet,95.9,2.0,2024-04-11,Electrónica,191.8,12,RRSS,3.4,2024-03-26,2024-05-13,True
2934,Tablet,95.9,2.0,2024-04-11,Electrónica,191.8,72,TV,4.9,2024-07-08,2024-09-03,False
2934,Tablet,95.9,2.0,2024-04-11,Electrónica,191.8,42,Email,4.42,2024-07-14,2024-09-03,False
127,Elementos de cerámica,93.84,8.0,2024-04-12,Decoración,750.72,22,RRSS,5.44,2024-06-26,2024-07-15,False
127,Elementos de cerámica,93.84,8.0,2024-04-12,Decoración,750.72,82,TV,5.69,2024-09-08,2024-10-12,False
127,Elementos de cerámica,93.84,8.0,2024-04-12,Decoración,750.72,52,Email,5.74,2024-09-09,2024-09-30,False
292,Cuadro decorativo,78.91,8.0,2024-04-12,Decoración,631.28,1,RRSS,5.27,2024-04-27,2024-06-04,False
292,Cuadro decorativo,78.91,8.0,2024-04-12,Decoración,631.28,31,Email,5.28,2024-08-15,2024-09-12,False
292,Cuadro decorativo,78.91,8.0,2024-04-12,Decoración,631.28,61,TV,5.3,2024-11-05,2024-12-23,False
1394,Aspiradora,68.73,5.0,2024-04-12,Electrodomésticos,343.65000000000003,40,Email,6.24,2024-06-24,2024-08-12,False
1394,Aspiradora,68.73,5.0,2024-04-12,Electrodomésticos,343.65000000000003,10,RRSS,7.16,2024-08-19,2024-09-19,False
1394,Aspiradora,68.73,5.0,2024-04-12,Electrodomésticos,343.65000000000003,70,TV,3.06,2024-12-13,2024-12-29,False
2492,Televisor,54.4,5.0,2024-04-12,Electrónica,272.0,29,RRSS,3.96,2024-05-17,2024-06-28,False
2492,Televisor,54.4,5.0,2024-04-12,Electrónica,272.0,59,Email,4.19,2024-11-20,2025-01-19,False
2492,Televisor,54.4,5.0,2024-04-12,Electrónica,272.0,89,TV,4.98,2024-12-13,2025-02-08,False
2812,Televisor,52.6,2.0,2024-04-12,Electrónica,105.2,29,RRSS,3.96,2024-05-17,2024-06-28,False
2812,Televisor,52.6,2.0,2024-04-12,Electrónica,105.2,59,Email,4.19,2024-11-20,2025-01-19,False
2812,Televisor,52.6,2.0,2024-04-12,Electrónica,105.2,89,TV,4.98,2024-12-13,2025-02-08,False
89,Lámpara de mesa,55.79,1.0,2024-04-13,Decoración,55.79,32,Email,5.54,2024-03-28,2024-04-20,True
89,Lámpara de mesa,55.79,1.0,2024-04-13,Decoración,55.79,2,RRSS,5.88,2024-05-30,2024-06-29,False
89,Lámpara de mesa,55.79,1.0,2024-04-13,Decoración,55.79,62,TV,4.51,2024-08-26,2024-10-07,False
659,Lámpara de mesa,50.98,3.0,2024-04-13,Decoración,152.94,32,Email,5.54,2024-03-28,2024-04-20,True
659,Lámpara de mesa,50.98,3.0,2024-04-13,Decoración,152.94,2,RRSS,5.88,2024-05-30,2024-06-29,False
659,Lámpara de mesa,50.98,3.0,2024-04-13,Decoración,152.94,62,TV,4.51,2024-08-26,2024-10-07,False
1012,Heladera,62.93,1.0,2024-04-13,Electrodomésticos,62.93,34,Email,4.2,2024-05-06,2024-07-05,False
1012,Heladera,62.93,1.0,2024-04-13,Electrodomésticos,62.93,4,RRSS,4.53,2024-05-31,2024-07-15,False
1012,Heladera,62.93,1.0,2024-04-13,Electrodomésticos,62.93,64,TV,4.38,2024-07-10,2024-08-09,False
1048,Cafetera,58.81,10.0,2024-04-13,Electrodomésticos,588.1,49,Email,5.2,2024-06-20,2024-07-22,False
1048,Cafetera,58.81,10.0,2024-04-13,Electrodomésticos,588.1,79,TV,7.26,2024-08-13,2024-10-11,False
1048,Cafetera,58.81,10.0,2024-04-13,Electrodomésticos,588.1,19,RRSS,5.7,2024-08-19,2024-09-15,False
1450,Plancha de vapor,56.8,8.0,2024-04-13,Electrodomésticos,454.4,36,Email,5.41,2024-04-02,2024-06-01,True
1450,Plancha de vapor,56.8,8.0,2024-04-13,Electrodomésticos,454.4,6,RRSS,4.02,2024-09-24,2024-11-02,False
1450,Plancha de vapor,56.8,8.0,2024-04-13,Electrodomésticos,454.4,66,TV,4.69,2024-10-04,2024-10-23,False
1758,Cafetera,118.03,5.0,2024-04-13,Electrodomésticos,590.15,49,Email,5.2,2024-06-20,2024-07-22,False
1758,Cafetera,118.03,5.0,2024-04-13,Electrodomésticos,590.15,79,TV,7.26,2024-08-13,2024-10-11,False
1758,Cafetera,118.03,5.0,2024-04-13,Electrodomésticos,590.15,19,RRSS,5.7,2024-08-19,2024-09-15,False
1856,Secadora,42.03,11.0,2024-04-13,Electrodomésticos,462.33000000000004,3,RRSS,5.1,2024-07-24,2024-08-30,False
1856,Secadora,42.03,11.0,2024-04-13,Electrodomésticos,462.33000000000004,63,TV,5.69,2024-11-03,2024-11-28,False
1856,Secadora,42.03,11.0,2024-04-13,Electrodomésticos,462.33000000000004,33,Email,3.8,2024-12-20,2025-01-07,False
2490,Consola de videojuegos,122.79,6.0,2024-04-13,Electrónica,736.74,50,Email,4.97,2024-05-03,2024-05-28,False
2490,Consola de videojuegos,122.79,6.0,2024-04-13,Electrónica,736.74,20,RRSS,3.16,2024-07-15,2024-08-03,False
2490,Consola de videojuegos,122.79,6.0,2024-04-13,Electrónica,736.74,80,TV,4.64,2024-11-01,2024-11-20,False
2547,Cámara digital,60.29,6.0,2024-04-13,Electrónica,361.74,18,RRSS,5.46,2024-07-16,2024-09-13,False
2547,Cámara digital,60.29,6.0,2024-04-13,Electrónica,361.74,78,TV,4.1,2024-08-02,2024-09-20,False
2547,Cámara digital,60.29,6.0,2024-04-13,Electrónica,361.74,48,Email,6.84,2024-10-31,2024-12-09,False
2704,Tablet,117.89,1.0,2024-04-13,Electrónica,117.89,12,RRSS,3.4,2024-03-26,2024-05-13,True
2704,Tablet,117.89,1.0,2024-04-13,Electrónica,117.89,72,TV,4.9,2024-07-08,2024-09-03,False
2704,Tablet,117.89,1.0,2024-04-13,Electrónica,117.89,42,Email,4.42,2024-07-14,2024-09-03,False
2996,Cámara digital,63.89,1.0,2024-04-13,Electrónica,63.89,18,RRSS,5.46,2024-07-16,2024-09-13,False
2996,Cámara digital,63.89,1.0,2024-04-13,Electrónica,63.89,78,TV,4.1,2024-08-02,2024-09-20,False
2996,Cámara digital,63.89,1.0,2024-04-13,Electrónica,63.89,48,Email,6.84,2024-10-31,2024-12-09,False
285,Alfombra,107.8,7.0,2024-04-14,Decoración,754.6,58,Email,4.25,2024-03-31,2024-05-05,True
285,Alfombra,107.8,7.0,2024-04-14,Decoración,754.6,88,TV,7.39,2024-07-25,2024-08-31,False
285,Alfombra,107.8,7.0,2024-04-14,Decoración,754.6,28,RRSS,5.82,2024-11-27,2025-01-08,False
896,Cortinas,71.03,7.0,2024-04-14,Decoración,497.21000000000004,43,Email,5.67,2024-05-02,2024-06-17,False
896,Cortinas,71.03,7.0,2024-04-14,Decoración,497.21000000000004,73,TV,6.47,2024-08-17,2024-09-26,False
896,Cortinas,71.03,7.0,2024-04-14,Decoración,497.21000000000004,13,RRSS,5.22,2024-09-16,2024-10-15,False
1097,Horno eléctrico,122.69,10.0,2024-04-14,Electrodomésticos,1226.9,35,Email,5.65,2024-07-31,2024-09-29,False
1097,Horno eléctrico,122.69,10.0,2024-04-14,Electrodomésticos,1226.9,5,RRSS,5.16,2024-08-22,2024-10-17,False
1097,Horno eléctrico,122.69,10.0,2024-04-14,Electrodomésticos,1226.9,65,TV,3.08,2024-10-23,2024-12-11,False
1516,Secadora,105.8,3.0,2024-04-14,Electrodomésticos,317.4,3,RRSS,5.1,2024-07-24,2024-08-30,False
1516,Secadora,105.8,3.0,2024-04-14,Electrodomésticos,317.4,63,TV,5.69,2024-11-03,2024-11-28,False
1516,Secadora,105.8,3.0,2024-04-14,Electrodomésticos,317.4,33,Email,3.8,2024-12-20,2025-01-07,False
1698,Cafetera,88.26,1.0,2024-04-14,Electrodomésticos,88.26,49,Email,5.2,2024-06-20,2024-07-22,False
1698,Cafetera,88.26,1.0,2024-04-14,Electrodomésticos,88.26,79,TV,7.26,2024-08-13,2024-10-11,False
1698,Cafetera,88.26,1.0,2024-04-14,Electrodomésticos,88.26,19,RRSS,5.7,2024-08-19,2024-09-15,False
2029,Proyector,124.37,8.0,2024-04-14,Electrónica,994.96,67,TV,3.68,2024-05-22,2024-07-12,False
2029,Proyector,124.37,8.0,2024-04-14,Electrónica,994.96,37,Email,3.22,2024-07-06,2024-07-26,False
2029,Proyector,124.37,8.0,2024-04-14,Electrónica,994.96,7,RRSS,5.57,2024-07-30,2024-08-16,False
2039,Proyector,34.39,7.0,2024-04-14,Electrónica,240.73000000000002,67,TV,3.68,2024-05-22,2024-07-12,False
2039,Proyector,34.39,7.0,2024-04-14,Electrónica,240.73000000000002,37,Email,3.22,2024-07-06,2024-07-26,False
2039,Proyector,34.39,7.0,2024-04-14,Electrónica,240.73000000000002,7,RRSS,5.57,2024-07-30,2024-08-16,False
2097,Cámara digital,42.17,8.0,2024-04-14,Electrónica,337.36,18,RRSS,5.46,2024-07-16,2024-09-13,False
2097,Cámara digital,42.17,8.0,2024-04-14,Electrónica,337.36,78,TV,4.1,2024-08-02,2024-09-20,False
2097,Cámara digital,42.17,8.0,2024-04-14,Electrónica,337.36,48,Email,6.84,2024-10-31,2024-12-09,False
2275,Auriculares,32.0,1.0,2024-04-14,Electrónica,32.0,47,Email,4.19,2024-06-02,2024-07-22,False
2275,Auriculares,32.0,1.0,2024-04-14,Electrónica,32.0,17,RRSS,6.06,2024-07-15,2024-08-15,False
2275,Auriculares,32.0,1.0,2024-04-14,Electrónica,32.0,77,TV,4.99,2024-11-11,2024-12-06,False
2381,Parlantes Bluetooth,98.28,5.0,2024-04-14,Electrónica,491.4,84,TV,4.42,2024-04-17,2024-05-05,False
2381,Parlantes Bluetooth,98.28,5.0,2024-04-14,Electrónica,491.4,54,Email,2.95,2024-08-09,2024-09-22,False
2381,Parlantes Bluetooth,98.28,5.0,2024-04-14,Electrónica,491.4,24,RRSS,6.0,2024-09-22,2024-10-26,False
107,Elementos de cerámica,45.86,6.0,2024-04-15,Decoración,275.15999999999997,22,RRSS,5.44,2024-06-26,2024-07-15,False
107,Elementos de cerámica,45.86,6.0,2024-04-15,Decoración,275.15999999999997,82,TV,5.69,2024-09-08,2024-10-12,False
107,Elementos de cerámica,45.86,6.0,2024-04-15,Decoración,275.15999999999997,52,Email,5.74,2024-09-09,2024-09-30,False
185,Alfombra,45.21,6.0,2024-04-15,Decoración,271.26,58,Email,4.25,2024-03-31,2024-05-05,True
185,Alfombra,45.21,6.0,2024-04-15,Decoración,271.26,88,TV,7.39,2024-07-25,2024-08-31,False
185,Alfombra,45.21,6.0,2024-04-15,Decoración,271.26,28,RRSS,5.82,2024-11-27,2025-01-08,False
374,Jarrón decorativo,94.59,5.0,2024-04-15,Decoración,472.95000000000005,15,RRSS,4.65,2024-05-09,2024-06-13,False
374,Jarrón decorativo,94.59,5.0,2024-04-15,Decoración,472.95000000000005,45,Email,4.52,2024-06-05,2024-07-31,False
374,Jarrón decorativo,94.59,5.0,2024-04-15,Decoración,472.95000000000005,75,TV,4.1,2024-11-03,2024-12-25,False
601,Lámpara de mesa,99.85,3.0,2024-04-15,Decoración,299.54999999999995,32,Email,5.54,2024-03-28,2024-04-20,True
601,Lámpara de mesa,99.85,3.0,2024-04-15,Decoración,299.54999999999995,2,RRSS,5.88,2024-05-30,2024-06-29,False
601,Lámpara de mesa,99.85,3.0,2024-04-15,Decoración,299.54999999999995,62,TV,4.51,2024-08-26,2024-10-07,False
616,Cortinas,107.96,9.0,2024-04-15,Decoración,971.64,43,Email,5.67,2024-05-02,2024-06-17,False
616,Cortinas,107.96,9.0,2024-04-15,Decoración,971.64,73,TV,6.47,2024-08-17,2024-09-26,False
616,Cortinas,107.96,9.0,2024-04-15,Decoración,971.64,13,RRSS,5.22,2024-09-16,2024-10-15,False
886,Cortinas,45.79,7.0,2024-04-15,Decoración,320.53,43,Email,5.67,2024-05-02,2024-06-17,False
886,Cortinas,45.79,7.0,2024-04-15,Decoración,320.53,73,TV,6.47,2024-08-17,2024-09-26,False
886,Cortinas,45.79,7.0,2024-04-15,Decoración,320.53,13,RRSS,5.22,2024-09-16,2024-10-15,False
1134,Aspiradora,69.06,11.0,2024-04-15,Electrodomésticos,759.6600000000001,40,Email,6.24,2024-06-24,2024-08-12,False
1134,Aspiradora,69.06,11.0,2024-04-15,Electrodomésticos,759.6600000000001,10,RRSS,7.16,2024-08-19,2024-09-19,False
1134,Aspiradora,69.06,11.0,2024-04-15,Electrodomésticos,759.6600000000001,70,TV,3.06,2024-12-13,2024-12-29,False
1168,Cafetera,37.32,2.0,2024-04-15,Electrodomésticos,74.64,49,Email,5.2,2024-06-20,2024-07-22,False
1168,Cafetera,37.32,2.0,2024-04-15,Electrodomésticos,74.64,79,TV,7.26,2024-08-13,2024-10-11,False
1168,Cafetera,37.32,2.0,2024-04-15,Electrodomésticos,74.64,19,RRSS,5.7,2024-08-19,2024-09-15,False
1454,Aspiradora,51.46,4.0,2024-04-15,Electrodomésticos,205.84,40,Email,6.24,2024-06-24,2024-08-12,False
1454,Aspiradora,51.46,4.0,2024-04-15,Electrodomésticos,205.84,10,RRSS,7.16,2024-08-19,2024-09-19,False
1454,Aspiradora,51.46,4.0,2024-04-15,Electrodomésticos,205.84,70,TV,3.06,2024-12-13,2024-12-29,False
2266,Laptop,104.48,5.0,2024-04-15,Electrónica,522.4,60,Email,4.89,2024-09-28,2024-10-27,False
2266,Laptop,104.48,5.0,2024-04-15,Electrónica,522.4,30,RRSS,4.68,2024-10-23,2024-11-24,False
2266,Laptop,104.48,5.0,2024-04-15,Electrónica,522.4,90,TV,5.62,2024-11-16,2025-01-13,False
2396,Laptop,77.38,1.0,2024-04-15,Electrónica,77.38,60,Email,4.89,2024-09-28,2024-10-27,False
2396,Laptop,77.38,1.0,2024-04-15,Electrónica,77.38,30,RRSS,4.68,2024-10-23,2024-11-24,False
2396,Laptop,77.38,1.0,2024-04-15,Electrónica,77.38,90,TV,5.62,2024-11-16,2025-01-13,False
2673,Smartphone,76.29,11.0,2024-04-15,Electrónica,839.19,21,RRSS,6.37,2024-03-29,2024-05-16,True
2673,Smartphone,76.29,11.0,2024-04-15,Electrónica,839.19,51,Email,4.65,2024-05-28,2024-06-15,False
2673,Smartphone,76.29,11.0,2024-04-15,Electrónica,839.19,81,TV,4.78,2024-09-28,2024-10-24,False
19,Lámpara de mesa,61.03,6.0,2024-04-16,Decoración,366.18,32,Email,5.54,2024-03-28,2024-04-20,True
19,Lámpara de mesa,61.03,6.0,2024-04-16,Decoración,366.18,2,RRSS,5.88,2024-05-30,2024-06-29,False
19,Lámpara de mesa,61.03,6.0,2024-04-16,Decoración,366.18,62,TV,4.51,2024-08-26,2024-10-07,False
953,Espejo decorativo,76.31,5.0,2024-04-16,Decoración,381.55,83,TV,5.24,2024-05-31,2024-07-08,False
953,Espejo decorativo,76.31,5.0,2024-04-16,Decoración,381.55,53,Email,4.9,2024-07-17,2024-08-01,False
953,Espejo decorativo,76.31,5.0,2024-04-16,Decoración,381.55,23,RRSS,4.75,2024-08-28,2024-10-17,False
1177,Horno eléctrico,65.16,4.0,2024-04-16,Electrodomésticos,260.64,35,Email,5.65,2024-07-31,2024-09-29,False
1177,Horno eléctrico,65.16,4.0,2024-04-16,Electrodomésticos,260.64,5,RRSS,5.16,2024-08-22,2024-10-17,False
1177,Horno eléctrico,65.16,4.0,2024-04-16,Electrodomésticos,260.64,65,TV,3.08,2024-10-23,2024-12-11,False
1629,Batidora,108.94,6.0,2024-04-16,Electrodomésticos,653.64,57,Email,4.48,2024-04-10,2024-06-08,True
1629,Batidora,108.94,6.0,2024-04-16,Electrodomésticos,653.64,87,TV,6.28,2024-08-27,2024-10-11,False
1629,Batidora,108.94,6.0,2024-04-16,Electrodomésticos,653.64,27,RRSS,4.52,2024-11-01,2024-12-08,False
1655,Lavadora,37.39,1.0,2024-04-16,Electrodomésticos,37.39,46,Email,3.63,2024-05-12,2024-05-29,False
1655,Lavadora,37.39,1.0,2024-04-16,Electrodomésticos,37.39,76,TV,4.66,2024-05-26,2024-07-02,False
1655,Lavadora,37.39,1.0,2024-04-16,Electrodomésticos,37.39,16,RRSS,3.56,2024-08-14,2024-09-20,False
1803,Microondas,122.22,11.0,2024-04-16,Electrodomésticos,1344.42,56,Email,4.94,2024-08-06,2024-08-25,False
1803,Microondas,122.22,11.0,2024-04-16,Electrodomésticos,1344.42,26,RRSS,5.0,2024-09-25,2024-10-14,False
1803,Microondas,122.22,11.0,2024-04-16,Electrodomésticos,1344.42,86,TV,4.25,2024-09-25,2024-11-15,False
1864,Aspiradora,54.94,3.0,2024-04-16,Electrodomésticos,164.82,40,Email,6.24,2024-06-24,2024-08-12,False
1864,Aspiradora,54.94,3.0,2024-04-16,Electrodomésticos,164.82,10,RRSS,7.16,2024-08-19,2024-09-19,False
1864,Aspiradora,54.94,3.0,2024-04-16,Electrodomésticos,164.82,70,TV,3.06,2024-12-13,2024-12-29,False
2019,Proyector,41.79,7.0,2024-04-16,Electrónica,292.53,67,TV,3.68,2024-05-22,2024-07-12,False
2019,Proyector,41.79,7.0,2024-04-16,Electrónica,292.53,37,Email,3.22,2024-07-06,2024-07-26,False
2019,Proyector,41.79,7.0,2024-04-16,Electrónica,292.53,7,RRSS,5.57,2024-07-30,2024-08-16,False
2151,Parlantes Bluetooth,83.34,7.0,2024-04-16,Electrónica,583.38,84,TV,4.42,2024-04-17,2024-05-05,False
2151,Parlantes Bluetooth,83.34,7.0,2024-04-16,Electrónica,583.38,54,Email,2.95,2024-08-09,2024-09-22,False
2151,Parlantes Bluetooth,83.34,7.0,2024-04-16,Electrónica,583.38,24,RRSS,6.0,2024-09-22,2024-10-26,False
2610,Consola de videojuegos,49.74,9.0,2024-04-16,Electrónica,447.66,50,Email,4.97,2024-05-03,2024-05-28,False
2610,Consola de videojuegos,49.74,9.0,2024-04-16,Electrónica,447.66,20,RRSS,3.16,2024-07-15,2024-08-03,False
2610,Consola de videojuegos,49.74,9.0,2024-04-16,Electrónica,447.66,80,TV,4.64,2024-11-01,2024-11-20,False
2615,Auriculares,46.72,11.0,2024-04-16,Electrónica,513.92,47,Email,4.19,2024-06-02,2024-07-22,False
2615,Auriculares,46.72,11.0,2024-04-16,Electrónica,513.92,17,RRSS,6.06,2024-07-15,2024-08-15,False
2615,Auriculares,46.72,11.0,2024-04-16,Electrónica,513.92,77,TV,4.99,2024-11-11,2024-12-06,False
2715,Auriculares,100.58,7.0,2024-04-16,Electrónica,704.06,47,Email,4.19,2024-06-02,2024-07-22,False
2715,Auriculares,100.58,7.0,2024-04-16,Electrónica,704.06,17,RRSS,6.06,2024-07-15,2024-08-15,False
2715,Auriculares,100.58,7.0,2024-04-16,Electrónica,704.06,77,TV,4.99,2024-11-11,2024-12-06,False
1,Lámpara de mesa,82.25,8.0,2024-04-17,Decoración,658.0,32,Email,5.54,2024-03-28,2024-04-20,True
1,Lámpara de mesa,82.25,8.0,2024-04-17,Decoración,658.0,2,RRSS,5.88,2024-05-30,2024-06-29,False
1,Lámpara de mesa,82.25,8.0,2024-04-17,Decoración,658.0,62,TV,4.51,2024-08-26,2024-10-07,False
138,Rincón de plantas,38.89,2.0,2024-04-17,Decoración,77.78,38,Email,5.76,2024-06-14,2024-07-15,False
138,Rincón de plantas,38.89,2.0,2024-04-17,Decoración,77.78,8,RRSS,4.88,2024-08-03,2024-08-18,False
138,Rincón de plantas,38.89,2.0,2024-04-17,Decoración,77.78,68,TV,5.81,2024-12-17,2025-02-14,False
1009,Batidora,119.03,8.0,2024-04-17,Electrodomésticos,952.24,57,Email,4.48,2024-04-10,2024-06-08,True
1009,Batidora,119.03,8.0,2024-04-17,Electrodomésticos,952.24,87,TV,6.28,2024-08-27,2024-10-11,False
1009,Batidora,119.03,8.0,2024-04-17,Electrodomésticos,952.24,27,RRSS,4.52,2024-11-01,2024-12-08,False
1118,Cafetera,67.0,11.0,2024-04-17,Electrodomésticos,737.0,49,Email,5.2,2024-06-20,2024-07-22,False
1118,Cafetera,67.0,11.0,2024-04-17,Electrodomésticos,737.0,79,TV,7.26,2024-08-13,2024-10-11,False
1118,Cafetera,67.0,11.0,2024-04-17,Electrodomésticos,737.0,19,RRSS,5.7,2024-08-19,2024-09-15,False
1190,Plancha de vapor,29.68,1.0,2024-04-17,Electrodomésticos,29.68,36,Email,5.41,2024-04-02,2024-06-01,True
1190,Plancha de vapor,29.68,1.0,2024-04-17,Electrodomésticos,29.68,6,RRSS,4.02,2024-09-24,2024-11-02,False
1190,Plancha de vapor,29.68,1.0,2024-04-17,Electrodomésticos,29.68,66,TV,4.69,2024-10-04,2024-10-23,False
1253,Microondas,65.99,8.0,2024-04-17,Electrodomésticos,527.92,56,Email,4.94,2024-08-06,2024-08-25,False
1253,Microondas,65.99,8.0,2024-04-17,Electrodomésticos,527.92,26,RRSS,5.0,2024-09-25,2024-10-14,False
1253,Microondas,65.99,8.0,2024-04-17,Electrodomésticos,527.92,86,TV,4.25,2024-09-25,2024-11-15,False
1521,Freidora eléctrica,89.52,10.0,2024-04-17,Electrodomésticos,895.1999999999999,71,TV,4.37,2024-06-05,2024-07-24,False
1521,Freidora eléctrica,89.52,10.0,2024-04-17,Electrodomésticos,895.1999999999999,41,Email,3.92,2024-11-23,2025-01-01,False
1521,Freidora eléctrica,89.52,10.0,2024-04-17,Electrodomésticos,895.1999999999999,11,RRSS,5.27,2024-12-29,2025-01-21,False
1532,Heladera,29.17,2.0,2024-04-17,Electrodomésticos,58.34,34,Email,4.2,2024-05-06,2024-07-05,False
1532,Heladera,29.17,2.0,2024-04-17,Electrodomésticos,58.34,4,RRSS,4.53,2024-05-31,2024-07-15,False
1532,Heladera,29.17,2.0,2024-04-17,Electrodomésticos,58.34,64,TV,4.38,2024-07-10,2024-08-09,False
2368,SmartWatch,70.23,5.0,2024-04-17,Electrónica,351.15000000000003,85,TV,5.07,2024-04-01,2024-05-05,True
2368,SmartWatch,70.23,5.0,2024-04-17,Electrónica,351.15000000000003,55,Email,4.59,2024-10-13,2024-12-06,False
2368,SmartWatch,70.23,5.0,2024-04-17,Electrónica,351.15000000000003,25,RRSS,4.84,2024-11-23,2024-12-29,False
925,Alfombra,52.55,11.0,2024-04-18,Decoración,578.05,58,Email,4.25,2024-03-31,2024-05-05,True
925,Alfombra,52.55,11.0,2024-04-18,Decoración,578.05,88,TV,7.39,2024-07-25,2024-08-31,False
925,Alfombra,52.55,11.0,2024-04-18,Decoración,578.05,28,RRSS,5.82,2024-11-27,2025-01-08,False
1316,Secadora,110.21,11.0,2024-04-18,Electrodomésticos,1212.31,3,RRSS,5.1,2024-07-24,2024-08-30,False
1316,Secadora,110.21,11.0,2024-04-18,Electrodomésticos,1212.31,63,TV,5.69,2024-11-03,2024-11-28,False
1316,Secadora,110.21,11.0,2024-04-18,Electrodomésticos,1212.31,33,Email,3.8,2024-12-20,2025-01-07,False
1590,Plancha de vapor,60.38,4.0,2024-04-18,Electrodomésticos,241.52,36,Email,5.41,2024-04-02,2024-06-01,True
1590,Plancha de vapor,60.38,4.0,2024-04-18,Electrodomésticos,241.52,6,RRSS,4.02,2024-09-24,2024-11-02,False
1590,Plancha de vapor,60.38,4.0,2024-04-18,Electrodomésticos,241.52,66,TV,4.69,2024-10-04,2024-10-23,False
1914,Aspiradora,92.52,1.0,2024-04-18,Electrodomésticos,92.52,40,Email,6.24,2024-06-24,2024-08-12,False
1914,Aspiradora,92.52,1.0,2024-04-18,Electrodomésticos,92.52,10,RRSS,7.16,2024-08-19,2024-09-19,False
1914,Aspiradora,92.52,1.0,2024-04-18,Electrodomésticos,92.52,70,TV,3.06,2024-12-13,2024-12-29,False
2134,Tablet,43.2,4.0,2024-04-18,Electrónica,172.8,12,RRSS,3.4,2024-03-26,2024-05-13,True
2134,Tablet,43.2,4.0,2024-04-18,Electrónica,172.8,72,TV,4.9,2024-07-08,2024-09-03,False
2134,Tablet,43.2,4.0,2024-04-18,Electrónica,172.8,42,Email,4.42,2024-07-14,2024-09-03,False
548,Rincón de plantas,32.26,8.0,2024-04-19,Decoración,258.08,38,Email,5.76,2024-06-14,2024-07-15,False
548,Rincón de plantas,32.26,8.0,2024-04-19,Decoración,258.08,8,RRSS,4.88,2024-08-03,2024-08-18,False
548,Rincón de plantas,32.26,8.0,2024-04-19,Decoración,258.08,68,TV,5.81,2024-12-17,2025-02-14,False
905,Alfombra,112.82,9.0,2024-04-19,Decoración,1015.3799999999999,58,Email,4.25,2024-03-31,2024-05-05,True
905,Alfombra,112.82,9.0,2024-04-19,Decoración,1015.3799999999999,88,TV,7.39,2024-07-25,2024-08-31,False
905,Alfombra,112.82,9.0,2024-04-19,Decoración,1015.3799999999999,28,RRSS,5.82,2024-11-27,2025-01-08,False
1224,Aspiradora,110.58,4.0,2024-04-19,Electrodomésticos,442.32,40,Email,6.24,2024-06-24,2024-08-12,False
1224,Aspiradora,110.58,4.0,2024-04-19,Electrodomésticos,442.32,10,RRSS,7.16,2024-08-19,2024-09-19,False
1224,Aspiradora,110.58,4.0,2024-04-19,Electrodomésticos,442.32,70,TV,3.06,2024-12-13,2024-12-29,False
1459,Batidora,66.73,8.0,2024-04-19,Electrodomésticos,533.84,57,Email,4.48,2024-04-10,2024-06-08,True
1459,Batidora,66.73,8.0,2024-04-19,Electrodomésticos,533.84,87,TV,6.28,2024-08-27,2024-10-11,False
1459,Batidora,66.73,8.0,2024-04-19,Electrodomésticos,533.84,27,RRSS,4.52,2024-11-01,2024-12-08,False
1943,Microondas,82.6,10.0,2024-04-19,Electrodomésticos,826.0,56,Email,4.94,2024-08-06,2024-08-25,False
1943,Microondas,82.6,10.0,2024-04-19,Electrodomésticos,826.0,26,RRSS,5.0,2024-09-25,2024-10-14,False
1943,Microondas,82.6,10.0,2024-04-19,Electrodomésticos,826.0,86,TV,4.25,2024-09-25,2024-11-15,False
2095,Auriculares,117.6,3.0,2024-04-19,Electrónica,352.79999999999995,47,Email,4.19,2024-06-02,2024-07-22,False
2095,Auriculares,117.6,3.0,2024-04-19,Electrónica,352.79999999999995,17,RRSS,6.06,2024-07-15,2024-08-15,False
2095,Auriculares,117.6,3.0,2024-04-19,Electrónica,352.79999999999995,77,TV,4.99,2024-11-11,2024-12-06,False
2375,Auriculares,73.7,10.0,2024-04-19,Electrónica,737.0,47,Email,4.19,2024-06-02,2024-07-22,False
2375,Auriculares,73.7,10.0,2024-04-19,Electrónica,737.0,17,RRSS,6.06,2024-07-15,2024-08-15,False
2375,Auriculares,73.7,10.0,2024-04-19,Electrónica,737.0,77,TV,4.99,2024-11-11,2024-12-06,False
198,Rincón de plantas,115.15,11.0,2024-04-20,Decoración,1266.65,38,Email,5.76,2024-06-14,2024-07-15,False
198,Rincón de plantas,115.15,11.0,2024-04-20,Decoración,1266.65,8,RRSS,4.88,2024-08-03,2024-08-18,False
198,Rincón de plantas,115.15,11.0,2024-04-20,Decoración,1266.65,68,TV,5.81,2024-12-17,2025-02-14,False
833,Espejo decorativo,119.87,10.0,2024-04-20,Decoración,1198.7,83,TV,5.24,2024-05-31,2024-07-08,False
833,Espejo decorativo,119.87,10.0,2024-04-20,Decoración,1198.7,53,Email,4.9,2024-07-17,2024-08-01,False
833,Espejo decorativo,119.87,10.0,2024-04-20,Decoración,1198.7,23,RRSS,4.75,2024-08-28,2024-10-17,False
1425,Lavadora,118.77,8.0,2024-04-20,Electrodomésticos,950.16,46,Email,3.63,2024-05-12,2024-05-29,False
1425,Lavadora,118.77,8.0,2024-04-20,Electrodomésticos,950.16,76,TV,4.66,2024-05-26,2024-07-02,False
1425,Lavadora,118.77,8.0,2024-04-20,Electrodomésticos,950.16,16,RRSS,3.56,2024-08-14,2024-09-20,False
1680,Plancha de vapor,110.3,9.0,2024-04-20,Electrodomésticos,992.6999999999999,36,Email,5.41,2024-04-02,2024-06-01,True
1680,Plancha de vapor,110.3,9.0,2024-04-20,Electrodomésticos,992.6999999999999,6,RRSS,4.02,2024-09-24,2024-11-02,False
1680,Plancha de vapor,110.3,9.0,2024-04-20,Electrodomésticos,992.6999999999999,66,TV,4.69,2024-10-04,2024-10-23,False
1701,Freidora eléctrica,87.64,7.0,2024-04-20,Electrodomésticos,613.48,71,TV,4.37,2024-06-05,2024-07-24,False
1701,Freidora eléctrica,87.64,7.0,2024-04-20,Electrodomésticos,613.48,41,Email,3.92,2024-11-23,2025-01-01,False
1701,Freidora eléctrica,87.64,7.0,2024-04-20,Electrodomésticos,613.48,11,RRSS,5.27,2024-12-29,2025-01-21,False
2176,Laptop,36.36,7.0,2024-04-20,Electrónica,254.51999999999998,60,Email,4.89,2024-09-28,2024-10-27,False
2176,Laptop,36.36,7.0,2024-04-20,Electrónica,254.51999999999998,30,RRSS,4.68,2024-10-23,2024-11-24,False
2176,Laptop,36.36,7.0,2024-04-20,Electrónica,254.51999999999998,90,TV,5.62,2024-11-16,2025-01-13,False
2413,Smartphone,76.69,3.0,2024-04-20,Electrónica,230.07,21,RRSS,6.37,2024-03-29,2024-05-16,True
2413,Smartphone,76.69,3.0,2024-04-20,Electrónica,230.07,51,Email,4.65,2024-05-28,2024-06-15,False
2413,Smartphone,76.69,3.0,2024-04-20,Electrónica,230.07,81,TV,4.78,2024-09-28,2024-10-24,False
2844,Tablet,53.22,7.0,2024-04-20,Electrónica,372.53999999999996,12,RRSS,3.4,2024-03-26,2024-05-13,True
2844,Tablet,53.22,7.0,2024-04-20,Electrónica,372.53999999999996,72,TV,4.9,2024-07-08,2024-09-03,False
2844,Tablet,53.22,7.0,2024-04-20,Electrónica,372.53999999999996,42,Email,4.42,2024-07-14,2024-09-03,False
249,Lámpara de mesa,95.05,1.0,2024-04-21,Decoración,95.05,32,Email,5.54,2024-03-28,2024-04-20,False
249,Lámpara de mesa,95.05,1.0,2024-04-21,Decoración,95.05,2,RRSS,5.88,2024-05-30,2024-06-29,False
249,Lámpara de mesa,95.05,1.0,2024-04-21,Decoración,95.05,62,TV,4.51,2024-08-26,2024-10-07,False
452,Cuadro decorativo,119.07,12.0,2024-04-21,Decoración,1428.84,1,RRSS,5.27,2024-04-27,2024-06-04,False
452,Cuadro decorativo,119.07,12.0,2024-04-21,Decoración,1428.84,31,Email,5.28,2024-08-15,2024-09-12,False
452,Cuadro decorativo,119.07,12.0,2024-04-21,Decoración,1428.84,61,TV,5.3,2024-11-05,2024-12-23,False
563,Espejo decorativo,65.35,10.0,2024-04-21,Decoración,653.5,83,TV,5.24,2024-05-31,2024-07-08,False
563,Espejo decorativo,65.35,10.0,2024-04-21,Decoración,653.5,53,Email,4.9,2024-07-17,2024-08-01,False
563,Espejo decorativo,65.35,10.0,2024-04-21,Decoración,653.5,23,RRSS,4.75,2024-08-28,2024-10-17,False
934,Jarrón decorativo,96.24,11.0,2024-04-21,Decoración,1058.6399999999999,15,RRSS,4.65,2024-05-09,2024-06-13,False
934,Jarrón decorativo,96.24,11.0,2024-04-21,Decoración,1058.6399999999999,45,Email,4.52,2024-06-05,2024-07-31,False
934,Jarrón decorativo,96.24,11.0,2024-04-21,Decoración,1058.6399999999999,75,TV,4.1,2024-11-03,2024-12-25,False
1193,Microondas,90.55,4.0,2024-04-21,Electrodomésticos,362.2,56,Email,4.94,2024-08-06,2024-08-25,False
1193,Microondas,90.55,4.0,2024-04-21,Electrodomésticos,362.2,26,RRSS,5.0,2024-09-25,2024-10-14,False
1193,Microondas,90.55,4.0,2024-04-21,Electrodomésticos,362.2,86,TV,4.25,2024-09-25,2024-11-15,False
1230,Plancha de vapor,90.85,2.0,2024-04-21,Electrodomésticos,181.7,36,Email,5.41,2024-04-02,2024-06-01,True
1230,Plancha de vapor,90.85,2.0,2024-04-21,Electrodomésticos,181.7,6,RRSS,4.02,2024-09-24,2024-11-02,False
1230,Plancha de vapor,90.85,2.0,2024-04-21,Electrodomésticos,181.7,66,TV,4.69,2024-10-04,2024-10-23,False
1307,Horno eléctrico,85.42,11.0,2024-04-21,Electrodomésticos,939.62,35,Email,5.65,2024-07-31,2024-09-29,False
1307,Horno eléctrico,85.42,11.0,2024-04-21,Electrodomésticos,939.62,5,RRSS,5.16,2024-08-22,2024-10-17,False
1307,Horno eléctrico,85.42,11.0,2024-04-21,Electrodomésticos,939.62,65,TV,3.08,2024-10-23,2024-12-11,False
2212,Televisor,38.98,11.0,2024-04-21,Electrónica,428.78,29,RRSS,3.96,2024-05-17,2024-06-28,False
2212,Televisor,38.98,11.0,2024-04-21,Electrónica,428.78,59,Email,4.19,2024-11-20,2025-01-19,False
2212,Televisor,38.98,11.0,2024-04-21,Electrónica,428.78,89,TV,4.98,2024-12-13,2025-02-08,False
2369,Proyector,87.64,2.0,2024-04-21,Electrónica,175.28,67,TV,3.68,2024-05-22,2024-07-12,False
2369,Proyector,87.64,2.0,2024-04-21,Electrónica,175.28,37,Email,3.22,2024-07-06,2024-07-26,False
2369,Proyector,87.64,2.0,2024-04-21,Electrónica,175.28,7,RRSS,5.57,2024-07-30,2024-08-16,False
2523,Smartphone,56.73,1.0,2024-04-21,Electrónica,56.73,21,RRSS,6.37,2024-03-29,2024-05-16,True
2523,Smartphone,56.73,1.0,2024-04-21,Electrónica,56.73,51,Email,4.65,2024-05-28,2024-06-15,False
2523,Smartphone,56.73,1.0,2024-04-21,Electrónica,56.73,81,TV,4.78,2024-09-28,2024-10-24,False
2611,Parlantes Bluetooth,48.89,12.0,2024-04-21,Electrónica,586.6800000000001,84,TV,4.42,2024-04-17,2024-05-05,True
2611,Parlantes Bluetooth,48.89,12.0,2024-04-21,Electrónica,586.6800000000001,54,Email,2.95,2024-08-09,2024-09-22,False
2611,Parlantes Bluetooth,48.89,12.0,2024-04-21,Electrónica,586.6800000000001,24,RRSS,6.0,2024-09-22,2024-10-26,False
281,Lámpara de mesa,42.17,8.0,2024-04-22,Decoración,337.36,32,Email,5.54,2024-03-28,2024-04-20,False
281,Lámpara de mesa,42.17,8.0,2024-04-22,Decoración,337.36,2,RRSS,5.88,2024-05-30,2024-06-29,False
281,Lámpara de mesa,42.17,8.0,2024-04-22,Decoración,337.36,62,TV,4.51,2024-08-26,2024-10-07,False
305,Alfombra,91.25,2.0,2024-04-22,Decoración,182.5,58,Email,4.25,2024-03-31,2024-05-05,True
305,Alfombra,91.25,2.0,2024-04-22,Decoración,182.5,88,TV,7.39,2024-07-25,2024-08-31,False
305,Alfombra,91.25,2.0,2024-04-22,Decoración,182.5,28,RRSS,5.82,2024-11-27,2025-01-08,False
422,Cuadro decorativo,47.37,9.0,2024-04-22,Decoración,426.33,1,RRSS,5.27,2024-04-27,2024-06-04,False
422,Cuadro decorativo,47.37,9.0,2024-04-22,Decoración,426.33,31,Email,5.28,2024-08-15,2024-09-12,False
422,Cuadro decorativo,47.37,9.0,2024-04-22,Decoración,426.33,61,TV,5.3,2024-11-05,2024-12-23,False
538,Rincón de plantas,119.89,4.0,2024-04-22,Decoración,479.56,38,Email,5.76,2024-06-14,2024-07-15,False
538,Rincón de plantas,119.89,4.0,2024-04-22,Decoración,479.56,8,RRSS,4.88,2024-08-03,2024-08-18,False
538,Rincón de plantas,119.89,4.0,2024-04-22,Decoración,479.56,68,TV,5.81,2024-12-17,2025-02-14,False
741,Lámpara de mesa,98.0,12.0,2024-04-22,Decoración,1176.0,32,Email,5.54,2024-03-28,2024-04-20,False
741,Lámpara de mesa,98.0,12.0,2024-04-22,Decoración,1176.0,2,RRSS,5.88,2024-05-30,2024-06-29,False
741,Lámpara de mesa,98.0,12.0,2024-04-22,Decoración,1176.0,62,TV,4.51,2024-08-26,2024-10-07,False
1010,Plancha de vapor,37.94,8.0,2024-04-22,Electrodomésticos,303.52,36,Email,5.41,2024-04-02,2024-06-01,True
1010,Plancha de vapor,37.94,8.0,2024-04-22,Electrodomésticos,303.52,6,RRSS,4.02,2024-09-24,2024-11-02,False
1010,Plancha de vapor,37.94,8.0,2024-04-22,Electrodomésticos,303.52,66,TV,4.69,2024-10-04,2024-10-23,False
1203,Microondas,96.53,1.0,2024-04-22,Electrodomésticos,96.53,56,Email,4.94,2024-08-06,2024-08-25,False
1203,Microondas,96.53,1.0,2024-04-22,Electrodomésticos,96.53,26,RRSS,5.0,2024-09-25,2024-10-14,False
1203,Microondas,96.53,1.0,2024-04-22,Electrodomésticos,96.53,86,TV,4.25,2024-09-25,2024-11-15,False
1841,Freidora eléctrica,58.26,2.0,2024-04-22,Electrodomésticos,116.52,71,TV,4.37,2024-06-05,2024-07-24,False
1841,Freidora eléctrica,58.26,2.0,2024-04-22,Electrodomésticos,116.52,41,Email,3.92,2024-11-23,2025-01-01,False
1841,Freidora eléctrica,58.26,2.0,2024-04-22,Electrodomésticos,116.52,11,RRSS,5.27,2024-12-29,2025-01-21,False
2887,Cámara digital,118.02,1.0,2024-04-22,Electrónica,118.02,18,RRSS,5.46,2024-07-16,2024-09-13,False
2887,Cámara digital,118.02,1.0,2024-04-22,Electrónica,118.02,78,TV,4.1,2024-08-02,2024-09-20,False
2887,Cámara digital,118.02,1.0,2024-04-22,Electrónica,118.02,48,Email,6.84,2024-10-31,2024-12-09,False
209,Lámpara de mesa,97.04,12.0,2024-04-23,Decoración,1164.48,32,Email,5.54,2024-03-28,2024-04-20,False
209,Lámpara de mesa,97.04,12.0,2024-04-23,Decoración,1164.48,2,RRSS,5.88,2024-05-30,2024-06-29,False
209,Lámpara de mesa,97.04,12.0,2024-04-23,Decoración,1164.48,62,TV,4.51,2024-08-26,2024-10-07,False
299,Lámpara de mesa,119.55,3.0,2024-04-23,Decoración,358.65,32,Email,5.54,2024-03-28,2024-04-20,False
299,Lámpara de mesa,119.55,3.0,2024-04-23,Decoración,358.65,2,RRSS,5.88,2024-05-30,2024-06-29,False
299,Lámpara de mesa,119.55,3.0,2024-04-23,Decoración,358.65,62,TV,4.51,2024-08-26,2024-10-07,False
1477,Horno eléctrico,118.26,11.0,2024-04-23,Electrodomésticos,1300.8600000000001,35,Email,5.65,2024-07-31,2024-09-29,False
1477,Horno eléctrico,118.26,11.0,2024-04-23,Electrodomésticos,1300.8600000000001,5,RRSS,5.16,2024-08-22,2024-10-17,False
1477,Horno eléctrico,118.26,11.0,2024-04-23,Electrodomésticos,1300.8600000000001,65,TV,3.08,2024-10-23,2024-12-11,False
1952,Heladera,115.09,2.0,2024-04-23,Electrodomésticos,230.18,34,Email,4.2,2024-05-06,2024-07-05,False
1952,Heladera,115.09,2.0,2024-04-23,Electrodomésticos,230.18,4,RRSS,4.53,2024-05-31,2024-07-15,False
1952,Heladera,115.09,2.0,2024-04-23,Electrodomésticos,230.18,64,TV,4.38,2024-07-10,2024-08-09,False
2214,Tablet,81.56,8.0,2024-04-23,Electrónica,652.48,12,RRSS,3.4,2024-03-26,2024-05-13,True
2214,Tablet,81.56,8.0,2024-04-23,Electrónica,652.48,72,TV,4.9,2024-07-08,2024-09-03,False
2214,Tablet,81.56,8.0,2024-04-23,Electrónica,652.48,42,Email,4.42,2024-07-14,2024-09-03,False
2993,Auriculares,38.79,7.0,2024-04-23,Electrónica,271.53,47,Email,4.19,2024-06-02,2024-07-22,False
2993,Auriculares,38.79,7.0,2024-04-23,Electrónica,271.53,17,RRSS,6.06,2024-07-15,2024-08-15,False
2993,Auriculares,38.79,7.0,2024-04-23,Electrónica,271.53,77,TV,4.99,2024-11-11,2024-12-06,False
434,Jarrón decorativo,39.89,2.0,2024-04-24,Decoración,79.78,15,RRSS,4.65,2024-05-09,2024-06-13,False
434,Jarrón decorativo,39.89,2.0,2024-04-24,Decoración,79.78,45,Email,4.52,2024-06-05,2024-07-31,False
434,Jarrón decorativo,39.89,2.0,2024-04-24,Decoración,79.78,75,TV,4.1,2024-11-03,2024-12-25,False
945,Alfombra,60.74,12.0,2024-04-24,Decoración,728.88,58,Email,4.25,2024-03-31,2024-05-05,True
945,Alfombra,60.74,12.0,2024-04-24,Decoración,728.88,88,TV,7.39,2024-07-25,2024-08-31,False
945,Alfombra,60.74,12.0,2024-04-24,Decoración,728.88,28,RRSS,5.82,2024-11-27,2025-01-08,False
1057,Horno eléctrico,30.51,3.0,2024-04-24,Electrodomésticos,91.53,35,Email,5.65,2024-07-31,2024-09-29,False
1057,Horno eléctrico,30.51,3.0,2024-04-24,Electrodomésticos,91.53,5,RRSS,5.16,2024-08-22,2024-10-17,False
1057,Horno eléctrico,30.51,3.0,2024-04-24,Electrodomésticos,91.53,65,TV,3.08,2024-10-23,2024-12-11,False
1320,Plancha de vapor,73.95,4.0,2024-04-24,Electrodomésticos,295.8,36,Email,5.41,2024-04-02,2024-06-01,True
1320,Plancha de vapor,73.95,4.0,2024-04-24,Electrodomésticos,295.8,6,RRSS,4.02,2024-09-24,2024-11-02,False
1320,Plancha de vapor,73.95,4.0,2024-04-24,Electrodomésticos,295.8,66,TV,4.69,2024-10-04,2024-10-23,False
2227,Cámara digital,46.25,8.0,2024-04-24,Electrónica,370.0,18,RRSS,5.46,2024-07-16,2024-09-13,False
2227,Cámara digital,46.25,8.0,2024-04-24,Electrónica,370.0,78,TV,4.1,2024-08-02,2024-09-20,False
2227,Cámara digital,46.25,8.0,2024-04-24,Electrónica,370.0,48,Email,6.84,2024-10-31,2024-12-09,False
2312,Televisor,108.25,8.0,2024-04-24,Electrónica,866.0,29,RRSS,3.96,2024-05-17,2024-06-28,False
2312,Televisor,108.25,8.0,2024-04-24,Electrónica,866.0,59,Email,4.19,2024-11-20,2025-01-19,False
2312,Televisor,108.25,8.0,2024-04-24,Electrónica,866.0,89,TV,4.98,2024-12-13,2025-02-08,False
2565,Auriculares,49.7,3.0,2024-04-24,Electrónica,149.10000000000002,47,Email,4.19,2024-06-02,2024-07-22,False
2565,Auriculares,49.7,3.0,2024-04-24,Electrónica,149.10000000000002,17,RRSS,6.06,2024-07-15,2024-08-15,False
2565,Auriculares,49.7,3.0,2024-04-24,Electrónica,149.10000000000002,77,TV,4.99,2024-11-11,2024-12-06,False
2962,Televisor,118.65,5.0,2024-04-24,Electrónica,593.25,29,RRSS,3.96,2024-05-17,2024-06-28,False
2962,Televisor,118.65,5.0,2024-04-24,Electrónica,593.25,59,Email,4.19,2024-11-20,2025-01-19,False
2962,Televisor,118.65,5.0,2024-04-24,Electrónica,593.25,89,TV,4.98,2024-12-13,2025-02-08,False
159,Lámpara de mesa,49.91,6.0,2024-04-25,Decoración,299.46,32,Email,5.54,2024-03-28,2024-04-20,False
159,Lámpara de mesa,49.91,6.0,2024-04-25,Decoración,299.46,2,RRSS,5.88,2024-05-30,2024-06-29,False
159,Lámpara de mesa,49.91,6.0,2024-04-25,Decoración,299.46,62,TV,4.51,2024-08-26,2024-10-07,False
320,Adorno de pared,37.38,6.0,2024-04-25,Decoración,224.28000000000003,74,TV,4.81,2024-03-20,2024-05-03,True
320,Adorno de pared,37.38,6.0,2024-04-25,Decoración,224.28000000000003,44,Email,5.08,2024-04-13,2024-05-10,True
320,Adorno de pared,37.38,6.0,2024-04-25,Decoración,224.28000000000003,14,RRSS,4.16,2024-10-22,2024-12-21,False
341,Lámpara de mesa,79.34,1.0,2024-04-25,Decoración,79.34,32,Email,5.54,2024-03-28,2024-04-20,False
341,Lámpara de mesa,79.34,1.0,2024-04-25,Decoración,79.34,2,RRSS,5.88,2024-05-30,2024-06-29,False
341,Lámpara de mesa,79.34,1.0,2024-04-25,Decoración,79.34,62,TV,4.51,2024-08-26,2024-10-07,False
673,Espejo decorativo,26.33,7.0,2024-04-25,Decoración,184.31,83,TV,5.24,2024-05-31,2024-07-08,False
673,Espejo decorativo,26.33,7.0,2024-04-25,Decoración,184.31,53,Email,4.9,2024-07-17,2024-08-01,False
673,Espejo decorativo,26.33,7.0,2024-04-25,Decoración,184.31,23,RRSS,4.75,2024-08-28,2024-10-17,False
701,Lámpara de mesa,95.05,3.0,2024-04-25,Decoración,285.15,32,Email,5.54,2024-03-28,2024-04-20,False
701,Lámpara de mesa,95.05,3.0,2024-04-25,Decoración,285.15,2,RRSS,5.88,2024-05-30,2024-06-29,False
701,Lámpara de mesa,95.05,3.0,2024-04-25,Decoración,285.15,62,TV,4.51,2024-08-26,2024-10-07,False
1041,Freidora eléctrica,89.99,6.0,2024-04-25,Electrodomésticos,539.9399999999999,71,TV,4.37,2024-06-05,2024-07-24,False
1041,Freidora eléctrica,89.99,6.0,2024-04-25,Electrodomésticos,539.9399999999999,41,Email,3.92,2024-11-23,2025-01-01,False
1041,Freidora eléctrica,89.99,6.0,2024-04-25,Electrodomésticos,539.9399999999999,11,RRSS,5.27,2024-12-29,2025-01-21,False
1212,Heladera,33.95,11.0,2024-04-25,Electrodomésticos,373.45000000000005,34,Email,4.2,2024-05-06,2024-07-05,False
1212,Heladera,33.95,11.0,2024-04-25,Electrodomésticos,373.45000000000005,4,RRSS,4.53,2024-05-31,2024-07-15,False
1212,Heladera,33.95,11.0,2024-04-25,Electrodomésticos,373.45000000000005,64,TV,4.38,2024-07-10,2024-08-09,False
1802,Heladera,27.75,11.0,2024-04-25,Electrodomésticos,305.25,34,Email,4.2,2024-05-06,2024-07-05,False
1802,Heladera,27.75,11.0,2024-04-25,Electrodomésticos,305.25,4,RRSS,4.53,2024-05-31,2024-07-15,False
1802,Heladera,27.75,11.0,2024-04-25,Electrodomésticos,305.25,64,TV,4.38,2024-07-10,2024-08-09,False
1846,Secadora,124.29,2.0,2024-04-25,Electrodomésticos,248.58,3,RRSS,5.1,2024-07-24,2024-08-30,False
1846,Secadora,124.29,2.0,2024-04-25,Electrodomésticos,248.58,63,TV,5.69,2024-11-03,2024-11-28,False
1846,Secadora,124.29,2.0,2024-04-25,Electrodomésticos,248.58,33,Email,3.8,2024-12-20,2025-01-07,False
2262,Televisor,48.3,2.0,2024-04-25,Electrónica,96.6,29,RRSS,3.96,2024-05-17,2024-06-28,False
2262,Televisor,48.3,2.0,2024-04-25,Electrónica,96.6,59,Email,4.19,2024-11-20,2025-01-19,False
2262,Televisor,48.3,2.0,2024-04-25,Electrónica,96.6,89,TV,4.98,2024-12-13,2025-02-08,False
2713,Smartphone,28.75,9.0,2024-04-25,Electrónica,258.75,21,RRSS,6.37,2024-03-29,2024-05-16,True
2713,Smartphone,28.75,9.0,2024-04-25,Electrónica,258.75,51,Email,4.65,2024-05-28,2024-06-15,False
2713,Smartphone,28.75,9.0,2024-04-25,Electrónica,258.75,81,TV,4.78,2024-09-28,2024-10-24,False
2827,Cámara digital,35.99,2.0,2024-04-25,Electrónica,71.98,18,RRSS,5.46,2024-07-16,2024-09-13,False
2827,Cámara digital,35.99,2.0,2024-04-25,Electrónica,71.98,78,TV,4.1,2024-08-02,2024-09-20,False
2827,Cámara digital,35.99,2.0,2024-04-25,Electrónica,71.98,48,Email,6.84,2024-10-31,2024-12-09,False
765,Alfombra,72.71,1.0,2024-04-26,Decoración,72.71,58,Email,4.25,2024-03-31,2024-05-05,True
765,Alfombra,72.71,1.0,2024-04-26,Decoración,72.71,88,TV,7.39,2024-07-25,2024-08-31,False
765,Alfombra,72.71,1.0,2024-04-26,Decoración,72.71,28,RRSS,5.82,2024-11-27,2025-01-08,False
1119,Batidora,59.86,3.0,2024-04-26,Electrodomésticos,179.57999999999998,57,Email,4.48,2024-04-10,2024-06-08,True
1119,Batidora,59.86,3.0,2024-04-26,Electrodomésticos,179.57999999999998,87,TV,6.28,2024-08-27,2024-10-11,False
1119,Batidora,59.86,3.0,2024-04-26,Electrodomésticos,179.57999999999998,27,RRSS,4.52,2024-11-01,2024-12-08,False
2027,Cámara digital,69.96,10.0,2024-04-26,Electrónica,699.5999999999999,18,RRSS,5.46,2024-07-16,2024-09-13,False
2027,Cámara digital,69.96,10.0,2024-04-26,Electrónica,699.5999999999999,78,TV,4.1,2024-08-02,2024-09-20,False
2027,Cámara digital,69.96,10.0,2024-04-26,Electrónica,699.5999999999999,48,Email,6.84,2024-10-31,2024-12-09,False
2088,SmartWatch,111.58,9.0,2024-04-26,Electrónica,1004.22,85,TV,5.07,2024-04-01,2024-05-05,True
2088,SmartWatch,111.58,9.0,2024-04-26,Electrónica,1004.22,55,Email,4.59,2024-10-13,2024-12-06,False
2088,SmartWatch,111.58,9.0,2024-04-26,Electrónica,1004.22,25,RRSS,4.84,2024-11-23,2024-12-29,False
2101,Parlantes Bluetooth,82.23,2.0,2024-04-26,Electrónica,164.46,84,TV,4.42,2024-04-17,2024-05-05,True
2101,Parlantes Bluetooth,82.23,2.0,2024-04-26,Electrónica,164.46,54,Email,2.95,2024-08-09,2024-09-22,False
2101,Parlantes Bluetooth,82.23,2.0,2024-04-26,Electrónica,164.46,24,RRSS,6.0,2024-09-22,2024-10-26,False
2147,Cámara digital,74.37,6.0,2024-04-26,Electrónica,446.22,18,RRSS,5.46,2024-07-16,2024-09-13,False
2147,Cámara digital,74.37,6.0,2024-04-26,Electrónica,446.22,78,TV,4.1,2024-08-02,2024-09-20,False
2147,Cámara digital,74.37,6.0,2024-04-26,Electrónica,446.22,48,Email,6.84,2024-10-31,2024-12-09,False
2363,Smartphone,88.02,12.0,2024-04-26,Electrónica,1056.24,21,RRSS,6.37,2024-03-29,2024-05-16,True
2363,Smartphone,88.02,12.0,2024-04-26,Electrónica,1056.24,51,Email,4.65,2024-05-28,2024-06-15,False
2363,Smartphone,88.02,12.0,2024-04-26,Electrónica,1056.24,81,TV,4.78,2024-09-28,2024-10-24,False
2504,Auriculares,76.65,10.0,2024-04-26,Electrónica,766.5,47,Email,4.19,2024-06-02,2024-07-22,False
2504,Auriculares,76.65,10.0,2024-04-26,Electrónica,766.5,17,RRSS,6.06,2024-07-15,2024-08-15,False
2504,Auriculares,76.65,10.0,2024-04-26,Electrónica,766.5,77,TV,4.99,2024-11-11,2024-12-06,False
2580,Consola de videojuegos,107.55,7.0,2024-04-26,Electrónica,752.85,50,Email,4.97,2024-05-03,2024-05-28,False
2580,Consola de videojuegos,107.55,7.0,2024-04-26,Electrónica,752.85,20,RRSS,3.16,2024-07-15,2024-08-03,False
2580,Consola de videojuegos,107.55,7.0,2024-04-26,Electrónica,752.85,80,TV,4.64,2024-11-01,2024-11-20,False
2646,Laptop,111.98,8.0,2024-04-26,Electrónica,895.84,60,Email,4.89,2024-09-28,2024-10-27,False
2646,Laptop,111.98,8.0,2024-04-26,Electrónica,895.84,30,RRSS,4.68,2024-10-23,2024-11-24,False
2646,Laptop,111.98,8.0,2024-04-26,Electrónica,895.84,90,TV,5.62,2024-11-16,2025-01-13,False
51,Lámpara de mesa,112.42,5.0,2024-04-27,Decoración,562.1,32,Email,5.54,2024-03-28,2024-04-20,False
51,Lámpara de mesa,112.42,5.0,2024-04-27,Decoración,562.1,2,RRSS,5.88,2024-05-30,2024-06-29,False
51,Lámpara de mesa,112.42,5.0,2024-04-27,Decoración,562.1,62,TV,4.51,2024-08-26,2024-10-07,False
359,Lámpara de mesa,72.78,7.0,2024-04-27,Decoración,509.46000000000004,32,Email,5.54,2024-03-28,2024-04-20,False
359,Lámpara de mesa,72.78,7.0,2024-04-27,Decoración,509.46000000000004,2,RRSS,5.88,2024-05-30,2024-06-29,False
359,Lámpara de mesa,72.78,7.0,2024-04-27,Decoración,509.46000000000004,62,TV,4.51,2024-08-26,2024-10-07,False
375,Alfombra,70.93,8.0,2024-04-27,Decoración,567.44,58,Email,4.25,2024-03-31,2024-05-05,True
375,Alfombra,70.93,8.0,2024-04-27,Decoración,567.44,88,TV,7.39,2024-07-25,2024-08-31,False
375,Alfombra,70.93,8.0,2024-04-27,Decoración,567.44,28,RRSS,5.82,2024-11-27,2025-01-08,False
537,Elementos de cerámica,124.38,5.0,2024-04-27,Decoración,621.9,22,RRSS,5.44,2024-06-26,2024-07-15,False
537,Elementos de cerámica,124.38,5.0,2024-04-27,Decoración,621.9,82,TV,5.69,2024-09-08,2024-10-12,False
537,Elementos de cerámica,124.38,5.0,2024-04-27,Decoración,621.9,52,Email,5.74,2024-09-09,2024-09-30,False
844,Jarrón decorativo,61.72,7.0,2024-04-27,Decoración,432.03999999999996,15,RRSS,4.65,2024-05-09,2024-06-13,False
844,Jarrón decorativo,61.72,7.0,2024-04-27,Decoración,432.03999999999996,45,Email,4.52,2024-06-05,2024-07-31,False
844,Jarrón decorativo,61.72,7.0,2024-04-27,Decoración,432.03999999999996,75,TV,4.1,2024-11-03,2024-12-25,False
1804,Aspiradora,43.25,7.0,2024-04-27,Electrodomésticos,302.75,40,Email,6.24,2024-06-24,2024-08-12,False
1804,Aspiradora,43.25,7.0,2024-04-27,Electrodomésticos,302.75,10,RRSS,7.16,2024-08-19,2024-09-19,False
1804,Aspiradora,43.25,7.0,2024-04-27,Electrodomésticos,302.75,70,TV,3.06,2024-12-13,2024-12-29,False
2201,Parlantes Bluetooth,41.53,7.0,2024-04-27,Electrónica,290.71000000000004,84,TV,4.42,2024-04-17,2024-05-05,True
2201,Parlantes Bluetooth,41.53,7.0,2024-04-27,Electrónica,290.71000000000004,54,Email,2.95,2024-08-09,2024-09-22,False
2201,Parlantes Bluetooth,41.53,7.0,2024-04-27,Electrónica,290.71000000000004,24,RRSS,6.0,2024-09-22,2024-10-26,False
2287,Cámara digital,26.79,11.0,2024-04-27,Electrónica,294.69,18,RRSS,5.46,2024-07-16,2024-09-13,False
2287,Cámara digital,26.79,11.0,2024-04-27,Electrónica,294.69,78,TV,4.1,2024-08-02,2024-09-20,False
2287,Cámara digital,26.79,11.0,2024-04-27,Electrónica,294.69,48,Email,6.84,2024-10-31,2024-12-09,False
2465,Auriculares,93.52,3.0,2024-04-27,Electrónica,280.56,47,Email,4.19,2024-06-02,2024-07-22,False
2465,Auriculares,93.52,3.0,2024-04-27,Electrónica,280.56,17,RRSS,6.06,2024-07-15,2024-08-15,False
2465,Auriculares,93.52,3.0,2024-04-27,Electrónica,280.56,77,TV,4.99,2024-11-11,2024-12-06,False
2528,SmartWatch,54.61,1.0,2024-04-27,Electrónica,54.61,85,TV,5.07,2024-04-01,2024-05-05,True
2528,SmartWatch,54.61,1.0,2024-04-27,Electrónica,54.61,55,Email,4.59,2024-10-13,2024-12-06,False
2528,SmartWatch,54.61,1.0,2024-04-27,Electrónica,54.61,25,RRSS,4.84,2024-11-23,2024-12-29,False
2559,Proyector,86.2,8.0,2024-04-27,Electrónica,689.6,67,TV,3.68,2024-05-22,2024-07-12,False
2559,Proyector,86.2,8.0,2024-04-27,Electrónica,689.6,37,Email,3.22,2024-07-06,2024-07-26,False
2559,Proyector,86.2,8.0,2024-04-27,Electrónica,689.6,7,RRSS,5.57,2024-07-30,2024-08-16,False
2633,Smartphone,35.18,12.0,2024-04-27,Electrónica,422.15999999999997,21,RRSS,6.37,2024-03-29,2024-05-16,True
2633,Smartphone,35.18,12.0,2024-04-27,Electrónica,422.15999999999997,51,Email,4.65,2024-05-28,2024-06-15,False
2633,Smartphone,35.18,12.0,2024-04-27,Electrónica,422.15999999999997,81,TV,4.78,2024-09-28,2024-10-24,False
2645,Auriculares,122.64,10.0,2024-04-27,Electrónica,1226.4,47,Email,4.19,2024-06-02,2024-07-22,False
2645,Auriculares,122.64,10.0,2024-04-27,Electrónica,1226.4,17,RRSS,6.06,2024-07-15,2024-08-15,False
2645,Auriculares,122.64,10.0,2024-04-27,Electrónica,1226.4,77,TV,4.99,2024-11-11,2024-12-06,False
109,Lámpara de mesa,103.94,9.0,2024-04-28,Decoración,935.46,32,Email,5.54,2024-03-28,2024-04-20,False
109,Lámpara de mesa,103.94,9.0,2024-04-28,Decoración,935.46,2,RRSS,5.88,2024-05-30,2024-06-29,False
109,Lámpara de mesa,103.94,9.0,2024-04-28,Decoración,935.46,62,TV,4.51,2024-08-26,2024-10-07,False
518,Rincón de plantas,113.79,7.0,2024-04-28,Decoración,796.5300000000001,38,Email,5.76,2024-06-14,2024-07-15,False
518,Rincón de plantas,113.79,7.0,2024-04-28,Decoración,796.5300000000001,8,RRSS,4.88,2024-08-03,2024-08-18,False
518,Rincón de plantas,113.79,7.0,2024-04-28,Decoración,796.5300000000001,68,TV,5.81,2024-12-17,2025-02-14,False
1277,Horno eléctrico,41.9,4.0,2024-04-28,Electrodomésticos,167.6,35,Email,5.65,2024-07-31,2024-09-29,False
1277,Horno eléctrico,41.9,4.0,2024-04-28,Electrodomésticos,167.6,5,RRSS,5.16,2024-08-22,2024-10-17,False
1277,Horno eléctrico,41.9,4.0,2024-04-28,Electrodomésticos,167.6,65,TV,3.08,2024-10-23,2024-12-11,False
1329,Batidora,55.84,7.0,2024-04-28,Electrodomésticos,390.88,57,Email,4.48,2024-04-10,2024-06-08,True
1329,Batidora,55.84,7.0,2024-04-28,Electrodomésticos,390.88,87,TV,6.28,2024-08-27,2024-10-11,False
1329,Batidora,55.84,7.0,2024-04-28,Electrodomésticos,390.88,27,RRSS,4.52,2024-11-01,2024-12-08,False
1830,Plancha de vapor,120.94,11.0,2024-04-28,Electrodomésticos,1330.34,36,Email,5.41,2024-04-02,2024-06-01,True
1830,Plancha de vapor,120.94,11.0,2024-04-28,Electrodomésticos,1330.34,6,RRSS,4.02,2024-09-24,2024-11-02,False
1830,Plancha de vapor,120.94,11.0,2024-04-28,Electrodomésticos,1330.34,66,TV,4.69,2024-10-04,2024-10-23,False
1964,Aspiradora,52.92,10.0,2024-04-28,Electrodomésticos,529.2,40,Email,6.24,2024-06-24,2024-08-12,False
1964,Aspiradora,52.92,10.0,2024-04-28,Electrodomésticos,529.2,10,RRSS,7.16,2024-08-19,2024-09-19,False
1964,Aspiradora,52.92,10.0,2024-04-28,Electrodomésticos,529.2,70,TV,3.06,2024-12-13,2024-12-29,False
2877,Cámara digital,45.1,1.0,2024-04-28,Electrónica,45.1,18,RRSS,5.46,2024-07-16,2024-09-13,False
2877,Cámara digital,45.1,1.0,2024-04-28,Electrónica,45.1,78,TV,4.1,2024-08-02,2024-09-20,False
2877,Cámara digital,45.1,1.0,2024-04-28,Electrónica,45.1,48,Email,6.84,2024-10-31,2024-12-09,False
202,Cuadro decorativo,106.72,4.0,2024-04-29,Decoración,426.88,1,RRSS,5.27,2024-04-27,2024-06-04,True
202,Cuadro decorativo,106.72,4.0,2024-04-29,Decoración,426.88,31,Email,5.28,2024-08-15,2024-09-12,False
202,Cuadro decorativo,106.72,4.0,2024-04-29,Decoración,426.88,61,TV,5.3,2024-11-05,2024-12-23,False
294,Jarrón decorativo,50.35,3.0,2024-04-29,Decoración,151.05,15,RRSS,4.65,2024-05-09,2024-06-13,False
294,Jarrón decorativo,50.35,3.0,2024-04-29,Decoración,151.05,45,Email,4.52,2024-06-05,2024-07-31,False
294,Jarrón decorativo,50.35,3.0,2024-04-29,Decoración,151.05,75,TV,4.1,2024-11-03,2024-12-25,False
493,Espejo decorativo,109.32,10.0,2024-04-29,Decoración,1093.1999999999998,83,TV,5.24,2024-05-31,2024-07-08,False
493,Espejo decorativo,109.32,10.0,2024-04-29,Decoración,1093.1999999999998,53,Email,4.9,2024-07-17,2024-08-01,False
493,Espejo decorativo,109.32,10.0,2024-04-29,Decoración,1093.1999999999998,23,RRSS,4.75,2024-08-28,2024-10-17,False
799,Lámpara de mesa,102.9,5.0,2024-04-29,Decoración,514.5,32,Email,5.54,2024-03-28,2024-04-20,False
799,Lámpara de mesa,102.9,5.0,2024-04-29,Decoración,514.5,2,RRSS,5.88,2024-05-30,2024-06-29,False
799,Lámpara de mesa,102.9,5.0,2024-04-29,Decoración,514.5,62,TV,4.51,2024-08-26,2024-10-07,False
1096,Secadora,115.14,10.0,2024-04-29,Electrodomésticos,1151.4,3,RRSS,5.1,2024-07-24,2024-08-30,False
1096,Secadora,115.14,10.0,2024-04-29,Electrodomésticos,1151.4,63,TV,5.69,2024-11-03,2024-11-28,False
1096,Secadora,115.14,10.0,2024-04-29,Electrodomésticos,1151.4,33,Email,3.8,2024-12-20,2025-01-07,False
1281,Freidora eléctrica,60.99,12.0,2024-04-29,Electrodomésticos,731.88,71,TV,4.37,2024-06-05,2024-07-24,False
1281,Freidora eléctrica,60.99,12.0,2024-04-29,Electrodomésticos,731.88,41,Email,3.92,2024-11-23,2025-01-01,False
1281,Freidora eléctrica,60.99,12.0,2024-04-29,Electrodomésticos,731.88,11,RRSS,5.27,2024-12-29,2025-01-21,False
1715,Lavadora,119.22,11.0,2024-04-29,Electrodomésticos,1311.42,46,Email,3.63,2024-05-12,2024-05-29,False
1715,Lavadora,119.22,11.0,2024-04-29,Electrodomésticos,1311.42,76,TV,4.66,2024-05-26,2024-07-02,False
1715,Lavadora,119.22,11.0,2024-04-29,Electrodomésticos,1311.42,16,RRSS,3.56,2024-08-14,2024-09-20,False
2089,Proyector,95.13,12.0,2024-04-29,Electrónica,1141.56,67,TV,3.68,2024-05-22,2024-07-12,False
2089,Proyector,95.13,12.0,2024-04-29,Electrónica,1141.56,37,Email,3.22,2024-07-06,2024-07-26,False
2089,Proyector,95.13,12.0,2024-04-29,Electrónica,1141.56,7,RRSS,5.57,2024-07-30,2024-08-16,False
2367,Cámara digital,91.04,8.0,2024-04-29,Electrónica,728.32,18,RRSS,5.46,2024-07-16,2024-09-13,False
2367,Cámara digital,91.04,8.0,2024-04-29,Electrónica,728.32,78,TV,4.1,2024-08-02,2024-09-20,False
2367,Cámara digital,91.04,8.0,2024-04-29,Electrónica,728.32,48,Email,6.84,2024-10-31,2024-12-09,False
124,Jarrón decorativo,93.39,7.0,2024-04-30,Decoración,653.73,15,RRSS,4.65,2024-05-09,2024-06-13,False
124,Jarrón decorativo,93.39,7.0,2024-04-30,Decoración,653.73,45,Email,4.52,2024-06-05,2024-07-31,False
124,Jarrón decorativo,93.39,7.0,2024-04-30,Decoración,653.73,75,TV,4.1,2024-11-03,2024-12-25,False
177,Elementos de cerámica,64.17,4.0,2024-04-30,Decoración,256.68,22,RRSS,5.44,2024-06-26,2024-07-15,False
177,Elementos de cerámica,64.17,4.0,2024-04-30,Decoración,256.68,82,TV,5.69,2024-09-08,2024-10-12,False
177,Elementos de cerámica,64.17,4.0,2024-04-30,Decoración,256.68,52,Email,5.74,2024-09-09,2024-09-30,False
255,Alfombra,68.38,7.0,2024-04-30,Decoración,478.65999999999997,58,Email,4.25,2024-03-31,2024-05-05,True
255,Alfombra,68.38,7.0,2024-04-30,Decoración,478.65999999999997,88,TV,7.39,2024-07-25,2024-08-31,False
255,Alfombra,68.38,7.0,2024-04-30,Decoración,478.65999999999997,28,RRSS,5.82,2024-11-27,2025-01-08,False
709,Lámpara de mesa,98.77,2.0,2024-04-30,Decoración,197.54,32,Email,5.54,2024-03-28,2024-04-20,False
709,Lámpara de mesa,98.77,2.0,2024-04-30,Decoración,197.54,2,RRSS,5.88,2024-05-30,2024-06-29,False
709,Lámpara de mesa,98.77,2.0,2024-04-30,Decoración,197.54,62,TV,4.51,2024-08-26,2024-10-07,False
975,Alfombra,28.96,5.0,2024-04-30,Decoración,144.8,58,Email,4.25,2024-03-31,2024-05-05,True
975,Alfombra,28.96,5.0,2024-04-30,Decoración,144.8,88,TV,7.39,2024-07-25,2024-08-31,False
975,Alfombra,28.96,5.0,2024-04-30,Decoración,144.8,28,RRSS,5.82,2024-11-27,2025-01-08,False
988,Rincón de plantas,115.47,1.0,2024-04-30,Decoración,115.47,38,Email,5.76,2024-06-14,2024-07-15,False
988,Rincón de plantas,115.47,1.0,2024-04-30,Decoración,115.47,8,RRSS,4.88,2024-08-03,2024-08-18,False
988,Rincón de plantas,115.47,1.0,2024-04-30,Decoración,115.47,68,TV,5.81,2024-12-17,2025-02-14,False
1036,Secadora,42.32,7.0,2024-04-30,Electrodomésticos,296.24,3,RRSS,5.1,2024-07-24,2024-08-30,False
1036,Secadora,42.32,7.0,2024-04-30,Electrodomésticos,296.24,63,TV,5.69,2024-11-03,2024-11-28,False
1036,Secadora,42.32,7.0,2024-04-30,Electrodomésticos,296.24,33,Email,3.8,2024-12-20,2025-01-07,False
1205,Lavadora,42.38,6.0,2024-04-30,Electrodomésticos,254.28000000000003,46,Email,3.63,2024-05-12,2024-05-29,False
1205,Lavadora,42.38,6.0,2024-04-30,Electrodomésticos,254.28000000000003,76,TV,4.66,2024-05-26,2024-07-02,False
1205,Lavadora,42.38,6.0,2024-04-30,Electrodomésticos,254.28000000000003,16,RRSS,3.56,2024-08-14,2024-09-20,False
1401,Freidora eléctrica,122.99,7.0,2024-04-30,Electrodomésticos,860.93,71,TV,4.37,2024-06-05,2024-07-24,False
1401,Freidora eléctrica,122.99,7.0,2024-04-30,Electrodomésticos,860.93,41,Email,3.92,2024-11-23,2025-01-01,False
1401,Freidora eléctrica,122.99,7.0,2024-04-30,Electrodomésticos,860.93,11,RRSS,5.27,2024-12-29,2025-01-21,False
1762,Heladera,27.82,10.0,2024-04-30,Electrodomésticos,278.2,34,Email,4.2,2024-05-06,2024-07-05,False
1762,Heladera,27.82,10.0,2024-04-30,Electrodomésticos,278.2,4,RRSS,4.53,2024-05-31,2024-07-15,False
1762,Heladera,27.82,10.0,2024-04-30,Electrodomésticos,278.2,64,TV,4.38,2024-07-10,2024-08-09,False
2629,Proyector,94.3,1.0,2024-04-30,Electrónica,94.3,67,TV,3.68,2024-05-22,2024-07-12,False
2629,Proyector,94.3,1.0,2024-04-30,Electrónica,94.3,37,Email,3.22,2024-07-06,2024-07-26,False
2629,Proyector,94.3,1.0,2024-04-30,Electrónica,94.3,7,RRSS,5.57,2024-07-30,2024-08-16,False
306,Cortinas,96.05,5.0,2024-05-01,Decoración,480.25,43,Email,5.67,2024-05-02,2024-06-17,False
306,Cortinas,96.05,5.0,2024-05-01,Decoración,480.25,73,TV,6.47,2024-08-17,2024-09-26,False
306,Cortinas,96.05,5.0,2024-05-01,Decoración,480.25,13,RRSS,5.22,2024-09-16,2024-10-15,False
475,Alfombra,120.18,3.0,2024-05-01,Decoración,360.54,58,Email,4.25,2024-03-31,2024-05-05,True
475,Alfombra,120.18,3.0,2024-05-01,Decoración,360.54,88,TV,7.39,2024-07-25,2024-08-31,False
475,Alfombra,120.18,3.0,2024-05-01,Decoración,360.54,28,RRSS,5.82,2024-11-27,2025-01-08,False
901,Lámpara de mesa,39.72,2.0,2024-05-01,Decoración,79.44,32,Email,5.54,2024-03-28,2024-04-20,False
901,Lámpara de mesa,39.72,2.0,2024-05-01,Decoración,79.44,2,RRSS,5.88,2024-05-30,2024-06-29,False
901,Lámpara de mesa,39.72,2.0,2024-05-01,Decoración,79.44,62,TV,4.51,2024-08-26,2024-10-07,False
972,Cuadro decorativo,26.2,10.0,2024-05-01,Decoración,262.0,1,RRSS,5.27,2024-04-27,2024-06-04,True
972,Cuadro decorativo,26.2,10.0,2024-05-01,Decoración,262.0,31,Email,5.28,2024-08-15,2024-09-12,False
972,Cuadro decorativo,26.2,10.0,2024-05-01,Decoración,262.0,61,TV,5.3,2024-11-05,2024-12-23,False
1245,Lavadora,81.58,12.0,2024-05-01,Electrodomésticos,978.96,46,Email,3.63,2024-05-12,2024-05-29,False
1245,Lavadora,81.58,12.0,2024-05-01,Electrodomésticos,978.96,76,TV,4.66,2024-05-26,2024-07-02,False
1245,Lavadora,81.58,12.0,2024-05-01,Electrodomésticos,978.96,16,RRSS,3.56,2024-08-14,2024-09-20,False
1726,Secadora,101.27,7.0,2024-05-01,Electrodomésticos,708.89,3,RRSS,5.1,2024-07-24,2024-08-30,False
1726,Secadora,101.27,7.0,2024-05-01,Electrodomésticos,708.89,63,TV,5.69,2024-11-03,2024-11-28,False
1726,Secadora,101.27,7.0,2024-05-01,Electrodomésticos,708.89,33,Email,3.8,2024-12-20,2025-01-07,False
1973,Microondas,38.03,11.0,2024-05-01,Electrodomésticos,418.33000000000004,56,Email,4.94,2024-08-06,2024-08-25,False
1973,Microondas,38.03,11.0,2024-05-01,Electrodomésticos,418.33000000000004,26,RRSS,5.0,2024-09-25,2024-10-14,False
1973,Microondas,38.03,11.0,2024-05-01,Electrodomésticos,418.33000000000004,86,TV,4.25,2024-09-25,2024-11-15,False
2182,Televisor,105.46,11.0,2024-05-01,Electrónica,1160.06,29,RRSS,3.96,2024-05-17,2024-06-28,False
2182,Televisor,105.46,11.0,2024-05-01,Electrónica,1160.06,59,Email,4.19,2024-11-20,2025-01-19,False
2182,Televisor,105.46,11.0,2024-05-01,Electrónica,1160.06,89,TV,4.98,2024-12-13,2025-02-08,False
2926,Laptop,50.36,6.0,2024-05-01,Electrónica,302.15999999999997,60,Email,4.89,2024-09-28,2024-10-27,False
2926,Laptop,50.36,6.0,2024-05-01,Electrónica,302.15999999999997,30,RRSS,4.68,2024-10-23,2024-11-24,False
2926,Laptop,50.36,6.0,2024-05-01,Electrónica,302.15999999999997,90,TV,5.62,2024-11-16,2025-01-13,False
100,Adorno de pared,112.16,8.0,2024-05-02,Decoración,897.28,74,TV,4.81,2024-03-20,2024-05-03,True
100,Adorno de pared,112.16,8.0,2024-05-02,Decoración,897.28,44,Email,5.08,2024-04-13,2024-05-10,True
100,Adorno de pared,112.16,8.0,2024-05-02,Decoración,897.28,14,RRSS,4.16,2024-10-22,2024-12-21,False
536,Cortinas,107.95,1.0,2024-05-02,Decoración,107.95,43,Email,5.67,2024-05-02,2024-06-17,True
536,Cortinas,107.95,1.0,2024-05-02,Decoración,107.95,73,TV,6.47,2024-08-17,2024-09-26,False
536,Cortinas,107.95,1.0,2024-05-02,Decoración,107.95,13,RRSS,5.22,2024-09-16,2024-10-15,False
1028,Cafetera,108.44,5.0,2024-05-02,Electrodomésticos,542.2,49,Email,5.2,2024-06-20,2024-07-22,False
1028,Cafetera,108.44,5.0,2024-05-02,Electrodomésticos,542.2,79,TV,7.26,2024-08-13,2024-10-11,False
1028,Cafetera,108.44,5.0,2024-05-02,Electrodomésticos,542.2,19,RRSS,5.7,2024-08-19,2024-09-15,False
1045,Lavadora,51.22,4.0,2024-05-02,Electrodomésticos,204.88,46,Email,3.63,2024-05-12,2024-05-29,False
1045,Lavadora,51.22,4.0,2024-05-02,Electrodomésticos,204.88,76,TV,4.66,2024-05-26,2024-07-02,False
1045,Lavadora,51.22,4.0,2024-05-02,Electrodomésticos,204.88,16,RRSS,3.56,2024-08-14,2024-09-20,False
1152,Heladera,116.86,5.0,2024-05-02,Electrodomésticos,584.3,34,Email,4.2,2024-05-06,2024-07-05,False
1152,Heladera,116.86,5.0,2024-05-02,Electrodomésticos,584.3,4,RRSS,4.53,2024-05-31,2024-07-15,False
1152,Heladera,116.86,5.0,2024-05-02,Electrodomésticos,584.3,64,TV,4.38,2024-07-10,2024-08-09,False
1217,Horno eléctrico,88.92,8.0,2024-05-02,Electrodomésticos,711.36,35,Email,5.65,2024-07-31,2024-09-29,False
1217,Horno eléctrico,88.92,8.0,2024-05-02,Electrodomésticos,711.36,5,RRSS,5.16,2024-08-22,2024-10-17,False
1217,Horno eléctrico,88.92,8.0,2024-05-02,Electrodomésticos,711.36,65,TV,3.08,2024-10-23,2024-12-11,False
1310,Plancha de vapor,43.78,9.0,2024-05-02,Electrodomésticos,394.02,36,Email,5.41,2024-04-02,2024-06-01,True
1310,Plancha de vapor,43.78,9.0,2024-05-02,Electrodomésticos,394.02,6,RRSS,4.02,2024-09-24,2024-11-02,False
1310,Plancha de vapor,43.78,9.0,2024-05-02,Electrodomésticos,394.02,66,TV,4.69,2024-10-04,2024-10-23,False
1842,Heladera,65.18,1.0,2024-05-02,Electrodomésticos,65.18,34,Email,4.2,2024-05-06,2024-07-05,False
1842,Heladera,65.18,1.0,2024-05-02,Electrodomésticos,65.18,4,RRSS,4.53,2024-05-31,2024-07-15,False
1842,Heladera,65.18,1.0,2024-05-02,Electrodomésticos,65.18,64,TV,4.38,2024-07-10,2024-08-09,False
1969,Batidora,72.9,1.0,2024-05-02,Electrodomésticos,72.9,57,Email,4.48,2024-04-10,2024-06-08,True
1969,Batidora,72.9,1.0,2024-05-02,Electrodomésticos,72.9,87,TV,6.28,2024-08-27,2024-10-11,False
1969,Batidora,72.9,1.0,2024-05-02,Electrodomésticos,72.9,27,RRSS,4.52,2024-11-01,2024-12-08,False
2191,Parlantes Bluetooth,124.34,11.0,2024-05-02,Electrónica,1367.74,84,TV,4.42,2024-04-17,2024-05-05,True
2191,Parlantes Bluetooth,124.34,11.0,2024-05-02,Electrónica,1367.74,54,Email,2.95,2024-08-09,2024-09-22,False
2191,Parlantes Bluetooth,124.34,11.0,2024-05-02,Electrónica,1367.74,24,RRSS,6.0,2024-09-22,2024-10-26,False
2510,Consola de videojuegos,70.04,12.0,2024-05-02,Electrónica,840.48,50,Email,4.97,2024-05-03,2024-05-28,False
2510,Consola de videojuegos,70.04,12.0,2024-05-02,Electrónica,840.48,20,RRSS,3.16,2024-07-15,2024-08-03,False
2510,Consola de videojuegos,70.04,12.0,2024-05-02,Electrónica,840.48,80,TV,4.64,2024-11-01,2024-11-20,False
2621,Parlantes Bluetooth,119.91,9.0,2024-05-02,Electrónica,1079.19,84,TV,4.42,2024-04-17,2024-05-05,True
2621,Parlantes Bluetooth,119.91,9.0,2024-05-02,Electrónica,1079.19,54,Email,2.95,2024-08-09,2024-09-22,False
2621,Parlantes Bluetooth,119.91,9.0,2024-05-02,Electrónica,1079.19,24,RRSS,6.0,2024-09-22,2024-10-26,False
2775,Auriculares,104.06,11.0,2024-05-02,Electrónica,1144.66,47,Email,4.19,2024-06-02,2024-07-22,False
2775,Auriculares,104.06,11.0,2024-05-02,Electrónica,1144.66,17,RRSS,6.06,2024-07-15,2024-08-15,False
2775,Auriculares,104.06,11.0,2024-05-02,Electrónica,1144.66,77,TV,4.99,2024-11-11,2024-12-06,False
2988,SmartWatch,100.8,4.0,2024-05-02,Electrónica,403.2,85,TV,5.07,2024-04-01,2024-05-05,True
2988,SmartWatch,100.8,4.0,2024-05-02,Electrónica,403.2,55,Email,4.59,2024-10-13,2024-12-06,False
2988,SmartWatch,100.8,4.0,2024-05-02,Electrónica,403.2,25,RRSS,4.84,2024-11-23,2024-12-29,False
220,Adorno de pared,55.36,9.0,2024-05-03,Decoración,498.24,74,TV,4.81,2024-03-20,2024-05-03,True
220,Adorno de pared,55.36,9.0,2024-05-03,Decoración,498.24,44,Email,5.08,2024-04-13,2024-05-10,True
220,Adorno de pared,55.36,9.0,2024-05-03,Decoración,498.24,14,RRSS,4.16,2024-10-22,2024-12-21,False
819,Lámpara de mesa,122.57,6.0,2024-05-03,Decoración,735.42,32,Email,5.54,2024-03-28,2024-04-20,False
819,Lámpara de mesa,122.57,6.0,2024-05-03,Decoración,735.42,2,RRSS,5.88,2024-05-30,2024-06-29,False
819,Lámpara de mesa,122.57,6.0,2024-05-03,Decoración,735.42,62,TV,4.51,2024-08-26,2024-10-07,False
1004,Aspiradora,107.0,8.0,2024-05-03,Electrodomésticos,856.0,40,Email,6.24,2024-06-24,2024-08-12,False
1004,Aspiradora,107.0,8.0,2024-05-03,Electrodomésticos,856.0,10,RRSS,7.16,2024-08-19,2024-09-19,False
1004,Aspiradora,107.0,8.0,2024-05-03,Electrodomésticos,856.0,70,TV,3.06,2024-12-13,2024-12-29,False
1439,Batidora,71.74,9.0,2024-05-03,Electrodomésticos,645.66,57,Email,4.48,2024-04-10,2024-06-08,True
1439,Batidora,71.74,9.0,2024-05-03,Electrodomésticos,645.66,87,TV,6.28,2024-08-27,2024-10-11,False
1439,Batidora,71.74,9.0,2024-05-03,Electrodomésticos,645.66,27,RRSS,4.52,2024-11-01,2024-12-08,False
1819,Batidora,87.56,9.0,2024-05-03,Electrodomésticos,788.04,57,Email,4.48,2024-04-10,2024-06-08,True
1819,Batidora,87.56,9.0,2024-05-03,Electrodomésticos,788.04,87,TV,6.28,2024-08-27,2024-10-11,False
1819,Batidora,87.56,9.0,2024-05-03,Electrodomésticos,788.04,27,RRSS,4.52,2024-11-01,2024-12-08,False
2404,Auriculares,102.65,4.0,2024-05-03,Electrónica,410.6,47,Email,4.19,2024-06-02,2024-07-22,False
2404,Auriculares,102.65,4.0,2024-05-03,Electrónica,410.6,17,RRSS,6.06,2024-07-15,2024-08-15,False
2404,Auriculares,102.65,4.0,2024-05-03,Electrónica,410.6,77,TV,4.99,2024-11-11,2024-12-06,False
2435,Auriculares,39.55,3.0,2024-05-03,Electrónica,118.64999999999999,47,Email,4.19,2024-06-02,2024-07-22,False
2435,Auriculares,39.55,3.0,2024-05-03,Electrónica,118.64999999999999,17,RRSS,6.06,2024-07-15,2024-08-15,False
2435,Auriculares,39.55,3.0,2024-05-03,Electrónica,118.64999999999999,77,TV,4.99,2024-11-11,2024-12-06,False
2463,Smartphone,67.59,2.0,2024-05-03,Electrónica,135.18,21,RRSS,6.37,2024-03-29,2024-05-16,True
2463,Smartphone,67.59,2.0,2024-05-03,Electrónica,135.18,51,Email,4.65,2024-05-28,2024-06-15,False
2463,Smartphone,67.59,2.0,2024-05-03,Electrónica,135.18,81,TV,4.78,2024-09-28,2024-10-24,False
2985,Auriculares,58.92,3.0,2024-05-03,Electrónica,176.76,47,Email,4.19,2024-06-02,2024-07-22,False
2985,Auriculares,58.92,3.0,2024-05-03,Electrónica,176.76,17,RRSS,6.06,2024-07-15,2024-08-15,False
2985,Auriculares,58.92,3.0,2024-05-03,Electrónica,176.76,77,TV,4.99,2024-11-11,2024-12-06,False
16,Cortinas,32.47,5.0,2024-05-04,Decoración,162.35,43,Email,5.67,2024-05-02,2024-06-17,True
16,Cortinas,32.47,5.0,2024-05-04,Decoración,162.35,73,TV,6.47,2024-08-17,2024-09-26,False
16,Cortinas,32.47,5.0,2024-05-04,Decoración,162.35,13,RRSS,5.22,2024-09-16,2024-10-15,False
342,Cuadro decorativo,61.9,5.0,2024-05-04,Decoración,309.5,1,RRSS,5.27,2024-04-27,2024-06-04,True
342,Cuadro decorativo,61.9,5.0,2024-05-04,Decoración,309.5,31,Email,5.28,2024-08-15,2024-09-12,False
342,Cuadro decorativo,61.9,5.0,2024-05-04,Decoración,309.5,61,TV,5.3,2024-11-05,2024-12-23,False
806,Cortinas,119.32,9.0,2024-05-04,Decoración,1073.8799999999999,43,Email,5.67,2024-05-02,2024-06-17,True
806,Cortinas,119.32,9.0,2024-05-04,Decoración,1073.8799999999999,73,TV,6.47,2024-08-17,2024-09-26,False
806,Cortinas,119.32,9.0,2024-05-04,Decoración,1073.8799999999999,13,RRSS,5.22,2024-09-16,2024-10-15,False
903,Espejo decorativo,81.45,2.0,2024-05-04,Decoración,162.9,83,TV,5.24,2024-05-31,2024-07-08,False
903,Espejo decorativo,81.45,2.0,2024-05-04,Decoración,162.9,53,Email,4.9,2024-07-17,2024-08-01,False
903,Espejo decorativo,81.45,2.0,2024-05-04,Decoración,162.9,23,RRSS,4.75,2024-08-28,2024-10-17,False
1056,Secadora,109.52,10.0,2024-05-04,Electrodomésticos,1095.2,3,RRSS,5.1,2024-07-24,2024-08-30,False
1056,Secadora,109.52,10.0,2024-05-04,Electrodomésticos,1095.2,63,TV,5.69,2024-11-03,2024-11-28,False
1056,Secadora,109.52,10.0,2024-05-04,Electrodomésticos,1095.2,33,Email,3.8,2024-12-20,2025-01-07,False
1666,Secadora,99.75,4.0,2024-05-04,Electrodomésticos,399.0,3,RRSS,5.1,2024-07-24,2024-08-30,False
1666,Secadora,99.75,4.0,2024-05-04,Electrodomésticos,399.0,63,TV,5.69,2024-11-03,2024-11-28,False
1666,Secadora,99.75,4.0,2024-05-04,Electrodomésticos,399.0,33,Email,3.8,2024-12-20,2025-01-07,False
1672,Heladera,63.1,12.0,2024-05-04,Electrodomésticos,757.2,34,Email,4.2,2024-05-06,2024-07-05,False
1672,Heladera,63.1,12.0,2024-05-04,Electrodomésticos,757.2,4,RRSS,4.53,2024-05-31,2024-07-15,False
1672,Heladera,63.1,12.0,2024-05-04,Electrodomésticos,757.2,64,TV,4.38,2024-07-10,2024-08-09,False
1932,Heladera,31.46,9.0,2024-05-04,Electrodomésticos,283.14,34,Email,4.2,2024-05-06,2024-07-05,False
1932,Heladera,31.46,9.0,2024-05-04,Electrodomésticos,283.14,4,RRSS,4.53,2024-05-31,2024-07-15,False
1932,Heladera,31.46,9.0,2024-05-04,Electrodomésticos,283.14,64,TV,4.38,2024-07-10,2024-08-09,False
311,Lámpara de mesa,33.89,2.0,2024-05-05,Decoración,67.78,32,Email,5.54,2024-03-28,2024-04-20,False
311,Lámpara de mesa,33.89,2.0,2024-05-05,Decoración,67.78,2,RRSS,5.88,2024-05-30,2024-06-29,False
311,Lámpara de mesa,33.89,2.0,2024-05-05,Decoración,67.78,62,TV,4.51,2024-08-26,2024-10-07,False
353,Espejo decorativo,43.92,11.0,2024-05-05,Decoración,483.12,83,TV,5.24,2024-05-31,2024-07-08,False
353,Espejo decorativo,43.92,11.0,2024-05-05,Decoración,483.12,53,Email,4.9,2024-07-17,2024-08-01,False
353,Espejo decorativo,43.92,11.0,2024-05-05,Decoración,483.12,23,RRSS,4.75,2024-08-28,2024-10-17,False
650,Adorno de pared,43.11,4.0,2024-05-05,Decoración,172.44,74,TV,4.81,2024-03-20,2024-05-03,False
650,Adorno de pared,43.11,4.0,2024-05-05,Decoración,172.44,44,Email,5.08,2024-04-13,2024-05-10,True
650,Adorno de pared,43.11,4.0,2024-05-05,Decoración,172.44,14,RRSS,4.16,2024-10-22,2024-12-21,False
656,Cortinas,107.26,2.0,2024-05-05,Decoración,214.52,43,Email,5.67,2024-05-02,2024-06-17,True
656,Cortinas,107.26,2.0,2024-05-05,Decoración,214.52,73,TV,6.47,2024-08-17,2024-09-26,False
656,Cortinas,107.26,2.0,2024-05-05,Decoración,214.52,13,RRSS,5.22,2024-09-16,2024-10-15,False
1387,Horno eléctrico,61.15,3.0,2024-05-05,Electrodomésticos,183.45,35,Email,5.65,2024-07-31,2024-09-29,False
1387,Horno eléctrico,61.15,3.0,2024-05-05,Electrodomésticos,183.45,5,RRSS,5.16,2024-08-22,2024-10-17,False
1387,Horno eléctrico,61.15,3.0,2024-05-05,Electrodomésticos,183.45,65,TV,3.08,2024-10-23,2024-12-11,False
1484,Aspiradora,79.74,6.0,2024-05-05,Electrodomésticos,478.43999999999994,40,Email,6.24,2024-06-24,2024-08-12,False
1484,Aspiradora,79.74,6.0,2024-05-05,Electrodomésticos,478.43999999999994,10,RRSS,7.16,2024-08-19,2024-09-19,False
1484,Aspiradora,79.74,6.0,2024-05-05,Electrodomésticos,478.43999999999994,70,TV,3.06,2024-12-13,2024-12-29,False
1845,Lavadora,119.69,5.0,2024-05-05,Electrodomésticos,598.45,46,Email,3.63,2024-05-12,2024-05-29,False
1845,Lavadora,119.69,5.0,2024-05-05,Electrodomésticos,598.45,76,TV,4.66,2024-05-26,2024-07-02,False
1845,Lavadora,119.69,5.0,2024-05-05,Electrodomésticos,598.45,16,RRSS,3.56,2024-08-14,2024-09-20,False
2403,Smartphone,74.39,3.0,2024-05-05,Electrónica,223.17000000000002,21,RRSS,6.37,2024-03-29,2024-05-16,True
2403,Smartphone,74.39,3.0,2024-05-05,Electrónica,223.17000000000002,51,Email,4.65,2024-05-28,2024-06-15,False
2403,Smartphone,74.39,3.0,2024-05-05,Electrónica,223.17000000000002,81,TV,4.78,2024-09-28,2024-10-24,False
2445,Auriculares,93.33,6.0,2024-05-05,Electrónica,559.98,47,Email,4.19,2024-06-02,2024-07-22,False
2445,Auriculares,93.33,6.0,2024-05-05,Electrónica,559.98,17,RRSS,6.06,2024-07-15,2024-08-15,False
2445,Auriculares,93.33,6.0,2024-05-05,Electrónica,559.98,77,TV,4.99,2024-11-11,2024-12-06,False
2898,SmartWatch,108.81,10.0,2024-05-05,Electrónica,1088.1,85,TV,5.07,2024-04-01,2024-05-05,True
2898,SmartWatch,108.81,10.0,2024-05-05,Electrónica,1088.1,55,Email,4.59,2024-10-13,2024-12-06,False
2898,SmartWatch,108.81,10.0,2024-05-05,Electrónica,1088.1,25,RRSS,4.84,2024-11-23,2024-12-29,False
98,Rincón de plantas,91.3,6.0,2024-05-06,Decoración,547.8,38,Email,5.76,2024-06-14,2024-07-15,False
98,Rincón de plantas,91.3,6.0,2024-05-06,Decoración,547.8,8,RRSS,4.88,2024-08-03,2024-08-18,False
98,Rincón de plantas,91.3,6.0,2024-05-06,Decoración,547.8,68,TV,5.81,2024-12-17,2025-02-14,False
550,Adorno de pared,98.99,8.0,2024-05-06,Decoración,791.92,74,TV,4.81,2024-03-20,2024-05-03,False
550,Adorno de pared,98.99,8.0,2024-05-06,Decoración,791.92,44,Email,5.08,2024-04-13,2024-05-10,True
550,Adorno de pared,98.99,8.0,2024-05-06,Decoración,791.92,14,RRSS,4.16,2024-10-22,2024-12-21,False
751,Lámpara de mesa,91.99,11.0,2024-05-06,Decoración,1011.89,32,Email,5.54,2024-03-28,2024-04-20,False
751,Lámpara de mesa,91.99,11.0,2024-05-06,Decoración,1011.89,2,RRSS,5.88,2024-05-30,2024-06-29,False
751,Lámpara de mesa,91.99,11.0,2024-05-06,Decoración,1011.89,62,TV,4.51,2024-08-26,2024-10-07,False
915,Alfombra,43.37,11.0,2024-05-06,Decoración,477.07,58,Email,4.25,2024-03-31,2024-05-05,False
915,Alfombra,43.37,11.0,2024-05-06,Decoración,477.07,88,TV,7.39,2024-07-25,2024-08-31,False
915,Alfombra,43.37,11.0,2024-05-06,Decoración,477.07,28,RRSS,5.82,2024-11-27,2025-01-08,False
1304,Aspiradora,99.07,8.0,2024-05-06,Electrodomésticos,792.56,40,Email,6.24,2024-06-24,2024-08-12,False
1304,Aspiradora,99.07,8.0,2024-05-06,Electrodomésticos,792.56,10,RRSS,7.16,2024-08-19,2024-09-19,False
1304,Aspiradora,99.07,8.0,2024-05-06,Electrodomésticos,792.56,70,TV,3.06,2024-12-13,2024-12-29,False
2211,Parlantes Bluetooth,108.16,3.0,2024-05-06,Electrónica,324.48,84,TV,4.42,2024-04-17,2024-05-05,False
2211,Parlantes Bluetooth,108.16,3.0,2024-05-06,Electrónica,324.48,54,Email,2.95,2024-08-09,2024-09-22,False
2211,Parlantes Bluetooth,108.16,3.0,2024-05-06,Electrónica,324.48,24,RRSS,6.0,2024-09-22,2024-10-26,False
2264,Auriculares,58.19,6.0,2024-05-06,Electrónica,349.14,47,Email,4.19,2024-06-02,2024-07-22,False
2264,Auriculares,58.19,6.0,2024-05-06,Electrónica,349.14,17,RRSS,6.06,2024-07-15,2024-08-15,False
2264,Auriculares,58.19,6.0,2024-05-06,Electrónica,349.14,77,TV,4.99,2024-11-11,2024-12-06,False
2708,SmartWatch,115.3,10.0,2024-05-06,Electrónica,1153.0,85,TV,5.07,2024-04-01,2024-05-05,False
2708,SmartWatch,115.3,10.0,2024-05-06,Electrónica,1153.0,55,Email,4.59,2024-10-13,2024-12-06,False
2708,SmartWatch,115.3,10.0,2024-05-06,Electrónica,1153.0,25,RRSS,4.84,2024-11-23,2024-12-29,False
2780,Consola de videojuegos,65.35,6.0,2024-05-06,Electrónica,392.09999999999997,50,Email,4.97,2024-05-03,2024-05-28,True
2780,Consola de videojuegos,65.35,6.0,2024-05-06,Electrónica,392.09999999999997,20,RRSS,3.16,2024-07-15,2024-08-03,False
2780,Consola de videojuegos,65.35,6.0,2024-05-06,Electrónica,392.09999999999997,80,TV,4.64,2024-11-01,2024-11-20,False
2801,Parlantes Bluetooth,97.22,1.0,2024-05-06,Electrónica,97.22,84,TV,4.42,2024-04-17,2024-05-05,False
2801,Parlantes Bluetooth,97.22,1.0,2024-05-06,Electrónica,97.22,54,Email,2.95,2024-08-09,2024-09-22,False
2801,Parlantes Bluetooth,97.22,1.0,2024-05-06,Electrónica,97.22,24,RRSS,6.0,2024-09-22,2024-10-26,False
998,Rincón de plantas,65.82,1.0,2024-05-07,Decoración,65.82,38,Email,5.76,2024-06-14,2024-07-15,False
998,Rincón de plantas,65.82,1.0,2024-05-07,Decoración,65.82,8,RRSS,4.88,2024-08-03,2024-08-18,False
998,Rincón de plantas,65.82,1.0,2024-05-07,Decoración,65.82,68,TV,5.81,2024-12-17,2025-02-14,False
1748,Cafetera,61.63,3.0,2024-05-07,Electrodomésticos,184.89000000000001,49,Email,5.2,2024-06-20,2024-07-22,False
1748,Cafetera,61.63,3.0,2024-05-07,Electrodomésticos,184.89000000000001,79,TV,7.26,2024-08-13,2024-10-11,False
1748,Cafetera,61.63,3.0,2024-05-07,Electrodomésticos,184.89000000000001,19,RRSS,5.7,2024-08-19,2024-09-15,False
1896,Secadora,37.22,4.0,2024-05-07,Electrodomésticos,148.88,3,RRSS,5.1,2024-07-24,2024-08-30,False
1896,Secadora,37.22,4.0,2024-05-07,Electrodomésticos,148.88,63,TV,5.69,2024-11-03,2024-11-28,False
1896,Secadora,37.22,4.0,2024-05-07,Electrodomésticos,148.88,33,Email,3.8,2024-12-20,2025-01-07,False
1967,Horno eléctrico,68.97,5.0,2024-05-07,Electrodomésticos,344.85,35,Email,5.65,2024-07-31,2024-09-29,False
1967,Horno eléctrico,68.97,5.0,2024-05-07,Electrodomésticos,344.85,5,RRSS,5.16,2024-08-22,2024-10-17,False
1967,Horno eléctrico,68.97,5.0,2024-05-07,Electrodomésticos,344.85,65,TV,3.08,2024-10-23,2024-12-11,False
2415,Auriculares,35.87,5.0,2024-05-07,Electrónica,179.35,47,Email,4.19,2024-06-02,2024-07-22,False
2415,Auriculares,35.87,5.0,2024-05-07,Electrónica,179.35,17,RRSS,6.06,2024-07-15,2024-08-15,False
2415,Auriculares,35.87,5.0,2024-05-07,Electrónica,179.35,77,TV,4.99,2024-11-11,2024-12-06,False
22,Cuadro decorativo,122.36,6.0,2024-05-08,Decoración,734.16,1,RRSS,5.27,2024-04-27,2024-06-04,True
22,Cuadro decorativo,122.36,6.0,2024-05-08,Decoración,734.16,31,Email,5.28,2024-08-15,2024-09-12,False
22,Cuadro decorativo,122.36,6.0,2024-05-08,Decoración,734.16,61,TV,5.3,2024-11-05,2024-12-23,False
491,Lámpara de mesa,118.22,11.0,2024-05-08,Decoración,1300.42,32,Email,5.54,2024-03-28,2024-04-20,False
491,Lámpara de mesa,118.22,11.0,2024-05-08,Decoración,1300.42,2,RRSS,5.88,2024-05-30,2024-06-29,False
491,Lámpara de mesa,118.22,11.0,2024-05-08,Decoración,1300.42,62,TV,4.51,2024-08-26,2024-10-07,False
873,Espejo decorativo,120.9,6.0,2024-05-08,Decoración,725.4000000000001,83,TV,5.24,2024-05-31,2024-07-08,False
873,Espejo decorativo,120.9,6.0,2024-05-08,Decoración,725.4000000000001,53,Email,4.9,2024-07-17,2024-08-01,False
873,Espejo decorativo,120.9,6.0,2024-05-08,Decoración,725.4000000000001,23,RRSS,4.75,2024-08-28,2024-10-17,False
937,Elementos de cerámica,121.14,2.0,2024-05-08,Decoración,242.28,22,RRSS,5.44,2024-06-26,2024-07-15,False
937,Elementos de cerámica,121.14,2.0,2024-05-08,Decoración,242.28,82,TV,5.69,2024-09-08,2024-10-12,False
937,Elementos de cerámica,121.14,2.0,2024-05-08,Decoración,242.28,52,Email,5.74,2024-09-09,2024-09-30,False
997,Elementos de cerámica,56.49,10.0,2024-05-08,Decoración,564.9,22,RRSS,5.44,2024-06-26,2024-07-15,False
997,Elementos de cerámica,56.49,10.0,2024-05-08,Decoración,564.9,82,TV,5.69,2024-09-08,2024-10-12,False
997,Elementos de cerámica,56.49,10.0,2024-05-08,Decoración,564.9,52,Email,5.74,2024-09-09,2024-09-30,False
1000,Adorno de pared,74.64,11.0,2024-05-08,Decoración,821.04,74,TV,4.81,2024-03-20,2024-05-03,False
1000,Adorno de pared,74.64,11.0,2024-05-08,Decoración,821.04,44,Email,5.08,2024-04-13,2024-05-10,True
1000,Adorno de pared,74.64,11.0,2024-05-08,Decoración,821.04,14,RRSS,4.16,2024-10-22,2024-12-21,False
1146,Secadora,96.67,7.0,2024-05-08,Electrodomésticos,676.69,3,RRSS,5.1,2024-07-24,2024-08-30,False
1146,Secadora,96.67,7.0,2024-05-08,Electrodomésticos,676.69,63,TV,5.69,2024-11-03,2024-11-28,False
1146,Secadora,96.67,7.0,2024-05-08,Electrodomésticos,676.69,33,Email,3.8,2024-12-20,2025-01-07,False
1175,Lavadora,82.41,2.0,2024-05-08,Electrodomésticos,164.82,46,Email,3.63,2024-05-12,2024-05-29,False
1175,Lavadora,82.41,2.0,2024-05-08,Electrodomésticos,164.82,76,TV,4.66,2024-05-26,2024-07-02,False
1175,Lavadora,82.41,2.0,2024-05-08,Electrodomésticos,164.82,16,RRSS,3.56,2024-08-14,2024-09-20,False
1747,Horno eléctrico,87.9,2.0,2024-05-08,Electrodomésticos,175.8,35,Email,5.65,2024-07-31,2024-09-29,False
1747,Horno eléctrico,87.9,2.0,2024-05-08,Electrodomésticos,175.8,5,RRSS,5.16,2024-08-22,2024-10-17,False
1747,Horno eléctrico,87.9,2.0,2024-05-08,Electrodomésticos,175.8,65,TV,3.08,2024-10-23,2024-12-11,False
1970,Plancha de vapor,113.7,5.0,2024-05-08,Electrodomésticos,568.5,36,Email,5.41,2024-04-02,2024-06-01,True
1970,Plancha de vapor,113.7,5.0,2024-05-08,Electrodomésticos,568.5,6,RRSS,4.02,2024-09-24,2024-11-02,False
1970,Plancha de vapor,113.7,5.0,2024-05-08,Electrodomésticos,568.5,66,TV,4.69,2024-10-04,2024-10-23,False
1972,Heladera,105.49,3.0,2024-05-08,Electrodomésticos,316.46999999999997,34,Email,4.2,2024-05-06,2024-07-05,True
1972,Heladera,105.49,3.0,2024-05-08,Electrodomésticos,316.46999999999997,4,RRSS,4.53,2024-05-31,2024-07-15,False
1972,Heladera,105.49,3.0,2024-05-08,Electrodomésticos,316.46999999999997,64,TV,4.38,2024-07-10,2024-08-09,False
2163,Smartphone,106.39,12.0,2024-05-08,Electrónica,1276.68,21,RRSS,6.37,2024-03-29,2024-05-16,True
2163,Smartphone,106.39,12.0,2024-05-08,Electrónica,1276.68,51,Email,4.65,2024-05-28,2024-06-15,False
2163,Smartphone,106.39,12.0,2024-05-08,Electrónica,1276.68,81,TV,4.78,2024-09-28,2024-10-24,False
14,Jarrón decorativo,29.77,5.0,2024-05-09,Decoración,148.85,15,RRSS,4.65,2024-05-09,2024-06-13,True
14,Jarrón decorativo,29.77,5.0,2024-05-09,Decoración,148.85,45,Email,4.52,2024-06-05,2024-07-31,False
14,Jarrón decorativo,29.77,5.0,2024-05-09,Decoración,148.85,75,TV,4.1,2024-11-03,2024-12-25,False
94,Jarrón decorativo,34.6,1.0,2024-05-09,Decoración,34.6,15,RRSS,4.65,2024-05-09,2024-06-13,True
94,Jarrón decorativo,34.6,1.0,2024-05-09,Decoración,34.6,45,Email,4.52,2024-06-05,2024-07-31,False
94,Jarrón decorativo,34.6,1.0,2024-05-09,Decoración,34.6,75,TV,4.1,2024-11-03,2024-12-25,False
619,Lámpara de mesa,43.29,11.0,2024-05-09,Decoración,476.19,32,Email,5.54,2024-03-28,2024-04-20,False
619,Lámpara de mesa,43.29,11.0,2024-05-09,Decoración,476.19,2,RRSS,5.88,2024-05-30,2024-06-29,False
619,Lámpara de mesa,43.29,11.0,2024-05-09,Decoración,476.19,62,TV,4.51,2024-08-26,2024-10-07,False
1108,Cafetera,84.64,9.0,2024-05-09,Electrodomésticos,761.76,49,Email,5.2,2024-06-20,2024-07-22,False
1108,Cafetera,84.64,9.0,2024-05-09,Electrodomésticos,761.76,79,TV,7.26,2024-08-13,2024-10-11,False
1108,Cafetera,84.64,9.0,2024-05-09,Electrodomésticos,761.76,19,RRSS,5.7,2024-08-19,2024-09-15,False
1938,Cafetera,107.9,11.0,2024-05-09,Electrodomésticos,1186.9,49,Email,5.2,2024-06-20,2024-07-22,False
1938,Cafetera,107.9,11.0,2024-05-09,Electrodomésticos,1186.9,79,TV,7.26,2024-08-13,2024-10-11,False
1938,Cafetera,107.9,11.0,2024-05-09,Electrodomésticos,1186.9,19,RRSS,5.7,2024-08-19,2024-09-15,False
2473,Smartphone,75.13,12.0,2024-05-09,Electrónica,901.56,21,RRSS,6.37,2024-03-29,2024-05-16,True
2473,Smartphone,75.13,12.0,2024-05-09,Electrónica,901.56,51,Email,4.65,2024-05-28,2024-06-15,False
2473,Smartphone,75.13,12.0,2024-05-09,Electrónica,901.56,81,TV,4.78,2024-09-28,2024-10-24,False
2840,Consola de videojuegos,69.43,3.0,2024-05-09,Electrónica,208.29000000000002,50,Email,4.97,2024-05-03,2024-05-28,True
2840,Consola de videojuegos,69.43,3.0,2024-05-09,Electrónica,208.29000000000002,20,RRSS,3.16,2024-07-15,2024-08-03,False
2840,Consola de videojuegos,69.43,3.0,2024-05-09,Electrónica,208.29000000000002,80,TV,4.64,2024-11-01,2024-11-20,False
2974,Auriculares,79.28,2.0,2024-05-09,Electrónica,158.56,47,Email,4.19,2024-06-02,2024-07-22,False
2974,Auriculares,79.28,2.0,2024-05-09,Electrónica,158.56,17,RRSS,6.06,2024-07-15,2024-08-15,False
2974,Auriculares,79.28,2.0,2024-05-09,Electrónica,158.56,77,TV,4.99,2024-11-11,2024-12-06,False
1151,Freidora eléctrica,75.33,11.0,2024-05-10,Electrodomésticos,828.63,71,TV,4.37,2024-06-05,2024-07-24,False
1151,Freidora eléctrica,75.33,11.0,2024-05-10,Electrodomésticos,828.63,41,Email,3.92,2024-11-23,2025-01-01,False
1151,Freidora eléctrica,75.33,11.0,2024-05-10,Electrodomésticos,828.63,11,RRSS,5.27,2024-12-29,2025-01-21,False
1658,Cafetera,94.79,12.0,2024-05-10,Electrodomésticos,1137.48,49,Email,5.2,2024-06-20,2024-07-22,False
1658,Cafetera,94.79,12.0,2024-05-10,Electrodomésticos,1137.48,79,TV,7.26,2024-08-13,2024-10-11,False
1658,Cafetera,94.79,12.0,2024-05-10,Electrodomésticos,1137.48,19,RRSS,5.7,2024-08-19,2024-09-15,False
2131,Parlantes Bluetooth,98.97,7.0,2024-05-10,Electrónica,692.79,84,TV,4.42,2024-04-17,2024-05-05,False
2131,Parlantes Bluetooth,98.97,7.0,2024-05-10,Electrónica,692.79,54,Email,2.95,2024-08-09,2024-09-22,False
2131,Parlantes Bluetooth,98.97,7.0,2024-05-10,Electrónica,692.79,24,RRSS,6.0,2024-09-22,2024-10-26,False
2333,Smartphone,109.48,5.0,2024-05-10,Electrónica,547.4,21,RRSS,6.37,2024-03-29,2024-05-16,True
2333,Smartphone,109.48,5.0,2024-05-10,Electrónica,547.4,51,Email,4.65,2024-05-28,2024-06-15,False
2333,Smartphone,109.48,5.0,2024-05-10,Electrónica,547.4,81,TV,4.78,2024-09-28,2024-10-24,False
2649,Proyector,44.93,5.0,2024-05-10,Electrónica,224.65,67,TV,3.68,2024-05-22,2024-07-12,False
2649,Proyector,44.93,5.0,2024-05-10,Electrónica,224.65,37,Email,3.22,2024-07-06,2024-07-26,False
2649,Proyector,44.93,5.0,2024-05-10,Electrónica,224.65,7,RRSS,5.57,2024-07-30,2024-08-16,False
2679,Proyector,48.62,1.0,2024-05-10,Electrónica,48.62,67,TV,3.68,2024-05-22,2024-07-12,False
2679,Proyector,48.62,1.0,2024-05-10,Electrónica,48.62,37,Email,3.22,2024-07-06,2024-07-26,False
2679,Proyector,48.62,1.0,2024-05-10,Electrónica,48.62,7,RRSS,5.57,2024-07-30,2024-08-16,False
2941,Parlantes Bluetooth,36.25,4.0,2024-05-10,Electrónica,145.0,84,TV,4.42,2024-04-17,2024-05-05,False
2941,Parlantes Bluetooth,36.25,4.0,2024-05-10,Electrónica,145.0,54,Email,2.95,2024-08-09,2024-09-22,False
2941,Parlantes Bluetooth,36.25,4.0,2024-05-10,Electrónica,145.0,24,RRSS,6.0,2024-09-22,2024-10-26,False
219,Lámpara de mesa,114.9,10.0,2024-05-11,Decoración,1149.0,32,Email,5.54,2024-03-28,2024-04-20,False
219,Lámpara de mesa,114.9,10.0,2024-05-11,Decoración,1149.0,2,RRSS,5.88,2024-05-30,2024-06-29,False
219,Lámpara de mesa,114.9,10.0,2024-05-11,Decoración,1149.0,62,TV,4.51,2024-08-26,2024-10-07,False
460,Adorno de pared,93.62,6.0,2024-05-11,Decoración,561.72,74,TV,4.81,2024-03-20,2024-05-03,False
460,Adorno de pared,93.62,6.0,2024-05-11,Decoración,561.72,44,Email,5.08,2024-04-13,2024-05-10,False
460,Adorno de pared,93.62,6.0,2024-05-11,Decoración,561.72,14,RRSS,4.16,2024-10-22,2024-12-21,False
1116,Secadora,56.24,8.0,2024-05-11,Electrodomésticos,449.92,3,RRSS,5.1,2024-07-24,2024-08-30,False
1116,Secadora,56.24,8.0,2024-05-11,Electrodomésticos,449.92,63,TV,5.69,2024-11-03,2024-11-28,False
1116,Secadora,56.24,8.0,2024-05-11,Electrodomésticos,449.92,33,Email,3.8,2024-12-20,2025-01-07,False
1407,Horno eléctrico,97.47,11.0,2024-05-11,Electrodomésticos,1072.17,35,Email,5.65,2024-07-31,2024-09-29,False
1407,Horno eléctrico,97.47,11.0,2024-05-11,Electrodomésticos,1072.17,5,RRSS,5.16,2024-08-22,2024-10-17,False
1407,Horno eléctrico,97.47,11.0,2024-05-11,Electrodomésticos,1072.17,65,TV,3.08,2024-10-23,2024-12-11,False
1468,Cafetera,111.23,2.0,2024-05-11,Electrodomésticos,222.46,49,Email,5.2,2024-06-20,2024-07-22,False
1468,Cafetera,111.23,2.0,2024-05-11,Electrodomésticos,222.46,79,TV,7.26,2024-08-13,2024-10-11,False
1468,Cafetera,111.23,2.0,2024-05-11,Electrodomésticos,222.46,19,RRSS,5.7,2024-08-19,2024-09-15,False
2364,Auriculares,94.13,10.0,2024-05-11,Electrónica,941.3,47,Email,4.19,2024-06-02,2024-07-22,False
2364,Auriculares,94.13,10.0,2024-05-11,Electrónica,941.3,17,RRSS,6.06,2024-07-15,2024-08-15,False
2364,Auriculares,94.13,10.0,2024-05-11,Electrónica,941.3,77,TV,4.99,2024-11-11,2024-12-06,False
2672,Televisor,79.54,1.0,2024-05-11,Electrónica,79.54,29,RRSS,3.96,2024-05-17,2024-06-28,False
2672,Televisor,79.54,1.0,2024-05-11,Electrónica,79.54,59,Email,4.19,2024-11-20,2025-01-19,False
2672,Televisor,79.54,1.0,2024-05-11,Electrónica,79.54,89,TV,4.98,2024-12-13,2025-02-08,False
2772,Televisor,107.31,3.0,2024-05-11,Electrónica,321.93,29,RRSS,3.96,2024-05-17,2024-06-28,False
2772,Televisor,107.31,3.0,2024-05-11,Electrónica,321.93,59,Email,4.19,2024-11-20,2025-01-19,False
2772,Televisor,107.31,3.0,2024-05-11,Electrónica,321.93,89,TV,4.98,2024-12-13,2025-02-08,False
495,Alfombra,90.94,12.0,2024-05-12,Decoración,1091.28,58,Email,4.25,2024-03-31,2024-05-05,False
495,Alfombra,90.94,12.0,2024-05-12,Decoración,1091.28,88,TV,7.39,2024-07-25,2024-08-31,False
495,Alfombra,90.94,12.0,2024-05-12,Decoración,1091.28,28,RRSS,5.82,2024-11-27,2025-01-08,False
973,Espejo decorativo,54.84,5.0,2024-05-12,Decoración,274.20000000000005,83,TV,5.24,2024-05-31,2024-07-08,False
973,Espejo decorativo,54.84,5.0,2024-05-12,Decoración,274.20000000000005,53,Email,4.9,2024-07-17,2024-08-01,False
973,Espejo decorativo,54.84,5.0,2024-05-12,Decoración,274.20000000000005,23,RRSS,4.75,2024-08-28,2024-10-17,False
1269,Batidora,46.78,5.0,2024-05-12,Electrodomésticos,233.9,57,Email,4.48,2024-04-10,2024-06-08,True
1269,Batidora,46.78,5.0,2024-05-12,Electrodomésticos,233.9,87,TV,6.28,2024-08-27,2024-10-11,False
1269,Batidora,46.78,5.0,2024-05-12,Electrodomésticos,233.9,27,RRSS,4.52,2024-11-01,2024-12-08,False
1765,Lavadora,95.85,8.0,2024-05-12,Electrodomésticos,766.8,46,Email,3.63,2024-05-12,2024-05-29,True
1765,Lavadora,95.85,8.0,2024-05-12,Electrodomésticos,766.8,76,TV,4.66,2024-05-26,2024-07-02,False
1765,Lavadora,95.85,8.0,2024-05-12,Electrodomésticos,766.8,16,RRSS,3.56,2024-08-14,2024-09-20,False
1789,Batidora,45.45,12.0,2024-05-12,Electrodomésticos,545.4000000000001,57,Email,4.48,2024-04-10,2024-06-08,True
1789,Batidora,45.45,12.0,2024-05-12,Electrodomésticos,545.4000000000001,87,TV,6.28,2024-08-27,2024-10-11,False
1789,Batidora,45.45,12.0,2024-05-12,Electrodomésticos,545.4000000000001,27,RRSS,4.52,2024-11-01,2024-12-08,False
2860,Consola de videojuegos,100.61,6.0,2024-05-12,Electrónica,603.66,50,Email,4.97,2024-05-03,2024-05-28,True
2860,Consola de videojuegos,100.61,6.0,2024-05-12,Electrónica,603.66,20,RRSS,3.16,2024-07-15,2024-08-03,False
2860,Consola de videojuegos,100.61,6.0,2024-05-12,Electrónica,603.66,80,TV,4.64,2024-11-01,2024-11-20,False
2888,SmartWatch,66.44,3.0,2024-05-12,Electrónica,199.32,85,TV,5.07,2024-04-01,2024-05-05,False
2888,SmartWatch,66.44,3.0,2024-05-12,Electrónica,199.32,55,Email,4.59,2024-10-13,2024-12-06,False
2888,SmartWatch,66.44,3.0,2024-05-12,Electrónica,199.32,25,RRSS,4.84,2024-11-23,2024-12-29,False
147,Elementos de cerámica,32.0,2.0,2024-05-13,Decoración,64.0,22,RRSS,5.44,2024-06-26,2024-07-15,False
147,Elementos de cerámica,32.0,2.0,2024-05-13,Decoración,64.0,82,TV,5.69,2024-09-08,2024-10-12,False
147,Elementos de cerámica,32.0,2.0,2024-05-13,Decoración,64.0,52,Email,5.74,2024-09-09,2024-09-30,False
1087,Horno eléctrico,52.09,7.0,2024-05-13,Electrodomésticos,364.63,35,Email,5.65,2024-07-31,2024-09-29,False
1087,Horno eléctrico,52.09,7.0,2024-05-13,Electrodomésticos,364.63,5,RRSS,5.16,2024-08-22,2024-10-17,False
1087,Horno eléctrico,52.09,7.0,2024-05-13,Electrodomésticos,364.63,65,TV,3.08,2024-10-23,2024-12-11,False
1103,Microondas,96.18,2.0,2024-05-13,Electrodomésticos,192.36,56,Email,4.94,2024-08-06,2024-08-25,False
1103,Microondas,96.18,2.0,2024-05-13,Electrodomésticos,192.36,26,RRSS,5.0,2024-09-25,2024-10-14,False
1103,Microondas,96.18,2.0,2024-05-13,Electrodomésticos,192.36,86,TV,4.25,2024-09-25,2024-11-15,False
1682,Heladera,47.08,1.0,2024-05-13,Electrodomésticos,47.08,34,Email,4.2,2024-05-06,2024-07-05,True
1682,Heladera,47.08,1.0,2024-05-13,Electrodomésticos,47.08,4,RRSS,4.53,2024-05-31,2024-07-15,False
1682,Heladera,47.08,1.0,2024-05-13,Electrodomésticos,47.08,64,TV,4.38,2024-07-10,2024-08-09,False
1966,Secadora,27.27,9.0,2024-05-13,Electrodomésticos,245.43,3,RRSS,5.1,2024-07-24,2024-08-30,False
1966,Secadora,27.27,9.0,2024-05-13,Electrodomésticos,245.43,63,TV,5.69,2024-11-03,2024-11-28,False
1966,Secadora,27.27,9.0,2024-05-13,Electrodomésticos,245.43,33,Email,3.8,2024-12-20,2025-01-07,False
2022,Televisor,112.05,3.0,2024-05-13,Electrónica,336.15,29,RRSS,3.96,2024-05-17,2024-06-28,False
2022,Televisor,112.05,3.0,2024-05-13,Electrónica,336.15,59,Email,4.19,2024-11-20,2025-01-19,False
2022,Televisor,112.05,3.0,2024-05-13,Electrónica,336.15,89,TV,4.98,2024-12-13,2025-02-08,False
2177,Cámara digital,55.84,7.0,2024-05-13,Electrónica,390.88,18,RRSS,5.46,2024-07-16,2024-09-13,False
2177,Cámara digital,55.84,7.0,2024-05-13,Electrónica,390.88,78,TV,4.1,2024-08-02,2024-09-20,False
2177,Cámara digital,55.84,7.0,2024-05-13,Electrónica,390.88,48,Email,6.84,2024-10-31,2024-12-09,False
2776,Laptop,85.59,1.0,2024-05-13,Electrónica,85.59,60,Email,4.89,2024-09-28,2024-10-27,False
2776,Laptop,85.59,1.0,2024-05-13,Electrónica,85.59,30,RRSS,4.68,2024-10-23,2024-11-24,False
2776,Laptop,85.59,1.0,2024-05-13,Electrónica,85.59,90,TV,5.62,2024-11-16,2025-01-13,False
2797,Cámara digital,53.44,11.0,2024-05-13,Electrónica,587.8399999999999,18,RRSS,5.46,2024-07-16,2024-09-13,False
2797,Cámara digital,53.44,11.0,2024-05-13,Electrónica,587.8399999999999,78,TV,4.1,2024-08-02,2024-09-20,False
2797,Cámara digital,53.44,11.0,2024-05-13,Electrónica,587.8399999999999,48,Email,6.84,2024-10-31,2024-12-09,False
2875,Auriculares,55.41,10.0,2024-05-13,Electrónica,554.0999999999999,47,Email,4.19,2024-06-02,2024-07-22,False
2875,Auriculares,55.41,10.0,2024-05-13,Electrónica,554.0999999999999,17,RRSS,6.06,2024-07-15,2024-08-15,False
2875,Auriculares,55.41,10.0,2024-05-13,Electrónica,554.0999999999999,77,TV,4.99,2024-11-11,2024-12-06,False
214,Jarrón decorativo,83.4,6.0,2024-05-14,Decoración,500.40000000000003,15,RRSS,4.65,2024-05-09,2024-06-13,True
214,Jarrón decorativo,83.4,6.0,2024-05-14,Decoración,500.40000000000003,45,Email,4.52,2024-06-05,2024-07-31,False
214,Jarrón decorativo,83.4,6.0,2024-05-14,Decoración,500.40000000000003,75,TV,4.1,2024-11-03,2024-12-25,False
286,Cortinas,94.53,4.0,2024-05-14,Decoración,378.12,43,Email,5.67,2024-05-02,2024-06-17,True
286,Cortinas,94.53,4.0,2024-05-14,Decoración,378.12,73,TV,6.47,2024-08-17,2024-09-26,False
286,Cortinas,94.53,4.0,2024-05-14,Decoración,378.12,13,RRSS,5.22,2024-09-16,2024-10-15,False
609,Lámpara de mesa,78.44,9.0,2024-05-14,Decoración,705.96,32,Email,5.54,2024-03-28,2024-04-20,False
609,Lámpara de mesa,78.44,9.0,2024-05-14,Decoración,705.96,2,RRSS,5.88,2024-05-30,2024-06-29,False
609,Lámpara de mesa,78.44,9.0,2024-05-14,Decoración,705.96,62,TV,4.51,2024-08-26,2024-10-07,False
1122,Heladera,38.84,5.0,2024-05-14,Electrodomésticos,194.20000000000002,34,Email,4.2,2024-05-06,2024-07-05,True
1122,Heladera,38.84,5.0,2024-05-14,Electrodomésticos,194.20000000000002,4,RRSS,4.53,2024-05-31,2024-07-15,False
1122,Heladera,38.84,5.0,2024-05-14,Electrodomésticos,194.20000000000002,64,TV,4.38,2024-07-10,2024-08-09,False
1787,Horno eléctrico,49.02,5.0,2024-05-14,Electrodomésticos,245.10000000000002,35,Email,5.65,2024-07-31,2024-09-29,False
1787,Horno eléctrico,49.02,5.0,2024-05-14,Electrodomésticos,245.10000000000002,5,RRSS,5.16,2024-08-22,2024-10-17,False
1787,Horno eléctrico,49.02,5.0,2024-05-14,Electrodomésticos,245.10000000000002,65,TV,3.08,2024-10-23,2024-12-11,False
1955,Lavadora,27.86,6.0,2024-05-14,Electrodomésticos,167.16,46,Email,3.63,2024-05-12,2024-05-29,True
1955,Lavadora,27.86,6.0,2024-05-14,Electrodomésticos,167.16,76,TV,4.66,2024-05-26,2024-07-02,False
1955,Lavadora,27.86,6.0,2024-05-14,Electrodomésticos,167.16,16,RRSS,3.56,2024-08-14,2024-09-20,False
2213,Smartphone,30.51,9.0,2024-05-14,Electrónica,274.59000000000003,21,RRSS,6.37,2024-03-29,2024-05-16,True
2213,Smartphone,30.51,9.0,2024-05-14,Electrónica,274.59000000000003,51,Email,4.65,2024-05-28,2024-06-15,False
2213,Smartphone,30.51,9.0,2024-05-14,Electrónica,274.59000000000003,81,TV,4.78,2024-09-28,2024-10-24,False
2635,Auriculares,96.21,11.0,2024-05-14,Electrónica,1058.31,47,Email,4.19,2024-06-02,2024-07-22,False
2635,Auriculares,96.21,11.0,2024-05-14,Electrónica,1058.31,17,RRSS,6.06,2024-07-15,2024-08-15,False
2635,Auriculares,96.21,11.0,2024-05-14,Electrónica,1058.31,77,TV,4.99,2024-11-11,2024-12-06,False
2956,Laptop,83.54,5.0,2024-05-14,Electrónica,417.70000000000005,60,Email,4.89,2024-09-28,2024-10-27,False
2956,Laptop,83.54,5.0,2024-05-14,Electrónica,417.70000000000005,30,RRSS,4.68,2024-10-23,2024-11-24,False
2956,Laptop,83.54,5.0,2024-05-14,Electrónica,417.70000000000005,90,TV,5.62,2024-11-16,2025-01-13,False
678,Rincón de plantas,88.93,6.0,2024-05-15,Decoración,533.58,38,Email,5.76,2024-06-14,2024-07-15,False
678,Rincón de plantas,88.93,6.0,2024-05-15,Decoración,533.58,8,RRSS,4.88,2024-08-03,2024-08-18,False
678,Rincón de plantas,88.93,6.0,2024-05-15,Decoración,533.58,68,TV,5.81,2024-12-17,2025-02-14,False
1257,Horno eléctrico,113.04,8.0,2024-05-15,Electrodomésticos,904.32,35,Email,5.65,2024-07-31,2024-09-29,False
1257,Horno eléctrico,113.04,8.0,2024-05-15,Electrodomésticos,904.32,5,RRSS,5.16,2024-08-22,2024-10-17,False
1257,Horno eléctrico,113.04,8.0,2024-05-15,Electrodomésticos,904.32,65,TV,3.08,2024-10-23,2024-12-11,False
1540,Plancha de vapor,47.1,3.0,2024-05-15,Electrodomésticos,141.3,36,Email,5.41,2024-04-02,2024-06-01,True
1540,Plancha de vapor,47.1,3.0,2024-05-15,Electrodomésticos,141.3,6,RRSS,4.02,2024-09-24,2024-11-02,False
1540,Plancha de vapor,47.1,3.0,2024-05-15,Electrodomésticos,141.3,66,TV,4.69,2024-10-04,2024-10-23,False
1739,Batidora,30.74,10.0,2024-05-15,Electrodomésticos,307.4,57,Email,4.48,2024-04-10,2024-06-08,True
1739,Batidora,30.74,10.0,2024-05-15,Electrodomésticos,307.4,87,TV,6.28,2024-08-27,2024-10-11,False
1739,Batidora,30.74,10.0,2024-05-15,Electrodomésticos,307.4,27,RRSS,4.52,2024-11-01,2024-12-08,False
1777,Horno eléctrico,102.82,8.0,2024-05-15,Electrodomésticos,822.56,35,Email,5.65,2024-07-31,2024-09-29,False
1777,Horno eléctrico,102.82,8.0,2024-05-15,Electrodomésticos,822.56,5,RRSS,5.16,2024-08-22,2024-10-17,False
1777,Horno eléctrico,102.82,8.0,2024-05-15,Electrodomésticos,822.56,65,TV,3.08,2024-10-23,2024-12-11,False
1778,Cafetera,112.18,12.0,2024-05-15,Electrodomésticos,1346.16,49,Email,5.2,2024-06-20,2024-07-22,False
1778,Cafetera,112.18,12.0,2024-05-15,Electrodomésticos,1346.16,79,TV,7.26,2024-08-13,2024-10-11,False
1778,Cafetera,112.18,12.0,2024-05-15,Electrodomésticos,1346.16,19,RRSS,5.7,2024-08-19,2024-09-15,False
2726,Laptop,70.78,12.0,2024-05-15,Electrónica,849.36,60,Email,4.89,2024-09-28,2024-10-27,False
2726,Laptop,70.78,12.0,2024-05-15,Electrónica,849.36,30,RRSS,4.68,2024-10-23,2024-11-24,False
2726,Laptop,70.78,12.0,2024-05-15,Electrónica,849.36,90,TV,5.62,2024-11-16,2025-01-13,False
2733,Smartphone,75.31,5.0,2024-05-15,Electrónica,376.55,21,RRSS,6.37,2024-03-29,2024-05-16,True
2733,Smartphone,75.31,5.0,2024-05-15,Electrónica,376.55,51,Email,4.65,2024-05-28,2024-06-15,False
2733,Smartphone,75.31,5.0,2024-05-15,Electrónica,376.55,81,TV,4.78,2024-09-28,2024-10-24,False
2972,Televisor,91.67,2.0,2024-05-15,Electrónica,183.34,29,RRSS,3.96,2024-05-17,2024-06-28,False
2972,Televisor,91.67,2.0,2024-05-15,Electrónica,183.34,59,Email,4.19,2024-11-20,2025-01-19,False
2972,Televisor,91.67,2.0,2024-05-15,Electrónica,183.34,89,TV,4.98,2024-12-13,2025-02-08,False
660,Adorno de pared,71.13,9.0,2024-05-16,Decoración,640.17,74,TV,4.81,2024-03-20,2024-05-03,False
660,Adorno de pared,71.13,9.0,2024-05-16,Decoración,640.17,44,Email,5.08,2024-04-13,2024-05-10,False
660,Adorno de pared,71.13,9.0,2024-05-16,Decoración,640.17,14,RRSS,4.16,2024-10-22,2024-12-21,False
736,Cortinas,73.3,5.0,2024-05-16,Decoración,366.5,43,Email,5.67,2024-05-02,2024-06-17,True
736,Cortinas,73.3,5.0,2024-05-16,Decoración,366.5,73,TV,6.47,2024-08-17,2024-09-26,False
736,Cortinas,73.3,5.0,2024-05-16,Decoración,366.5,13,RRSS,5.22,2024-09-16,2024-10-15,False
1606,Secadora,105.33,5.0,2024-05-16,Electrodomésticos,526.65,3,RRSS,5.1,2024-07-24,2024-08-30,False
1606,Secadora,105.33,5.0,2024-05-16,Electrodomésticos,526.65,63,TV,5.69,2024-11-03,2024-11-28,False
1606,Secadora,105.33,5.0,2024-05-16,Electrodomésticos,526.65,33,Email,3.8,2024-12-20,2025-01-07,False
1756,Secadora,113.61,11.0,2024-05-16,Electrodomésticos,1249.71,3,RRSS,5.1,2024-07-24,2024-08-30,False
1756,Secadora,113.61,11.0,2024-05-16,Electrodomésticos,1249.71,63,TV,5.69,2024-11-03,2024-11-28,False
1756,Secadora,113.61,11.0,2024-05-16,Electrodomésticos,1249.71,33,Email,3.8,2024-12-20,2025-01-07,False
1823,Microondas,119.18,6.0,2024-05-16,Electrodomésticos,715.08,56,Email,4.94,2024-08-06,2024-08-25,False
1823,Microondas,119.18,6.0,2024-05-16,Electrodomésticos,715.08,26,RRSS,5.0,2024-09-25,2024-10-14,False
1823,Microondas,119.18,6.0,2024-05-16,Electrodomésticos,715.08,86,TV,4.25,2024-09-25,2024-11-15,False
2509,Proyector,46.93,2.0,2024-05-16,Electrónica,93.86,67,TV,3.68,2024-05-22,2024-07-12,False
2509,Proyector,46.93,2.0,2024-05-16,Electrónica,93.86,37,Email,3.22,2024-07-06,2024-07-26,False
2509,Proyector,46.93,2.0,2024-05-16,Electrónica,93.86,7,RRSS,5.57,2024-07-30,2024-08-16,False
2931,Parlantes Bluetooth,110.22,2.0,2024-05-16,Electrónica,220.44,84,TV,4.42,2024-04-17,2024-05-05,False
2931,Parlantes Bluetooth,110.22,2.0,2024-05-16,Electrónica,220.44,54,Email,2.95,2024-08-09,2024-09-22,False
2931,Parlantes Bluetooth,110.22,2.0,2024-05-16,Electrónica,220.44,24,RRSS,6.0,2024-09-22,2024-10-26,False
244,Jarrón decorativo,64.62,8.0,2024-05-17,Decoración,516.96,15,RRSS,4.65,2024-05-09,2024-06-13,True
244,Jarrón decorativo,64.62,8.0,2024-05-17,Decoración,516.96,45,Email,4.52,2024-06-05,2024-07-31,False
244,Jarrón decorativo,64.62,8.0,2024-05-17,Decoración,516.96,75,TV,4.1,2024-11-03,2024-12-25,False
448,Rincón de plantas,99.24,9.0,2024-05-17,Decoración,893.16,38,Email,5.76,2024-06-14,2024-07-15,False
448,Rincón de plantas,99.24,9.0,2024-05-17,Decoración,893.16,8,RRSS,4.88,2024-08-03,2024-08-18,False
448,Rincón de plantas,99.24,9.0,2024-05-17,Decoración,893.16,68,TV,5.81,2024-12-17,2025-02-14,False
667,Elementos de cerámica,45.2,9.0,2024-05-17,Decoración,406.8,22,RRSS,5.44,2024-06-26,2024-07-15,False
667,Elementos de cerámica,45.2,9.0,2024-05-17,Decoración,406.8,82,TV,5.69,2024-09-08,2024-10-12,False
667,Elementos de cerámica,45.2,9.0,2024-05-17,Decoración,406.8,52,Email,5.74,2024-09-09,2024-09-30,False
1006,Secadora,116.9,5.0,2024-05-17,Electrodomésticos,584.5,3,RRSS,5.1,2024-07-24,2024-08-30,False
1006,Secadora,116.9,5.0,2024-05-17,Electrodomésticos,584.5,63,TV,5.69,2024-11-03,2024-11-28,False
1006,Secadora,116.9,5.0,2024-05-17,Electrodomésticos,584.5,33,Email,3.8,2024-12-20,2025-01-07,False
1181,Freidora eléctrica,85.03,4.0,2024-05-17,Electrodomésticos,340.12,71,TV,4.37,2024-06-05,2024-07-24,False
1181,Freidora eléctrica,85.03,4.0,2024-05-17,Electrodomésticos,340.12,41,Email,3.92,2024-11-23,2025-01-01,False
1181,Freidora eléctrica,85.03,4.0,2024-05-17,Electrodomésticos,340.12,11,RRSS,5.27,2024-12-29,2025-01-21,False
1300,Plancha de vapor,93.91,7.0,2024-05-17,Electrodomésticos,657.37,36,Email,5.41,2024-04-02,2024-06-01,True
1300,Plancha de vapor,93.91,7.0,2024-05-17,Electrodomésticos,657.37,6,RRSS,4.02,2024-09-24,2024-11-02,False
1300,Plancha de vapor,93.91,7.0,2024-05-17,Electrodomésticos,657.37,66,TV,4.69,2024-10-04,2024-10-23,False
1773,Microondas,75.48,1.0,2024-05-17,Electrodomésticos,75.48,56,Email,4.94,2024-08-06,2024-08-25,False
1773,Microondas,75.48,1.0,2024-05-17,Electrodomésticos,75.48,26,RRSS,5.0,2024-09-25,2024-10-14,False
1773,Microondas,75.48,1.0,2024-05-17,Electrodomésticos,75.48,86,TV,4.25,2024-09-25,2024-11-15,False
2061,Parlantes Bluetooth,81.99,8.0,2024-05-17,Electrónica,655.92,84,TV,4.42,2024-04-17,2024-05-05,False
2061,Parlantes Bluetooth,81.99,8.0,2024-05-17,Electrónica,655.92,54,Email,2.95,2024-08-09,2024-09-22,False
2061,Parlantes Bluetooth,81.99,8.0,2024-05-17,Electrónica,655.92,24,RRSS,6.0,2024-09-22,2024-10-26,False
2609,Proyector,30.02,2.0,2024-05-17,Electrónica,60.04,67,TV,3.68,2024-05-22,2024-07-12,False
2609,Proyector,30.02,2.0,2024-05-17,Electrónica,60.04,37,Email,3.22,2024-07-06,2024-07-26,False
2609,Proyector,30.02,2.0,2024-05-17,Electrónica,60.04,7,RRSS,5.57,2024-07-30,2024-08-16,False
2767,Cámara digital,42.61,11.0,2024-05-17,Electrónica,468.71,18,RRSS,5.46,2024-07-16,2024-09-13,False
2767,Cámara digital,42.61,11.0,2024-05-17,Electrónica,468.71,78,TV,4.1,2024-08-02,2024-09-20,False
2767,Cámara digital,42.61,11.0,2024-05-17,Electrónica,468.71,48,Email,6.84,2024-10-31,2024-12-09,False
2823,Smartphone,61.76,11.0,2024-05-17,Electrónica,679.36,21,RRSS,6.37,2024-03-29,2024-05-16,False
2823,Smartphone,61.76,11.0,2024-05-17,Electrónica,679.36,51,Email,4.65,2024-05-28,2024-06-15,False
2823,Smartphone,61.76,11.0,2024-05-17,Electrónica,679.36,81,TV,4.78,2024-09-28,2024-10-24,False
2971,Parlantes Bluetooth,74.59,7.0,2024-05-17,Electrónica,522.13,84,TV,4.42,2024-04-17,2024-05-05,False
2971,Parlantes Bluetooth,74.59,7.0,2024-05-17,Electrónica,522.13,54,Email,2.95,2024-08-09,2024-09-22,False
2971,Parlantes Bluetooth,74.59,7.0,2024-05-17,Electrónica,522.13,24,RRSS,6.0,2024-09-22,2024-10-26,False
2999,Consola de videojuegos,52.08,4.0,2024-05-17,Electrónica,208.32,50,Email,4.97,2024-05-03,2024-05-28,True
2999,Consola de videojuegos,52.08,4.0,2024-05-17,Electrónica,208.32,20,RRSS,3.16,2024-07-15,2024-08-03,False
2999,Consola de videojuegos,52.08,4.0,2024-05-17,Electrónica,208.32,80,TV,4.64,2024-11-01,2024-11-20,False
477,Elementos de cerámica,81.02,1.0,2024-05-18,Decoración,81.02,22,RRSS,5.44,2024-06-26,2024-07-15,False
477,Elementos de cerámica,81.02,1.0,2024-05-18,Decoración,81.02,82,TV,5.69,2024-09-08,2024-10-12,False
477,Elementos de cerámica,81.02,1.0,2024-05-18,Decoración,81.02,52,Email,5.74,2024-09-09,2024-09-30,False
920,Adorno de pared,39.6,8.0,2024-05-18,Decoración,316.8,74,TV,4.81,2024-03-20,2024-05-03,False
920,Adorno de pared,39.6,8.0,2024-05-18,Decoración,316.8,44,Email,5.08,2024-04-13,2024-05-10,False
920,Adorno de pared,39.6,8.0,2024-05-18,Decoración,316.8,14,RRSS,4.16,2024-10-22,2024-12-21,False
1066,Secadora,62.98,9.0,2024-05-18,Electrodomésticos,566.8199999999999,3,RRSS,5.1,2024-07-24,2024-08-30,False
1066,Secadora,62.98,9.0,2024-05-18,Electrodomésticos,566.8199999999999,63,TV,5.69,2024-11-03,2024-11-28,False
1066,Secadora,62.98,9.0,2024-05-18,Electrodomésticos,566.8199999999999,33,Email,3.8,2024-12-20,2025-01-07,False
1176,Secadora,118.64,11.0,2024-05-18,Electrodomésticos,1305.04,3,RRSS,5.1,2024-07-24,2024-08-30,False
1176,Secadora,118.64,11.0,2024-05-18,Electrodomésticos,1305.04,63,TV,5.69,2024-11-03,2024-11-28,False
1176,Secadora,118.64,11.0,2024-05-18,Electrodomésticos,1305.04,33,Email,3.8,2024-12-20,2025-01-07,False
1708,Cafetera,30.63,11.0,2024-05-18,Electrodomésticos,336.93,49,Email,5.2,2024-06-20,2024-07-22,False
1708,Cafetera,30.63,11.0,2024-05-18,Electrodomésticos,336.93,79,TV,7.26,2024-08-13,2024-10-11,False
1708,Cafetera,30.63,11.0,2024-05-18,Electrodomésticos,336.93,19,RRSS,5.7,2024-08-19,2024-09-15,False
2288,SmartWatch,42.66,11.0,2024-05-18,Electrónica,469.26,85,TV,5.07,2024-04-01,2024-05-05,False
2288,SmartWatch,42.66,11.0,2024-05-18,Electrónica,469.26,55,Email,4.59,2024-10-13,2024-12-06,False
2288,SmartWatch,42.66,11.0,2024-05-18,Electrónica,469.26,25,RRSS,4.84,2024-11-23,2024-12-29,False
2289,Proyector,60.8,4.0,2024-05-18,Electrónica,243.2,67,TV,3.68,2024-05-22,2024-07-12,False
2289,Proyector,60.8,4.0,2024-05-18,Electrónica,243.2,37,Email,3.22,2024-07-06,2024-07-26,False
2289,Proyector,60.8,4.0,2024-05-18,Electrónica,243.2,7,RRSS,5.57,2024-07-30,2024-08-16,False
2409,Proyector,79.11,10.0,2024-05-18,Electrónica,791.1,67,TV,3.68,2024-05-22,2024-07-12,False
2409,Proyector,79.11,10.0,2024-05-18,Electrónica,791.1,37,Email,3.22,2024-07-06,2024-07-26,False
2409,Proyector,79.11,10.0,2024-05-18,Electrónica,791.1,7,RRSS,5.57,2024-07-30,2024-08-16,False
2612,Televisor,96.38,11.0,2024-05-18,Electrónica,1060.1799999999998,29,RRSS,3.96,2024-05-17,2024-06-28,True
2612,Televisor,96.38,11.0,2024-05-18,Electrónica,1060.1799999999998,59,Email,4.19,2024-11-20,2025-01-19,False
2612,Televisor,96.38,11.0,2024-05-18,Electrónica,1060.1799999999998,89,TV,4.98,2024-12-13,2025-02-08,False
2904,Tablet,93.31,3.0,2024-05-18,Electrónica,279.93,12,RRSS,3.4,2024-03-26,2024-05-13,False
2904,Tablet,93.31,3.0,2024-05-18,Electrónica,279.93,72,TV,4.9,2024-07-08,2024-09-03,False
2904,Tablet,93.31,3.0,2024-05-18,Electrónica,279.93,42,Email,4.42,2024-07-14,2024-09-03,False
405,Alfombra,33.36,10.0,2024-05-19,Decoración,333.6,58,Email,4.25,2024-03-31,2024-05-05,False
405,Alfombra,33.36,10.0,2024-05-19,Decoración,333.6,88,TV,7.39,2024-07-25,2024-08-31,False
405,Alfombra,33.36,10.0,2024-05-19,Decoración,333.6,28,RRSS,5.82,2024-11-27,2025-01-08,False
575,Alfombra,110.42,11.0,2024-05-19,Decoración,1214.6200000000001,58,Email,4.25,2024-03-31,2024-05-05,False
575,Alfombra,110.42,11.0,2024-05-19,Decoración,1214.6200000000001,88,TV,7.39,2024-07-25,2024-08-31,False
575,Alfombra,110.42,11.0,2024-05-19,Decoración,1214.6200000000001,28,RRSS,5.82,2024-11-27,2025-01-08,False
721,Lámpara de mesa,74.42,5.0,2024-05-19,Decoración,372.1,32,Email,5.54,2024-03-28,2024-04-20,False
721,Lámpara de mesa,74.42,5.0,2024-05-19,Decoración,372.1,2,RRSS,5.88,2024-05-30,2024-06-29,False
721,Lámpara de mesa,74.42,5.0,2024-05-19,Decoración,372.1,62,TV,4.51,2024-08-26,2024-10-07,False
908,Rincón de plantas,106.89,1.0,2024-05-19,Decoración,106.89,38,Email,5.76,2024-06-14,2024-07-15,False
908,Rincón de plantas,106.89,1.0,2024-05-19,Decoración,106.89,8,RRSS,4.88,2024-08-03,2024-08-18,False
908,Rincón de plantas,106.89,1.0,2024-05-19,Decoración,106.89,68,TV,5.81,2024-12-17,2025-02-14,False
1377,Horno eléctrico,110.65,8.0,2024-05-19,Electrodomésticos,885.2,35,Email,5.65,2024-07-31,2024-09-29,False
1377,Horno eléctrico,110.65,8.0,2024-05-19,Electrodomésticos,885.2,5,RRSS,5.16,2024-08-22,2024-10-17,False
1377,Horno eléctrico,110.65,8.0,2024-05-19,Electrodomésticos,885.2,65,TV,3.08,2024-10-23,2024-12-11,False
1667,Horno eléctrico,108.28,8.0,2024-05-19,Electrodomésticos,866.24,35,Email,5.65,2024-07-31,2024-09-29,False
1667,Horno eléctrico,108.28,8.0,2024-05-19,Electrodomésticos,866.24,5,RRSS,5.16,2024-08-22,2024-10-17,False
1667,Horno eléctrico,108.28,8.0,2024-05-19,Electrodomésticos,866.24,65,TV,3.08,2024-10-23,2024-12-11,False
1905,Lavadora,49.5,5.0,2024-05-19,Electrodomésticos,247.5,46,Email,3.63,2024-05-12,2024-05-29,True
1905,Lavadora,49.5,5.0,2024-05-19,Electrodomésticos,247.5,76,TV,4.66,2024-05-26,2024-07-02,False
1905,Lavadora,49.5,5.0,2024-05-19,Electrodomésticos,247.5,16,RRSS,3.56,2024-08-14,2024-09-20,False
2582,Televisor,69.3,6.0,2024-05-19,Electrónica,415.79999999999995,29,RRSS,3.96,2024-05-17,2024-06-28,True
2582,Televisor,69.3,6.0,2024-05-19,Electrónica,415.79999999999995,59,Email,4.19,2024-11-20,2025-01-19,False
2582,Televisor,69.3,6.0,2024-05-19,Electrónica,415.79999999999995,89,TV,4.98,2024-12-13,2025-02-08,False
2978,SmartWatch,115.44,9.0,2024-05-19,Electrónica,1038.96,85,TV,5.07,2024-04-01,2024-05-05,False
2978,SmartWatch,115.44,9.0,2024-05-19,Electrónica,1038.96,55,Email,4.59,2024-10-13,2024-12-06,False
2978,SmartWatch,115.44,9.0,2024-05-19,Electrónica,1038.96,25,RRSS,4.84,2024-11-23,2024-12-29,False
453,Espejo decorativo,55.4,9.0,2024-05-20,Decoración,498.59999999999997,83,TV,5.24,2024-05-31,2024-07-08,False
453,Espejo decorativo,55.4,9.0,2024-05-20,Decoración,498.59999999999997,53,Email,4.9,2024-07-17,2024-08-01,False
453,Espejo decorativo,55.4,9.0,2024-05-20,Decoración,498.59999999999997,23,RRSS,4.75,2024-08-28,2024-10-17,False
762,Cuadro decorativo,65.61,9.0,2024-05-20,Decoración,590.49,1,RRSS,5.27,2024-04-27,2024-06-04,True
762,Cuadro decorativo,65.61,9.0,2024-05-20,Decoración,590.49,31,Email,5.28,2024-08-15,2024-09-12,False
762,Cuadro decorativo,65.61,9.0,2024-05-20,Decoración,590.49,61,TV,5.3,2024-11-05,2024-12-23,False
918,Rincón de plantas,104.95,9.0,2024-05-20,Decoración,944.5500000000001,38,Email,5.76,2024-06-14,2024-07-15,False
918,Rincón de plantas,104.95,9.0,2024-05-20,Decoración,944.5500000000001,8,RRSS,4.88,2024-08-03,2024-08-18,False
918,Rincón de plantas,104.95,9.0,2024-05-20,Decoración,944.5500000000001,68,TV,5.81,2024-12-17,2025-02-14,False
976,Cortinas,114.76,11.0,2024-05-20,Decoración,1262.3600000000001,43,Email,5.67,2024-05-02,2024-06-17,True
976,Cortinas,114.76,11.0,2024-05-20,Decoración,1262.3600000000001,73,TV,6.47,2024-08-17,2024-09-26,False
976,Cortinas,114.76,11.0,2024-05-20,Decoración,1262.3600000000001,13,RRSS,5.22,2024-09-16,2024-10-15,False
1104,Aspiradora,76.2,5.0,2024-05-20,Electrodomésticos,381.0,40,Email,6.24,2024-06-24,2024-08-12,False
1104,Aspiradora,76.2,5.0,2024-05-20,Electrodomésticos,381.0,10,RRSS,7.16,2024-08-19,2024-09-19,False
1104,Aspiradora,76.2,5.0,2024-05-20,Electrodomésticos,381.0,70,TV,3.06,2024-12-13,2024-12-29,False
1351,Freidora eléctrica,69.09,2.0,2024-05-20,Electrodomésticos,138.18,71,TV,4.37,2024-06-05,2024-07-24,False
1351,Freidora eléctrica,69.09,2.0,2024-05-20,Electrodomésticos,138.18,41,Email,3.92,2024-11-23,2025-01-01,False
1351,Freidora eléctrica,69.09,2.0,2024-05-20,Electrodomésticos,138.18,11,RRSS,5.27,2024-12-29,2025-01-21,False
1694,Aspiradora,79.23,9.0,2024-05-20,Electrodomésticos,713.07,40,Email,6.24,2024-06-24,2024-08-12,False
1694,Aspiradora,79.23,9.0,2024-05-20,Electrodomésticos,713.07,10,RRSS,7.16,2024-08-19,2024-09-19,False
1694,Aspiradora,79.23,9.0,2024-05-20,Electrodomésticos,713.07,70,TV,3.06,2024-12-13,2024-12-29,False
2482,Televisor,43.31,1.0,2024-05-20,Electrónica,43.31,29,RRSS,3.96,2024-05-17,2024-06-28,True
2482,Televisor,43.31,1.0,2024-05-20,Electrónica,43.31,59,Email,4.19,2024-11-20,2025-01-19,False
2482,Televisor,43.31,1.0,2024-05-20,Electrónica,43.31,89,TV,4.98,2024-12-13,2025-02-08,False
44,Jarrón decorativo,118.28,11.0,2024-05-21,Decoración,1301.08,15,RRSS,4.65,2024-05-09,2024-06-13,True
44,Jarrón decorativo,118.28,11.0,2024-05-21,Decoración,1301.08,45,Email,4.52,2024-06-05,2024-07-31,False
44,Jarrón decorativo,118.28,11.0,2024-05-21,Decoración,1301.08,75,TV,4.1,2024-11-03,2024-12-25,False
54,Jarrón decorativo,49.21,4.0,2024-05-21,Decoración,196.84,15,RRSS,4.65,2024-05-09,2024-06-13,True
54,Jarrón decorativo,49.21,4.0,2024-05-21,Decoración,196.84,45,Email,4.52,2024-06-05,2024-07-31,False
54,Jarrón decorativo,49.21,4.0,2024-05-21,Decoración,196.84,75,TV,4.1,2024-11-03,2024-12-25,False
106,Cortinas,101.89,7.0,2024-05-21,Decoración,713.23,43,Email,5.67,2024-05-02,2024-06-17,True
106,Cortinas,101.89,7.0,2024-05-21,Decoración,713.23,73,TV,6.47,2024-08-17,2024-09-26,False
106,Cortinas,101.89,7.0,2024-05-21,Decoración,713.23,13,RRSS,5.22,2024-09-16,2024-10-15,False
319,Lámpara de mesa,93.24,9.0,2024-05-21,Decoración,839.16,32,Email,5.54,2024-03-28,2024-04-20,False
319,Lámpara de mesa,93.24,9.0,2024-05-21,Decoración,839.16,2,RRSS,5.88,2024-05-30,2024-06-29,False
319,Lámpara de mesa,93.24,9.0,2024-05-21,Decoración,839.16,62,TV,4.51,2024-08-26,2024-10-07,False
414,Jarrón decorativo,33.06,2.0,2024-05-21,Decoración,66.12,15,RRSS,4.65,2024-05-09,2024-06-13,True
414,Jarrón decorativo,33.06,2.0,2024-05-21,Decoración,66.12,45,Email,4.52,2024-06-05,2024-07-31,False
414,Jarrón decorativo,33.06,2.0,2024-05-21,Decoración,66.12,75,TV,4.1,2024-11-03,2024-12-25,False
981,Lámpara de mesa,83.12,9.0,2024-05-21,Decoración,748.08,32,Email,5.54,2024-03-28,2024-04-20,False
981,Lámpara de mesa,83.12,9.0,2024-05-21,Decoración,748.08,2,RRSS,5.88,2024-05-30,2024-06-29,False
981,Lámpara de mesa,83.12,9.0,2024-05-21,Decoración,748.08,62,TV,4.51,2024-08-26,2024-10-07,False
1024,Aspiradora,35.94,11.0,2024-05-21,Electrodomésticos,395.34,40,Email,6.24,2024-06-24,2024-08-12,False
1024,Aspiradora,35.94,11.0,2024-05-21,Electrodomésticos,395.34,10,RRSS,7.16,2024-08-19,2024-09-19,False
1024,Aspiradora,35.94,11.0,2024-05-21,Electrodomésticos,395.34,70,TV,3.06,2024-12-13,2024-12-29,False
1479,Batidora,121.07,1.0,2024-05-21,Electrodomésticos,121.07,57,Email,4.48,2024-04-10,2024-06-08,True
1479,Batidora,121.07,1.0,2024-05-21,Electrodomésticos,121.07,87,TV,6.28,2024-08-27,2024-10-11,False
1479,Batidora,121.07,1.0,2024-05-21,Electrodomésticos,121.07,27,RRSS,4.52,2024-11-01,2024-12-08,False
1883,Microondas,34.52,10.0,2024-05-21,Electrodomésticos,345.20000000000005,56,Email,4.94,2024-08-06,2024-08-25,False
1883,Microondas,34.52,10.0,2024-05-21,Electrodomésticos,345.20000000000005,26,RRSS,5.0,2024-09-25,2024-10-14,False
1883,Microondas,34.52,10.0,2024-05-21,Electrodomésticos,345.20000000000005,86,TV,4.25,2024-09-25,2024-11-15,False
2150,Consola de videojuegos,66.93,5.0,2024-05-21,Electrónica,334.65000000000003,50,Email,4.97,2024-05-03,2024-05-28,True
2150,Consola de videojuegos,66.93,5.0,2024-05-21,Electrónica,334.65000000000003,20,RRSS,3.16,2024-07-15,2024-08-03,False
2150,Consola de videojuegos,66.93,5.0,2024-05-21,Electrónica,334.65000000000003,80,TV,4.64,2024-11-01,2024-11-20,False
2432,Televisor,54.12,9.0,2024-05-21,Electrónica,487.08,29,RRSS,3.96,2024-05-17,2024-06-28,True
2432,Televisor,54.12,9.0,2024-05-21,Electrónica,487.08,59,Email,4.19,2024-11-20,2025-01-19,False
2432,Televisor,54.12,9.0,2024-05-21,Electrónica,487.08,89,TV,4.98,2024-12-13,2025-02-08,False
2676,Laptop,32.36,9.0,2024-05-21,Electrónica,291.24,60,Email,4.89,2024-09-28,2024-10-27,False
2676,Laptop,32.36,9.0,2024-05-21,Electrónica,291.24,30,RRSS,4.68,2024-10-23,2024-11-24,False
2676,Laptop,32.36,9.0,2024-05-21,Electrónica,291.24,90,TV,5.62,2024-11-16,2025-01-13,False
312,Cuadro decorativo,42.77,1.0,2024-05-22,Decoración,42.77,1,RRSS,5.27,2024-04-27,2024-06-04,True
312,Cuadro decorativo,42.77,1.0,2024-05-22,Decoración,42.77,31,Email,5.28,2024-08-15,2024-09-12,False
312,Cuadro decorativo,42.77,1.0,2024-05-22,Decoración,42.77,61,TV,5.3,2024-11-05,2024-12-23,False
425,Alfombra,45.68,10.0,2024-05-22,Decoración,456.8,58,Email,4.25,2024-03-31,2024-05-05,False
425,Alfombra,45.68,10.0,2024-05-22,Decoración,456.8,88,TV,7.39,2024-07-25,2024-08-31,False
425,Alfombra,45.68,10.0,2024-05-22,Decoración,456.8,28,RRSS,5.82,2024-11-27,2025-01-08,False
483,Espejo decorativo,97.74,11.0,2024-05-22,Decoración,1075.1399999999999,83,TV,5.24,2024-05-31,2024-07-08,False
483,Espejo decorativo,97.74,11.0,2024-05-22,Decoración,1075.1399999999999,53,Email,4.9,2024-07-17,2024-08-01,False
483,Espejo decorativo,97.74,11.0,2024-05-22,Decoración,1075.1399999999999,23,RRSS,4.75,2024-08-28,2024-10-17,False
527,Elementos de cerámica,103.6,3.0,2024-05-22,Decoración,310.79999999999995,22,RRSS,5.44,2024-06-26,2024-07-15,False
527,Elementos de cerámica,103.6,3.0,2024-05-22,Decoración,310.79999999999995,82,TV,5.69,2024-09-08,2024-10-12,False
527,Elementos de cerámica,103.6,3.0,2024-05-22,Decoración,310.79999999999995,52,Email,5.74,2024-09-09,2024-09-30,False
802,Cuadro decorativo,27.37,5.0,2024-05-22,Decoración,136.85,1,RRSS,5.27,2024-04-27,2024-06-04,True
802,Cuadro decorativo,27.37,5.0,2024-05-22,Decoración,136.85,31,Email,5.28,2024-08-15,2024-09-12,False
802,Cuadro decorativo,27.37,5.0,2024-05-22,Decoración,136.85,61,TV,5.3,2024-11-05,2024-12-23,False
812,Cuadro decorativo,107.32,10.0,2024-05-22,Decoración,1073.1999999999998,1,RRSS,5.27,2024-04-27,2024-06-04,True
812,Cuadro decorativo,107.32,10.0,2024-05-22,Decoración,1073.1999999999998,31,Email,5.28,2024-08-15,2024-09-12,False
812,Cuadro decorativo,107.32,10.0,2024-05-22,Decoración,1073.1999999999998,61,TV,5.3,2024-11-05,2024-12-23,False
1198,Cafetera,106.65,9.0,2024-05-22,Electrodomésticos,959.85,49,Email,5.2,2024-06-20,2024-07-22,False
1198,Cafetera,106.65,9.0,2024-05-22,Electrodomésticos,959.85,79,TV,7.26,2024-08-13,2024-10-11,False
1198,Cafetera,106.65,9.0,2024-05-22,Electrodomésticos,959.85,19,RRSS,5.7,2024-08-19,2024-09-15,False
1603,Microondas,112.46,6.0,2024-05-22,Electrodomésticos,674.76,56,Email,4.94,2024-08-06,2024-08-25,False
1603,Microondas,112.46,6.0,2024-05-22,Electrodomésticos,674.76,26,RRSS,5.0,2024-09-25,2024-10-14,False
1603,Microondas,112.46,6.0,2024-05-22,Electrodomésticos,674.76,86,TV,4.25,2024-09-25,2024-11-15,False
1631,Freidora eléctrica,111.17,5.0,2024-05-22,Electrodomésticos,555.85,71,TV,4.37,2024-06-05,2024-07-24,False
1631,Freidora eléctrica,111.17,5.0,2024-05-22,Electrodomésticos,555.85,41,Email,3.92,2024-11-23,2025-01-01,False
1631,Freidora eléctrica,111.17,5.0,2024-05-22,Electrodomésticos,555.85,11,RRSS,5.27,2024-12-29,2025-01-21,False
2802,Televisor,101.58,9.0,2024-05-22,Electrónica,914.22,29,RRSS,3.96,2024-05-17,2024-06-28,True
2802,Televisor,101.58,9.0,2024-05-22,Electrónica,914.22,59,Email,4.19,2024-11-20,2025-01-19,False
2802,Televisor,101.58,9.0,2024-05-22,Electrónica,914.22,89,TV,4.98,2024-12-13,2025-02-08,False
2868,SmartWatch,124.57,6.0,2024-05-22,Electrónica,747.42,85,TV,5.07,2024-04-01,2024-05-05,False
2868,SmartWatch,124.57,6.0,2024-05-22,Electrónica,747.42,55,Email,4.59,2024-10-13,2024-12-06,False
2868,SmartWatch,124.57,6.0,2024-05-22,Electrónica,747.42,25,RRSS,4.84,2024-11-23,2024-12-29,False
2895,Auriculares,53.91,4.0,2024-05-22,Electrónica,215.64,47,Email,4.19,2024-06-02,2024-07-22,False
2895,Auriculares,53.91,4.0,2024-05-22,Electrónica,215.64,17,RRSS,6.06,2024-07-15,2024-08-15,False
2895,Auriculares,53.91,4.0,2024-05-22,Electrónica,215.64,77,TV,4.99,2024-11-11,2024-12-06,False
123,Espejo decorativo,63.56,11.0,2024-05-23,Decoración,699.1600000000001,83,TV,5.24,2024-05-31,2024-07-08,False
123,Espejo decorativo,63.56,11.0,2024-05-23,Decoración,699.1600000000001,53,Email,4.9,2024-07-17,2024-08-01,False
123,Espejo decorativo,63.56,11.0,2024-05-23,Decoración,699.1600000000001,23,RRSS,4.75,2024-08-28,2024-10-17,False
672,Cuadro decorativo,47.68,6.0,2024-05-23,Decoración,286.08,1,RRSS,5.27,2024-04-27,2024-06-04,True
672,Cuadro decorativo,47.68,6.0,2024-05-23,Decoración,286.08,31,Email,5.28,2024-08-15,2024-09-12,False
672,Cuadro decorativo,47.68,6.0,2024-05-23,Decoración,286.08,61,TV,5.3,2024-11-05,2024-12-23,False
859,Lámpara de mesa,76.25,4.0,2024-05-23,Decoración,305.0,32,Email,5.54,2024-03-28,2024-04-20,False
859,Lámpara de mesa,76.25,4.0,2024-05-23,Decoración,305.0,2,RRSS,5.88,2024-05-30,2024-06-29,False
859,Lámpara de mesa,76.25,4.0,2024-05-23,Decoración,305.0,62,TV,4.51,2024-08-26,2024-10-07,False
1238,Cafetera,70.06,12.0,2024-05-23,Electrodomésticos,840.72,49,Email,5.2,2024-06-20,2024-07-22,False
1238,Cafetera,70.06,12.0,2024-05-23,Electrodomésticos,840.72,79,TV,7.26,2024-08-13,2024-10-11,False
1238,Cafetera,70.06,12.0,2024-05-23,Electrodomésticos,840.72,19,RRSS,5.7,2024-08-19,2024-09-15,False
1417,Horno eléctrico,85.81,10.0,2024-05-23,Electrodomésticos,858.1,35,Email,5.65,2024-07-31,2024-09-29,False
1417,Horno eléctrico,85.81,10.0,2024-05-23,Electrodomésticos,858.1,5,RRSS,5.16,2024-08-22,2024-10-17,False
1417,Horno eléctrico,85.81,10.0,2024-05-23,Electrodomésticos,858.1,65,TV,3.08,2024-10-23,2024-12-11,False
2189,Proyector,100.31,3.0,2024-05-23,Electrónica,300.93,67,TV,3.68,2024-05-22,2024-07-12,True
2189,Proyector,100.31,3.0,2024-05-23,Electrónica,300.93,37,Email,3.22,2024-07-06,2024-07-26,False
2189,Proyector,100.31,3.0,2024-05-23,Electrónica,300.93,7,RRSS,5.57,2024-07-30,2024-08-16,False
2678,SmartWatch,47.3,10.0,2024-05-23,Electrónica,473.0,85,TV,5.07,2024-04-01,2024-05-05,False
2678,SmartWatch,47.3,10.0,2024-05-23,Electrónica,473.0,55,Email,4.59,2024-10-13,2024-12-06,False
2678,SmartWatch,47.3,10.0,2024-05-23,Electrónica,473.0,25,RRSS,4.84,2024-11-23,2024-12-29,False
465,Alfombra,76.75,2.0,2024-05-24,Decoración,153.5,58,Email,4.25,2024-03-31,2024-05-05,False
465,Alfombra,76.75,2.0,2024-05-24,Decoración,153.5,88,TV,7.39,2024-07-25,2024-08-31,False
465,Alfombra,76.75,2.0,2024-05-24,Decoración,153.5,28,RRSS,5.82,2024-11-27,2025-01-08,False
2907,Cámara digital,98.69,9.0,2024-05-24,Electrónica,888.21,18,RRSS,5.46,2024-07-16,2024-09-13,False
2907,Cámara digital,98.69,9.0,2024-05-24,Electrónica,888.21,78,TV,4.1,2024-08-02,2024-09-20,False
2907,Cámara digital,98.69,9.0,2024-05-24,Electrónica,888.21,48,Email,6.84,2024-10-31,2024-12-09,False
476,Cortinas,71.82,11.0,2024-05-25,Decoración,790.02,43,Email,5.67,2024-05-02,2024-06-17,True
476,Cortinas,71.82,11.0,2024-05-25,Decoración,790.02,73,TV,6.47,2024-08-17,2024-09-26,False
476,Cortinas,71.82,11.0,2024-05-25,Decoración,790.02,13,RRSS,5.22,2024-09-16,2024-10-15,False
583,Espejo decorativo,49.09,9.0,2024-05-25,Decoración,441.81000000000006,83,TV,5.24,2024-05-31,2024-07-08,False
583,Espejo decorativo,49.09,9.0,2024-05-25,Decoración,441.81000000000006,53,Email,4.9,2024-07-17,2024-08-01,False
583,Espejo decorativo,49.09,9.0,2024-05-25,Decoración,441.81000000000006,23,RRSS,4.75,2024-08-28,2024-10-17,False
738,Rincón de plantas,29.42,11.0,2024-05-25,Decoración,323.62,38,Email,5.76,2024-06-14,2024-07-15,False
738,Rincón de plantas,29.42,11.0,2024-05-25,Decoración,323.62,8,RRSS,4.88,2024-08-03,2024-08-18,False
738,Rincón de plantas,29.42,11.0,2024-05-25,Decoración,323.62,68,TV,5.81,2024-12-17,2025-02-14,False
1241,Freidora eléctrica,96.2,6.0,2024-05-25,Electrodomésticos,577.2,71,TV,4.37,2024-06-05,2024-07-24,False
1241,Freidora eléctrica,96.2,6.0,2024-05-25,Electrodomésticos,577.2,41,Email,3.92,2024-11-23,2025-01-01,False
1241,Freidora eléctrica,96.2,6.0,2024-05-25,Electrodomésticos,577.2,11,RRSS,5.27,2024-12-29,2025-01-21,False
1526,Secadora,115.5,7.0,2024-05-25,Electrodomésticos,808.5,3,RRSS,5.1,2024-07-24,2024-08-30,False
1526,Secadora,115.5,7.0,2024-05-25,Electrodomésticos,808.5,63,TV,5.69,2024-11-03,2024-11-28,False
1526,Secadora,115.5,7.0,2024-05-25,Electrodomésticos,808.5,33,Email,3.8,2024-12-20,2025-01-07,False
2004,Tablet,123.01,11.0,2024-05-25,Electrónica,1353.1100000000001,12,RRSS,3.4,2024-03-26,2024-05-13,False
2004,Tablet,123.01,11.0,2024-05-25,Electrónica,1353.1100000000001,72,TV,4.9,2024-07-08,2024-09-03,False
2004,Tablet,123.01,11.0,2024-05-25,Electrónica,1353.1100000000001,42,Email,4.42,2024-07-14,2024-09-03,False
2092,Televisor,65.23,6.0,2024-05-25,Electrónica,391.38,29,RRSS,3.96,2024-05-17,2024-06-28,True
2092,Televisor,65.23,6.0,2024-05-25,Electrónica,391.38,59,Email,4.19,2024-11-20,2025-01-19,False
2092,Televisor,65.23,6.0,2024-05-25,Electrónica,391.38,89,TV,4.98,2024-12-13,2025-02-08,False
2116,Laptop,50.25,8.0,2024-05-25,Electrónica,402.0,60,Email,4.89,2024-09-28,2024-10-27,False
2116,Laptop,50.25,8.0,2024-05-25,Electrónica,402.0,30,RRSS,4.68,2024-10-23,2024-11-24,False
2116,Laptop,50.25,8.0,2024-05-25,Electrónica,402.0,90,TV,5.62,2024-11-16,2025-01-13,False
2146,Laptop,87.7,5.0,2024-05-25,Electrónica,438.5,60,Email,4.89,2024-09-28,2024-10-27,False
2146,Laptop,87.7,5.0,2024-05-25,Electrónica,438.5,30,RRSS,4.68,2024-10-23,2024-11-24,False
2146,Laptop,87.7,5.0,2024-05-25,Electrónica,438.5,90,TV,5.62,2024-11-16,2025-01-13,False
2652,Televisor,74.49,4.0,2024-05-25,Electrónica,297.96,29,RRSS,3.96,2024-05-17,2024-06-28,True
2652,Televisor,74.49,4.0,2024-05-25,Electrónica,297.96,59,Email,4.19,2024-11-20,2025-01-19,False
2652,Televisor,74.49,4.0,2024-05-25,Electrónica,297.96,89,TV,4.98,2024-12-13,2025-02-08,False
29,Lámpara de mesa,70.17,12.0,2024-05-26,Decoración,842.04,32,Email,5.54,2024-03-28,2024-04-20,False
29,Lámpara de mesa,70.17,12.0,2024-05-26,Decoración,842.04,2,RRSS,5.88,2024-05-30,2024-06-29,False
29,Lámpara de mesa,70.17,12.0,2024-05-26,Decoración,842.04,62,TV,4.51,2024-08-26,2024-10-07,False
568,Rincón de plantas,100.45,1.0,2024-05-26,Decoración,100.45,38,Email,5.76,2024-06-14,2024-07-15,False
568,Rincón de plantas,100.45,1.0,2024-05-26,Decoración,100.45,8,RRSS,4.88,2024-08-03,2024-08-18,False
568,Rincón de plantas,100.45,1.0,2024-05-26,Decoración,100.45,68,TV,5.81,2024-12-17,2025-02-14,False
782,Cuadro decorativo,67.07,6.0,2024-05-26,Decoración,402.41999999999996,1,RRSS,5.27,2024-04-27,2024-06-04,True
782,Cuadro decorativo,67.07,6.0,2024-05-26,Decoración,402.41999999999996,31,Email,5.28,2024-08-15,2024-09-12,False
782,Cuadro decorativo,67.07,6.0,2024-05-26,Decoración,402.41999999999996,61,TV,5.3,2024-11-05,2024-12-23,False
1025,Lavadora,119.78,9.0,2024-05-26,Electrodomésticos,1078.02,46,Email,3.63,2024-05-12,2024-05-29,True
1025,Lavadora,119.78,9.0,2024-05-26,Electrodomésticos,1078.02,76,TV,4.66,2024-05-26,2024-07-02,True
1025,Lavadora,119.78,9.0,2024-05-26,Electrodomésticos,1078.02,16,RRSS,3.56,2024-08-14,2024-09-20,False
1616,Secadora,40.43,8.0,2024-05-26,Electrodomésticos,323.44,3,RRSS,5.1,2024-07-24,2024-08-30,False
1616,Secadora,40.43,8.0,2024-05-26,Electrodomésticos,323.44,63,TV,5.69,2024-11-03,2024-11-28,False
1616,Secadora,40.43,8.0,2024-05-26,Electrodomésticos,323.44,33,Email,3.8,2024-12-20,2025-01-07,False
1721,Freidora eléctrica,26.06,5.0,2024-05-26,Electrodomésticos,130.29999999999998,71,TV,4.37,2024-06-05,2024-07-24,False
1721,Freidora eléctrica,26.06,5.0,2024-05-26,Electrodomésticos,130.29999999999998,41,Email,3.92,2024-11-23,2025-01-01,False
1721,Freidora eléctrica,26.06,5.0,2024-05-26,Electrodomésticos,130.29999999999998,11,RRSS,5.27,2024-12-29,2025-01-21,False
2041,Parlantes Bluetooth,102.72,2.0,2024-05-26,Electrónica,205.44,84,TV,4.42,2024-04-17,2024-05-05,False
2041,Parlantes Bluetooth,102.72,2.0,2024-05-26,Electrónica,205.44,54,Email,2.95,2024-08-09,2024-09-22,False
2041,Parlantes Bluetooth,102.72,2.0,2024-05-26,Electrónica,205.44,24,RRSS,6.0,2024-09-22,2024-10-26,False
2073,Smartphone,70.04,3.0,2024-05-26,Electrónica,210.12,21,RRSS,6.37,2024-03-29,2024-05-16,False
2073,Smartphone,70.04,3.0,2024-05-26,Electrónica,210.12,51,Email,4.65,2024-05-28,2024-06-15,False
2073,Smartphone,70.04,3.0,2024-05-26,Electrónica,210.12,81,TV,4.78,2024-09-28,2024-10-24,False
137,Elementos de cerámica,68.46,11.0,2024-05-27,Decoración,753.06,22,RRSS,5.44,2024-06-26,2024-07-15,False
137,Elementos de cerámica,68.46,11.0,2024-05-27,Decoración,753.06,82,TV,5.69,2024-09-08,2024-10-12,False
137,Elementos de cerámica,68.46,11.0,2024-05-27,Decoración,753.06,52,Email,5.74,2024-09-09,2024-09-30,False
1050,Plancha de vapor,72.33,1.0,2024-05-27,Electrodomésticos,72.33,36,Email,5.41,2024-04-02,2024-06-01,True
1050,Plancha de vapor,72.33,1.0,2024-05-27,Electrodomésticos,72.33,6,RRSS,4.02,2024-09-24,2024-11-02,False
1050,Plancha de vapor,72.33,1.0,2024-05-27,Electrodomésticos,72.33,66,TV,4.69,2024-10-04,2024-10-23,False
1226,Secadora,89.37,10.0,2024-05-27,Electrodomésticos,893.7,3,RRSS,5.1,2024-07-24,2024-08-30,False
1226,Secadora,89.37,10.0,2024-05-27,Electrodomésticos,893.7,63,TV,5.69,2024-11-03,2024-11-28,False
1226,Secadora,89.37,10.0,2024-05-27,Electrodomésticos,893.7,33,Email,3.8,2024-12-20,2025-01-07,False
1380,Plancha de vapor,61.63,2.0,2024-05-27,Electrodomésticos,123.26,36,Email,5.41,2024-04-02,2024-06-01,True
1380,Plancha de vapor,61.63,2.0,2024-05-27,Electrodomésticos,123.26,6,RRSS,4.02,2024-09-24,2024-11-02,False
1380,Plancha de vapor,61.63,2.0,2024-05-27,Electrodomésticos,123.26,66,TV,4.69,2024-10-04,2024-10-23,False
1446,Secadora,124.12,10.0,2024-05-27,Electrodomésticos,1241.2,3,RRSS,5.1,2024-07-24,2024-08-30,False
1446,Secadora,124.12,10.0,2024-05-27,Electrodomésticos,1241.2,63,TV,5.69,2024-11-03,2024-11-28,False
1446,Secadora,124.12,10.0,2024-05-27,Electrodomésticos,1241.2,33,Email,3.8,2024-12-20,2025-01-07,False
1543,Microondas,118.71,9.0,2024-05-27,Electrodomésticos,1068.3899999999999,56,Email,4.94,2024-08-06,2024-08-25,False
1543,Microondas,118.71,9.0,2024-05-27,Electrodomésticos,1068.3899999999999,26,RRSS,5.0,2024-09-25,2024-10-14,False
1543,Microondas,118.71,9.0,2024-05-27,Electrodomésticos,1068.3899999999999,86,TV,4.25,2024-09-25,2024-11-15,False
1608,Cafetera,122.82,4.0,2024-05-27,Electrodomésticos,491.28,49,Email,5.2,2024-06-20,2024-07-22,False
1608,Cafetera,122.82,4.0,2024-05-27,Electrodomésticos,491.28,79,TV,7.26,2024-08-13,2024-10-11,False
1608,Cafetera,122.82,4.0,2024-05-27,Electrodomésticos,491.28,19,RRSS,5.7,2024-08-19,2024-09-15,False
1702,Heladera,77.89,2.0,2024-05-27,Electrodomésticos,155.78,34,Email,4.2,2024-05-06,2024-07-05,True
1702,Heladera,77.89,2.0,2024-05-27,Electrodomésticos,155.78,4,RRSS,4.53,2024-05-31,2024-07-15,False
1702,Heladera,77.89,2.0,2024-05-27,Electrodomésticos,155.78,64,TV,4.38,2024-07-10,2024-08-09,False
1940,Plancha de vapor,45.19,1.0,2024-05-27,Electrodomésticos,45.19,36,Email,5.41,2024-04-02,2024-06-01,True
1940,Plancha de vapor,45.19,1.0,2024-05-27,Electrodomésticos,45.19,6,RRSS,4.02,2024-09-24,2024-11-02,False
1940,Plancha de vapor,45.19,1.0,2024-05-27,Electrodomésticos,45.19,66,TV,4.69,2024-10-04,2024-10-23,False
2011,Parlantes Bluetooth,27.45,7.0,2024-05-27,Electrónica,192.15,84,TV,4.42,2024-04-17,2024-05-05,False
2011,Parlantes Bluetooth,27.45,7.0,2024-05-27,Electrónica,192.15,54,Email,2.95,2024-08-09,2024-09-22,False
2011,Parlantes Bluetooth,27.45,7.0,2024-05-27,Electrónica,192.15,24,RRSS,6.0,2024-09-22,2024-10-26,False
2876,Laptop,37.65,3.0,2024-05-27,Electrónica,112.94999999999999,60,Email,4.89,2024-09-28,2024-10-27,False
2876,Laptop,37.65,3.0,2024-05-27,Electrónica,112.94999999999999,30,RRSS,4.68,2024-10-23,2024-11-24,False
2876,Laptop,37.65,3.0,2024-05-27,Electrónica,112.94999999999999,90,TV,5.62,2024-11-16,2025-01-13,False
224,Jarrón decorativo,75.72,1.0,2024-05-28,Decoración,75.72,15,RRSS,4.65,2024-05-09,2024-06-13,True
224,Jarrón decorativo,75.72,1.0,2024-05-28,Decoración,75.72,45,Email,4.52,2024-06-05,2024-07-31,False
224,Jarrón decorativo,75.72,1.0,2024-05-28,Decoración,75.72,75,TV,4.1,2024-11-03,2024-12-25,False
510,Adorno de pared,79.02,5.0,2024-05-28,Decoración,395.09999999999997,74,TV,4.81,2024-03-20,2024-05-03,False
510,Adorno de pared,79.02,5.0,2024-05-28,Decoración,395.09999999999997,44,Email,5.08,2024-04-13,2024-05-10,False
510,Adorno de pared,79.02,5.0,2024-05-28,Decoración,395.09999999999997,14,RRSS,4.16,2024-10-22,2024-12-21,False
897,Elementos de cerámica,27.43,7.0,2024-05-28,Decoración,192.01,22,RRSS,5.44,2024-06-26,2024-07-15,False
897,Elementos de cerámica,27.43,7.0,2024-05-28,Decoración,192.01,82,TV,5.69,2024-09-08,2024-10-12,False
897,Elementos de cerámica,27.43,7.0,2024-05-28,Decoración,192.01,52,Email,5.74,2024-09-09,2024-09-30,False
1080,Plancha de vapor,53.1,6.0,2024-05-28,Electrodomésticos,318.6,36,Email,5.41,2024-04-02,2024-06-01,True
1080,Plancha de vapor,53.1,6.0,2024-05-28,Electrodomésticos,318.6,6,RRSS,4.02,2024-09-24,2024-11-02,False
1080,Plancha de vapor,53.1,6.0,2024-05-28,Electrodomésticos,318.6,66,TV,4.69,2024-10-04,2024-10-23,False
1368,Cafetera,67.26,7.0,2024-05-28,Electrodomésticos,470.82000000000005,49,Email,5.2,2024-06-20,2024-07-22,False
1368,Cafetera,67.26,7.0,2024-05-28,Electrodomésticos,470.82000000000005,79,TV,7.26,2024-08-13,2024-10-11,False
1368,Cafetera,67.26,7.0,2024-05-28,Electrodomésticos,470.82000000000005,19,RRSS,5.7,2024-08-19,2024-09-15,False
1613,Microondas,101.99,5.0,2024-05-28,Electrodomésticos,509.95,56,Email,4.94,2024-08-06,2024-08-25,False
1613,Microondas,101.99,5.0,2024-05-28,Electrodomésticos,509.95,26,RRSS,5.0,2024-09-25,2024-10-14,False
1613,Microondas,101.99,5.0,2024-05-28,Electrodomésticos,509.95,86,TV,4.25,2024-09-25,2024-11-15,False
1732,Heladera,109.53,11.0,2024-05-28,Electrodomésticos,1204.83,34,Email,4.2,2024-05-06,2024-07-05,True
1732,Heladera,109.53,11.0,2024-05-28,Electrodomésticos,1204.83,4,RRSS,4.53,2024-05-31,2024-07-15,False
1732,Heladera,109.53,11.0,2024-05-28,Electrodomésticos,1204.83,64,TV,4.38,2024-07-10,2024-08-09,False
2067,Cámara digital,102.63,7.0,2024-05-28,Electrónica,718.41,18,RRSS,5.46,2024-07-16,2024-09-13,False
2067,Cámara digital,102.63,7.0,2024-05-28,Electrónica,718.41,78,TV,4.1,2024-08-02,2024-09-20,False
2067,Cámara digital,102.63,7.0,2024-05-28,Electrónica,718.41,48,Email,6.84,2024-10-31,2024-12-09,False
13,Espejo decorativo,29.73,1.0,2024-05-29,Decoración,29.73,83,TV,5.24,2024-05-31,2024-07-08,False
13,Espejo decorativo,29.73,1.0,2024-05-29,Decoración,29.73,53,Email,4.9,2024-07-17,2024-08-01,False
13,Espejo decorativo,29.73,1.0,2024-05-29,Decoración,29.73,23,RRSS,4.75,2024-08-28,2024-10-17,False
110,Adorno de pared,33.01,1.0,2024-05-29,Decoración,33.01,74,TV,4.81,2024-03-20,2024-05-03,False
110,Adorno de pared,33.01,1.0,2024-05-29,Decoración,33.01,44,Email,5.08,2024-04-13,2024-05-10,False
110,Adorno de pared,33.01,1.0,2024-05-29,Decoración,33.01,14,RRSS,4.16,2024-10-22,2024-12-21,False
784,Jarrón decorativo,109.83,6.0,2024-05-29,Decoración,658.98,15,RRSS,4.65,2024-05-09,2024-06-13,True
784,Jarrón decorativo,109.83,6.0,2024-05-29,Decoración,658.98,45,Email,4.52,2024-06-05,2024-07-31,False
784,Jarrón decorativo,109.83,6.0,2024-05-29,Decoración,658.98,75,TV,4.1,2024-11-03,2024-12-25,False
902,Cuadro decorativo,111.22,9.0,2024-05-29,Decoración,1000.98,1,RRSS,5.27,2024-04-27,2024-06-04,True
902,Cuadro decorativo,111.22,9.0,2024-05-29,Decoración,1000.98,31,Email,5.28,2024-08-15,2024-09-12,False
902,Cuadro decorativo,111.22,9.0,2024-05-29,Decoración,1000.98,61,TV,5.3,2024-11-05,2024-12-23,False
1275,Lavadora,82.49,11.0,2024-05-29,Electrodomésticos,907.39,46,Email,3.63,2024-05-12,2024-05-29,True
1275,Lavadora,82.49,11.0,2024-05-29,Electrodomésticos,907.39,76,TV,4.66,2024-05-26,2024-07-02,True
1275,Lavadora,82.49,11.0,2024-05-29,Electrodomésticos,907.39,16,RRSS,3.56,2024-08-14,2024-09-20,False
1478,Cafetera,121.9,2.0,2024-05-29,Electrodomésticos,243.8,49,Email,5.2,2024-06-20,2024-07-22,False
1478,Cafetera,121.9,2.0,2024-05-29,Electrodomésticos,243.8,79,TV,7.26,2024-08-13,2024-10-11,False
1478,Cafetera,121.9,2.0,2024-05-29,Electrodomésticos,243.8,19,RRSS,5.7,2024-08-19,2024-09-15,False
1719,Batidora,106.81,10.0,2024-05-29,Electrodomésticos,1068.1,57,Email,4.48,2024-04-10,2024-06-08,True
1719,Batidora,106.81,10.0,2024-05-29,Electrodomésticos,1068.1,87,TV,6.28,2024-08-27,2024-10-11,False
1719,Batidora,106.81,10.0,2024-05-29,Electrodomésticos,1068.1,27,RRSS,4.52,2024-11-01,2024-12-08,False
2125,Auriculares,33.47,2.0,2024-05-29,Electrónica,66.94,47,Email,4.19,2024-06-02,2024-07-22,False
2125,Auriculares,33.47,2.0,2024-05-29,Electrónica,66.94,17,RRSS,6.06,2024-07-15,2024-08-15,False
2125,Auriculares,33.47,2.0,2024-05-29,Electrónica,66.94,77,TV,4.99,2024-11-11,2024-12-06,False
2251,Parlantes Bluetooth,51.27,8.0,2024-05-29,Electrónica,410.16,84,TV,4.42,2024-04-17,2024-05-05,False
2251,Parlantes Bluetooth,51.27,8.0,2024-05-29,Electrónica,410.16,54,Email,2.95,2024-08-09,2024-09-22,False
2251,Parlantes Bluetooth,51.27,8.0,2024-05-29,Electrónica,410.16,24,RRSS,6.0,2024-09-22,2024-10-26,False
2847,Cámara digital,122.31,4.0,2024-05-29,Electrónica,489.24,18,RRSS,5.46,2024-07-16,2024-09-13,False
2847,Cámara digital,122.31,4.0,2024-05-29,Electrónica,489.24,78,TV,4.1,2024-08-02,2024-09-20,False
2847,Cámara digital,122.31,4.0,2024-05-29,Electrónica,489.24,48,Email,6.84,2024-10-31,2024-12-09,False
82,Cuadro decorativo,47.42,5.0,2024-05-30,Decoración,237.10000000000002,1,RRSS,5.27,2024-04-27,2024-06-04,True
82,Cuadro decorativo,47.42,5.0,2024-05-30,Decoración,237.10000000000002,31,Email,5.28,2024-08-15,2024-09-12,False
82,Cuadro decorativo,47.42,5.0,2024-05-30,Decoración,237.10000000000002,61,TV,5.3,2024-11-05,2024-12-23,False
111,Lámpara de mesa,38.65,12.0,2024-05-30,Decoración,463.79999999999995,32,Email,5.54,2024-03-28,2024-04-20,False
111,Lámpara de mesa,38.65,12.0,2024-05-30,Decoración,463.79999999999995,2,RRSS,5.88,2024-05-30,2024-06-29,True
111,Lámpara de mesa,38.65,12.0,2024-05-30,Decoración,463.79999999999995,62,TV,4.51,2024-08-26,2024-10-07,False
432,Cuadro decorativo,77.42,12.0,2024-05-30,Decoración,929.04,1,RRSS,5.27,2024-04-27,2024-06-04,True
432,Cuadro decorativo,77.42,12.0,2024-05-30,Decoración,929.04,31,Email,5.28,2024-08-15,2024-09-12,False
432,Cuadro decorativo,77.42,12.0,2024-05-30,Decoración,929.04,61,TV,5.3,2024-11-05,2024-12-23,False
1632,Heladera,120.78,8.0,2024-05-30,Electrodomésticos,966.24,34,Email,4.2,2024-05-06,2024-07-05,True
1632,Heladera,120.78,8.0,2024-05-30,Electrodomésticos,966.24,4,RRSS,4.53,2024-05-31,2024-07-15,False
1632,Heladera,120.78,8.0,2024-05-30,Electrodomésticos,966.24,64,TV,4.38,2024-07-10,2024-08-09,False
166,Cortinas,105.06,8.0,2024-05-31,Decoración,840.48,43,Email,5.67,2024-05-02,2024-06-17,True
166,Cortinas,105.06,8.0,2024-05-31,Decoración,840.48,73,TV,6.47,2024-08-17,2024-09-26,False
166,Cortinas,105.06,8.0,2024-05-31,Decoración,840.48,13,RRSS,5.22,2024-09-16,2024-10-15,False
482,Cuadro decorativo,54.21,7.0,2024-05-31,Decoración,379.47,1,RRSS,5.27,2024-04-27,2024-06-04,True
482,Cuadro decorativo,54.21,7.0,2024-05-31,Decoración,379.47,31,Email,5.28,2024-08-15,2024-09-12,False
482,Cuadro decorativo,54.21,7.0,2024-05-31,Decoración,379.47,61,TV,5.3,2024-11-05,2024-12-23,False
995,Alfombra,109.03,10.0,2024-05-31,Decoración,1090.3,58,Email,4.25,2024-03-31,2024-05-05,False
995,Alfombra,109.03,10.0,2024-05-31,Decoración,1090.3,88,TV,7.39,2024-07-25,2024-08-31,False
995,Alfombra,109.03,10.0,2024-05-31,Decoración,1090.3,28,RRSS,5.82,2024-11-27,2025-01-08,False
1343,Microondas,106.86,12.0,2024-05-31,Electrodomésticos,1282.32,56,Email,4.94,2024-08-06,2024-08-25,False
1343,Microondas,106.86,12.0,2024-05-31,Electrodomésticos,1282.32,26,RRSS,5.0,2024-09-25,2024-10-14,False
1343,Microondas,106.86,12.0,2024-05-31,Electrodomésticos,1282.32,86,TV,4.25,2024-09-25,2024-11-15,False
1418,Cafetera,91.72,12.0,2024-05-31,Electrodomésticos,1100.6399999999999,49,Email,5.2,2024-06-20,2024-07-22,False
1418,Cafetera,91.72,12.0,2024-05-31,Electrodomésticos,1100.6399999999999,79,TV,7.26,2024-08-13,2024-10-11,False
1418,Cafetera,91.72,12.0,2024-05-31,Electrodomésticos,1100.6399999999999,19,RRSS,5.7,2024-08-19,2024-09-15,False
2659,Proyector,75.9,3.0,2024-05-31,Electrónica,227.70000000000002,67,TV,3.68,2024-05-22,2024-07-12,True
2659,Proyector,75.9,3.0,2024-05-31,Electrónica,227.70000000000002,37,Email,3.22,2024-07-06,2024-07-26,False
2659,Proyector,75.9,3.0,2024-05-31,Electrónica,227.70000000000002,7,RRSS,5.57,2024-07-30,2024-08-16,False
2745,Auriculares,70.62,7.0,2024-05-31,Electrónica,494.34000000000003,47,Email,4.19,2024-06-02,2024-07-22,False
2745,Auriculares,70.62,7.0,2024-05-31,Electrónica,494.34000000000003,17,RRSS,6.06,2024-07-15,2024-08-15,False
2745,Auriculares,70.62,7.0,2024-05-31,Electrónica,494.34000000000003,77,TV,4.99,2024-11-11,2024-12-06,False
2842,Televisor,38.35,5.0,2024-05-31,Electrónica,191.75,29,RRSS,3.96,2024-05-17,2024-06-28,True
2842,Televisor,38.35,5.0,2024-05-31,Electrónica,191.75,59,Email,4.19,2024-11-20,2025-01-19,False
2842,Televisor,38.35,5.0,2024-05-31,Electrónica,191.75,89,TV,4.98,2024-12-13,2025-02-08,False
2995,Laptop,119.04,6.0,2024-05-31,Electrónica,714.24,60,Email,4.89,2024-09-28,2024-10-27,False
2995,Laptop,119.04,6.0,2024-05-31,Electrónica,714.24,30,RRSS,4.68,2024-10-23,2024-11-24,False
2995,Laptop,119.04,6.0,2024-05-31,Electrónica,714.24,90,TV,5.62,2024-11-16,2025-01-13,False
376,Cortinas,106.27,2.0,2024-06-01,Decoración,212.54,43,Email,5.67,2024-05-02,2024-06-17,True
376,Cortinas,106.27,2.0,2024-06-01,Decoración,212.54,73,TV,6.47,2024-08-17,2024-09-26,False
376,Cortinas,106.27,2.0,2024-06-01,Decoración,212.54,13,RRSS,5.22,2024-09-16,2024-10-15,False
530,Adorno de pared,82.65,5.0,2024-06-01,Decoración,413.25,74,TV,4.81,2024-03-20,2024-05-03,False
530,Adorno de pared,82.65,5.0,2024-06-01,Decoración,413.25,44,Email,5.08,2024-04-13,2024-05-10,False
530,Adorno de pared,82.65,5.0,2024-06-01,Decoración,413.25,14,RRSS,4.16,2024-10-22,2024-12-21,False
1040,Plancha de vapor,49.22,2.0,2024-06-01,Electrodomésticos,98.44,36,Email,5.41,2024-04-02,2024-06-01,True
1040,Plancha de vapor,49.22,2.0,2024-06-01,Electrodomésticos,98.44,6,RRSS,4.02,2024-09-24,2024-11-02,False
1040,Plancha de vapor,49.22,2.0,2024-06-01,Electrodomésticos,98.44,66,TV,4.69,2024-10-04,2024-10-23,False
1929,Batidora,92.87,10.0,2024-06-01,Electrodomésticos,928.7,57,Email,4.48,2024-04-10,2024-06-08,True
1929,Batidora,92.87,10.0,2024-06-01,Electrodomésticos,928.7,87,TV,6.28,2024-08-27,2024-10-11,False
1929,Batidora,92.87,10.0,2024-06-01,Electrodomésticos,928.7,27,RRSS,4.52,2024-11-01,2024-12-08,False
2481,Parlantes Bluetooth,79.7,8.0,2024-06-01,Electrónica,637.6,84,TV,4.42,2024-04-17,2024-05-05,False
2481,Parlantes Bluetooth,79.7,8.0,2024-06-01,Electrónica,637.6,54,Email,2.95,2024-08-09,2024-09-22,False
2481,Parlantes Bluetooth,79.7,8.0,2024-06-01,Electrónica,637.6,24,RRSS,6.0,2024-09-22,2024-10-26,False
2929,Proyector,115.45,7.0,2024-06-01,Electrónica,808.15,67,TV,3.68,2024-05-22,2024-07-12,True
2929,Proyector,115.45,7.0,2024-06-01,Electrónica,808.15,37,Email,3.22,2024-07-06,2024-07-26,False
2929,Proyector,115.45,7.0,2024-06-01,Electrónica,808.15,7,RRSS,5.57,2024-07-30,2024-08-16,False
160,Adorno de pared,33.27,12.0,2024-06-02,Decoración,399.24,74,TV,4.81,2024-03-20,2024-05-03,False
160,Adorno de pared,33.27,12.0,2024-06-02,Decoración,399.24,44,Email,5.08,2024-04-13,2024-05-10,False
160,Adorno de pared,33.27,12.0,2024-06-02,Decoración,399.24,14,RRSS,4.16,2024-10-22,2024-12-21,False
253,Espejo decorativo,92.77,5.0,2024-06-02,Decoración,463.84999999999997,83,TV,5.24,2024-05-31,2024-07-08,True
253,Espejo decorativo,92.77,5.0,2024-06-02,Decoración,463.84999999999997,53,Email,4.9,2024-07-17,2024-08-01,False
253,Espejo decorativo,92.77,5.0,2024-06-02,Decoración,463.84999999999997,23,RRSS,4.75,2024-08-28,2024-10-17,False
334,Jarrón decorativo,84.95,12.0,2024-06-02,Decoración,1019.4000000000001,15,RRSS,4.65,2024-05-09,2024-06-13,True
334,Jarrón decorativo,84.95,12.0,2024-06-02,Decoración,1019.4000000000001,45,Email,4.52,2024-06-05,2024-07-31,False
334,Jarrón decorativo,84.95,12.0,2024-06-02,Decoración,1019.4000000000001,75,TV,4.1,2024-11-03,2024-12-25,False
378,Rincón de plantas,37.9,10.0,2024-06-02,Decoración,379.0,38,Email,5.76,2024-06-14,2024-07-15,False
378,Rincón de plantas,37.9,10.0,2024-06-02,Decoración,379.0,8,RRSS,4.88,2024-08-03,2024-08-18,False
378,Rincón de plantas,37.9,10.0,2024-06-02,Decoración,379.0,68,TV,5.81,2024-12-17,2025-02-14,False
459,Lámpara de mesa,101.54,4.0,2024-06-02,Decoración,406.16,32,Email,5.54,2024-03-28,2024-04-20,False
459,Lámpara de mesa,101.54,4.0,2024-06-02,Decoración,406.16,2,RRSS,5.88,2024-05-30,2024-06-29,True
459,Lámpara de mesa,101.54,4.0,2024-06-02,Decoración,406.16,62,TV,4.51,2024-08-26,2024-10-07,False
524,Jarrón decorativo,40.32,4.0,2024-06-02,Decoración,161.28,15,RRSS,4.65,2024-05-09,2024-06-13,True
524,Jarrón decorativo,40.32,4.0,2024-06-02,Decoración,161.28,45,Email,4.52,2024-06-05,2024-07-31,False
524,Jarrón decorativo,40.32,4.0,2024-06-02,Decoración,161.28,75,TV,4.1,2024-11-03,2024-12-25,False
1003,Microondas,84.24,9.0,2024-06-02,Electrodomésticos,758.16,56,Email,4.94,2024-08-06,2024-08-25,False
1003,Microondas,84.24,9.0,2024-06-02,Electrodomésticos,758.16,26,RRSS,5.0,2024-09-25,2024-10-14,False
1003,Microondas,84.24,9.0,2024-06-02,Electrodomésticos,758.16,86,TV,4.25,2024-09-25,2024-11-15,False
1051,Freidora eléctrica,82.08,8.0,2024-06-02,Electrodomésticos,656.64,71,TV,4.37,2024-06-05,2024-07-24,False
1051,Freidora eléctrica,82.08,8.0,2024-06-02,Electrodomésticos,656.64,41,Email,3.92,2024-11-23,2025-01-01,False
1051,Freidora eléctrica,82.08,8.0,2024-06-02,Electrodomésticos,656.64,11,RRSS,5.27,2024-12-29,2025-01-21,False
1076,Secadora,77.29,4.0,2024-06-02,Electrodomésticos,309.16,3,RRSS,5.1,2024-07-24,2024-08-30,False
1076,Secadora,77.29,4.0,2024-06-02,Electrodomésticos,309.16,63,TV,5.69,2024-11-03,2024-11-28,False
1076,Secadora,77.29,4.0,2024-06-02,Electrodomésticos,309.16,33,Email,3.8,2024-12-20,2025-01-07,False
1476,Secadora,73.14,6.0,2024-06-02,Electrodomésticos,438.84000000000003,3,RRSS,5.1,2024-07-24,2024-08-30,False
1476,Secadora,73.14,6.0,2024-06-02,Electrodomésticos,438.84000000000003,63,TV,5.69,2024-11-03,2024-11-28,False
1476,Secadora,73.14,6.0,2024-06-02,Electrodomésticos,438.84000000000003,33,Email,3.8,2024-12-20,2025-01-07,False
1552,Heladera,54.63,5.0,2024-06-02,Electrodomésticos,273.15000000000003,34,Email,4.2,2024-05-06,2024-07-05,True
1552,Heladera,54.63,5.0,2024-06-02,Electrodomésticos,273.15000000000003,4,RRSS,4.53,2024-05-31,2024-07-15,True
1552,Heladera,54.63,5.0,2024-06-02,Electrodomésticos,273.15000000000003,64,TV,4.38,2024-07-10,2024-08-09,False
1602,Heladera,48.35,9.0,2024-06-02,Electrodomésticos,435.15000000000003,34,Email,4.2,2024-05-06,2024-07-05,True
1602,Heladera,48.35,9.0,2024-06-02,Electrodomésticos,435.15000000000003,4,RRSS,4.53,2024-05-31,2024-07-15,True
1602,Heladera,48.35,9.0,2024-06-02,Electrodomésticos,435.15000000000003,64,TV,4.38,2024-07-10,2024-08-09,False
1664,Aspiradora,69.63,12.0,2024-06-02,Electrodomésticos,835.56,40,Email,6.24,2024-06-24,2024-08-12,False
1664,Aspiradora,69.63,12.0,2024-06-02,Electrodomésticos,835.56,10,RRSS,7.16,2024-08-19,2024-09-19,False
1664,Aspiradora,69.63,12.0,2024-06-02,Electrodomésticos,835.56,70,TV,3.06,2024-12-13,2024-12-29,False
1822,Heladera,56.36,12.0,2024-06-02,Electrodomésticos,676.3199999999999,34,Email,4.2,2024-05-06,2024-07-05,True
1822,Heladera,56.36,12.0,2024-06-02,Electrodomésticos,676.3199999999999,4,RRSS,4.53,2024-05-31,2024-07-15,True
1822,Heladera,56.36,12.0,2024-06-02,Electrodomésticos,676.3199999999999,64,TV,4.38,2024-07-10,2024-08-09,False
2046,Laptop,34.09,6.0,2024-06-02,Electrónica,204.54000000000002,60,Email,4.89,2024-09-28,2024-10-27,False
2046,Laptop,34.09,6.0,2024-06-02,Electrónica,204.54000000000002,30,RRSS,4.68,2024-10-23,2024-11-24,False
2046,Laptop,34.09,6.0,2024-06-02,Electrónica,204.54000000000002,90,TV,5.62,2024-11-16,2025-01-13,False
2126,Laptop,107.26,4.0,2024-06-02,Electrónica,429.04,60,Email,4.89,2024-09-28,2024-10-27,False
2126,Laptop,107.26,4.0,2024-06-02,Electrónica,429.04,30,RRSS,4.68,2024-10-23,2024-11-24,False
2126,Laptop,107.26,4.0,2024-06-02,Electrónica,429.04,90,TV,5.62,2024-11-16,2025-01-13,False
1082,Heladera,107.48,12.0,2024-06-03,Electrodomésticos,1289.76,34,Email,4.2,2024-05-06,2024-07-05,True
1082,Heladera,107.48,12.0,2024-06-03,Electrodomésticos,1289.76,4,RRSS,4.53,2024-05-31,2024-07-15,True
1082,Heladera,107.48,12.0,2024-06-03,Electrodomésticos,1289.76,64,TV,4.38,2024-07-10,2024-08-09,False
1327,Horno eléctrico,75.85,2.0,2024-06-03,Electrodomésticos,151.7,35,Email,5.65,2024-07-31,2024-09-29,False
1327,Horno eléctrico,75.85,2.0,2024-06-03,Electrodomésticos,151.7,5,RRSS,5.16,2024-08-22,2024-10-17,False
1327,Horno eléctrico,75.85,2.0,2024-06-03,Electrodomésticos,151.7,65,TV,3.08,2024-10-23,2024-12-11,False
1370,Plancha de vapor,115.6,10.0,2024-06-03,Electrodomésticos,1156.0,36,Email,5.41,2024-04-02,2024-06-01,False
1370,Plancha de vapor,115.6,10.0,2024-06-03,Electrodomésticos,1156.0,6,RRSS,4.02,2024-09-24,2024-11-02,False
1370,Plancha de vapor,115.6,10.0,2024-06-03,Electrodomésticos,1156.0,66,TV,4.69,2024-10-04,2024-10-23,False
1923,Microondas,97.54,4.0,2024-06-03,Electrodomésticos,390.16,56,Email,4.94,2024-08-06,2024-08-25,False
1923,Microondas,97.54,4.0,2024-06-03,Electrodomésticos,390.16,26,RRSS,5.0,2024-09-25,2024-10-14,False
1923,Microondas,97.54,4.0,2024-06-03,Electrodomésticos,390.16,86,TV,4.25,2024-09-25,2024-11-15,False
2055,Auriculares,104.83,9.0,2024-06-03,Electrónica,943.47,47,Email,4.19,2024-06-02,2024-07-22,True
2055,Auriculares,104.83,9.0,2024-06-03,Electrónica,943.47,17,RRSS,6.06,2024-07-15,2024-08-15,False
2055,Auriculares,104.83,9.0,2024-06-03,Electrónica,943.47,77,TV,4.99,2024-11-11,2024-12-06,False
2207,Cámara digital,110.08,4.0,2024-06-03,Electrónica,440.32,18,RRSS,5.46,2024-07-16,2024-09-13,False
2207,Cámara digital,110.08,4.0,2024-06-03,Electrónica,440.32,78,TV,4.1,2024-08-02,2024-09-20,False
2207,Cámara digital,110.08,4.0,2024-06-03,Electrónica,440.32,48,Email,6.84,2024-10-31,2024-12-09,False
992,Cuadro decorativo,52.42,3.0,2024-06-04,Decoración,157.26,1,RRSS,5.27,2024-04-27,2024-06-04,True
992,Cuadro decorativo,52.42,3.0,2024-06-04,Decoración,157.26,31,Email,5.28,2024-08-15,2024-09-12,False
992,Cuadro decorativo,52.42,3.0,2024-06-04,Decoración,157.26,61,TV,5.3,2024-11-05,2024-12-23,False
1063,Microondas,108.39,12.0,2024-06-04,Electrodomésticos,1300.68,56,Email,4.94,2024-08-06,2024-08-25,False
1063,Microondas,108.39,12.0,2024-06-04,Electrodomésticos,1300.68,26,RRSS,5.0,2024-09-25,2024-10-14,False
1063,Microondas,108.39,12.0,2024-06-04,Electrodomésticos,1300.68,86,TV,4.25,2024-09-25,2024-11-15,False
1518,Cafetera,46.7,2.0,2024-06-04,Electrodomésticos,93.4,49,Email,5.2,2024-06-20,2024-07-22,False
1518,Cafetera,46.7,2.0,2024-06-04,Electrodomésticos,93.4,79,TV,7.26,2024-08-13,2024-10-11,False
1518,Cafetera,46.7,2.0,2024-06-04,Electrodomésticos,93.4,19,RRSS,5.7,2024-08-19,2024-09-15,False
1563,Microondas,111.61,2.0,2024-06-04,Electrodomésticos,223.22,56,Email,4.94,2024-08-06,2024-08-25,False
1563,Microondas,111.61,2.0,2024-06-04,Electrodomésticos,223.22,26,RRSS,5.0,2024-09-25,2024-10-14,False
1563,Microondas,111.61,2.0,2024-06-04,Electrodomésticos,223.22,86,TV,4.25,2024-09-25,2024-11-15,False
2017,Cámara digital,54.04,8.0,2024-06-04,Electrónica,432.32,18,RRSS,5.46,2024-07-16,2024-09-13,False
2017,Cámara digital,54.04,8.0,2024-06-04,Electrónica,432.32,78,TV,4.1,2024-08-02,2024-09-20,False
2017,Cámara digital,54.04,8.0,2024-06-04,Electrónica,432.32,48,Email,6.84,2024-10-31,2024-12-09,False
2468,SmartWatch,54.55,11.0,2024-06-04,Electrónica,600.05,85,TV,5.07,2024-04-01,2024-05-05,False
2468,SmartWatch,54.55,11.0,2024-06-04,Electrónica,600.05,55,Email,4.59,2024-10-13,2024-12-06,False
2468,SmartWatch,54.55,11.0,2024-06-04,Electrónica,600.05,25,RRSS,4.84,2024-11-23,2024-12-29,False
2807,Cámara digital,44.43,6.0,2024-06-04,Electrónica,266.58,18,RRSS,5.46,2024-07-16,2024-09-13,False
2807,Cámara digital,44.43,6.0,2024-06-04,Electrónica,266.58,78,TV,4.1,2024-08-02,2024-09-20,False
2807,Cámara digital,44.43,6.0,2024-06-04,Electrónica,266.58,48,Email,6.84,2024-10-31,2024-12-09,False
433,Espejo decorativo,86.28,10.0,2024-06-05,Decoración,862.8,83,TV,5.24,2024-05-31,2024-07-08,True
433,Espejo decorativo,86.28,10.0,2024-06-05,Decoración,862.8,53,Email,4.9,2024-07-17,2024-08-01,False
433,Espejo decorativo,86.28,10.0,2024-06-05,Decoración,862.8,23,RRSS,4.75,2024-08-28,2024-10-17,False
1199,Batidora,58.03,10.0,2024-06-05,Electrodomésticos,580.3,57,Email,4.48,2024-04-10,2024-06-08,True
1199,Batidora,58.03,10.0,2024-06-05,Electrodomésticos,580.3,87,TV,6.28,2024-08-27,2024-10-11,False
1199,Batidora,58.03,10.0,2024-06-05,Electrodomésticos,580.3,27,RRSS,4.52,2024-11-01,2024-12-08,False
1227,Horno eléctrico,49.61,2.0,2024-06-05,Electrodomésticos,99.22,35,Email,5.65,2024-07-31,2024-09-29,False
1227,Horno eléctrico,49.61,2.0,2024-06-05,Electrodomésticos,99.22,5,RRSS,5.16,2024-08-22,2024-10-17,False
1227,Horno eléctrico,49.61,2.0,2024-06-05,Electrodomésticos,99.22,65,TV,3.08,2024-10-23,2024-12-11,False
1334,Aspiradora,43.21,7.0,2024-06-05,Electrodomésticos,302.47,40,Email,6.24,2024-06-24,2024-08-12,False
1334,Aspiradora,43.21,7.0,2024-06-05,Electrodomésticos,302.47,10,RRSS,7.16,2024-08-19,2024-09-19,False
1334,Aspiradora,43.21,7.0,2024-06-05,Electrodomésticos,302.47,70,TV,3.06,2024-12-13,2024-12-29,False
1347,Horno eléctrico,94.85,7.0,2024-06-05,Electrodomésticos,663.9499999999999,35,Email,5.65,2024-07-31,2024-09-29,False
1347,Horno eléctrico,94.85,7.0,2024-06-05,Electrodomésticos,663.9499999999999,5,RRSS,5.16,2024-08-22,2024-10-17,False
1347,Horno eléctrico,94.85,7.0,2024-06-05,Electrodomésticos,663.9499999999999,65,TV,3.08,2024-10-23,2024-12-11,False
1382,Microondas,94.28,9.0,2024-06-05,Electrodomésticos,848.52,56,Email,4.94,2024-08-06,2024-08-25,False
1382,Microondas,94.28,9.0,2024-06-05,Electrodomésticos,848.52,26,RRSS,5.0,2024-09-25,2024-10-14,False
1382,Microondas,94.28,9.0,2024-06-05,Electrodomésticos,848.52,86,TV,4.25,2024-09-25,2024-11-15,False
740,Adorno de pared,103.19,9.0,2024-06-06,Decoración,928.71,74,TV,4.81,2024-03-20,2024-05-03,False
740,Adorno de pared,103.19,9.0,2024-06-06,Decoración,928.71,44,Email,5.08,2024-04-13,2024-05-10,False
740,Adorno de pared,103.19,9.0,2024-06-06,Decoración,928.71,14,RRSS,4.16,2024-10-22,2024-12-21,False
766,Cortinas,90.1,8.0,2024-06-06,Decoración,720.8,43,Email,5.67,2024-05-02,2024-06-17,True
766,Cortinas,90.1,8.0,2024-06-06,Decoración,720.8,73,TV,6.47,2024-08-17,2024-09-26,False
766,Cortinas,90.1,8.0,2024-06-06,Decoración,720.8,13,RRSS,5.22,2024-09-16,2024-10-15,False
890,Adorno de pared,91.85,6.0,2024-06-06,Decoración,551.0999999999999,74,TV,4.81,2024-03-20,2024-05-03,False
890,Adorno de pared,91.85,6.0,2024-06-06,Decoración,551.0999999999999,44,Email,5.08,2024-04-13,2024-05-10,False
890,Adorno de pared,91.85,6.0,2024-06-06,Decoración,551.0999999999999,14,RRSS,4.16,2024-10-22,2024-12-21,False
1030,Plancha de vapor,66.69,1.0,2024-06-06,Electrodomésticos,66.69,36,Email,5.41,2024-04-02,2024-06-01,False
1030,Plancha de vapor,66.69,1.0,2024-06-06,Electrodomésticos,66.69,6,RRSS,4.02,2024-09-24,2024-11-02,False
1030,Plancha de vapor,66.69,1.0,2024-06-06,Electrodomésticos,66.69,66,TV,4.69,2024-10-04,2024-10-23,False
1127,Horno eléctrico,66.32,6.0,2024-06-06,Electrodomésticos,397.91999999999996,35,Email,5.65,2024-07-31,2024-09-29,False
1127,Horno eléctrico,66.32,6.0,2024-06-06,Electrodomésticos,397.91999999999996,5,RRSS,5.16,2024-08-22,2024-10-17,False
1127,Horno eléctrico,66.32,6.0,2024-06-06,Electrodomésticos,397.91999999999996,65,TV,3.08,2024-10-23,2024-12-11,False
1297,Horno eléctrico,35.93,12.0,2024-06-06,Electrodomésticos,431.15999999999997,35,Email,5.65,2024-07-31,2024-09-29,False
1297,Horno eléctrico,35.93,12.0,2024-06-06,Electrodomésticos,431.15999999999997,5,RRSS,5.16,2024-08-22,2024-10-17,False
1297,Horno eléctrico,35.93,12.0,2024-06-06,Electrodomésticos,431.15999999999997,65,TV,3.08,2024-10-23,2024-12-11,False
1888,Cafetera,44.54,4.0,2024-06-06,Electrodomésticos,178.16,49,Email,5.2,2024-06-20,2024-07-22,False
1888,Cafetera,44.54,4.0,2024-06-06,Electrodomésticos,178.16,79,TV,7.26,2024-08-13,2024-10-11,False
1888,Cafetera,44.54,4.0,2024-06-06,Electrodomésticos,178.16,19,RRSS,5.7,2024-08-19,2024-09-15,False
2040,Consola de videojuegos,43.95,11.0,2024-06-06,Electrónica,483.45000000000005,50,Email,4.97,2024-05-03,2024-05-28,False
2040,Consola de videojuegos,43.95,11.0,2024-06-06,Electrónica,483.45000000000005,20,RRSS,3.16,2024-07-15,2024-08-03,False
2040,Consola de videojuegos,43.95,11.0,2024-06-06,Electrónica,483.45000000000005,80,TV,4.64,2024-11-01,2024-11-20,False
2674,Tablet,116.52,3.0,2024-06-06,Electrónica,349.56,12,RRSS,3.4,2024-03-26,2024-05-13,False
2674,Tablet,116.52,3.0,2024-06-06,Electrónica,349.56,72,TV,4.9,2024-07-08,2024-09-03,False
2674,Tablet,116.52,3.0,2024-06-06,Electrónica,349.56,42,Email,4.42,2024-07-14,2024-09-03,False
66,Cortinas,46.14,2.0,2024-06-07,Decoración,92.28,43,Email,5.67,2024-05-02,2024-06-17,True
66,Cortinas,46.14,2.0,2024-06-07,Decoración,92.28,73,TV,6.47,2024-08-17,2024-09-26,False
66,Cortinas,46.14,2.0,2024-06-07,Decoración,92.28,13,RRSS,5.22,2024-09-16,2024-10-15,False
257,Elementos de cerámica,108.4,7.0,2024-06-07,Decoración,758.8000000000001,22,RRSS,5.44,2024-06-26,2024-07-15,False
257,Elementos de cerámica,108.4,7.0,2024-06-07,Decoración,758.8000000000001,82,TV,5.69,2024-09-08,2024-10-12,False
257,Elementos de cerámica,108.4,7.0,2024-06-07,Decoración,758.8000000000001,52,Email,5.74,2024-09-09,2024-09-30,False
296,Cortinas,90.57,2.0,2024-06-07,Decoración,181.14,43,Email,5.67,2024-05-02,2024-06-17,True
296,Cortinas,90.57,2.0,2024-06-07,Decoración,181.14,73,TV,6.47,2024-08-17,2024-09-26,False
296,Cortinas,90.57,2.0,2024-06-07,Decoración,181.14,13,RRSS,5.22,2024-09-16,2024-10-15,False
333,Espejo decorativo,73.58,5.0,2024-06-07,Decoración,367.9,83,TV,5.24,2024-05-31,2024-07-08,True
333,Espejo decorativo,73.58,5.0,2024-06-07,Decoración,367.9,53,Email,4.9,2024-07-17,2024-08-01,False
333,Espejo decorativo,73.58,5.0,2024-06-07,Decoración,367.9,23,RRSS,4.75,2024-08-28,2024-10-17,False
2624,Tablet,122.97,2.0,2024-06-07,Electrónica,245.94,12,RRSS,3.4,2024-03-26,2024-05-13,False
2624,Tablet,122.97,2.0,2024-06-07,Electrónica,245.94,72,TV,4.9,2024-07-08,2024-09-03,False
2624,Tablet,122.97,2.0,2024-06-07,Electrónica,245.94,42,Email,4.42,2024-07-14,2024-09-03,False
2750,Consola de videojuegos,38.97,9.0,2024-06-07,Electrónica,350.73,50,Email,4.97,2024-05-03,2024-05-28,False
2750,Consola de videojuegos,38.97,9.0,2024-06-07,Electrónica,350.73,20,RRSS,3.16,2024-07-15,2024-08-03,False
2750,Consola de videojuegos,38.97,9.0,2024-06-07,Electrónica,350.73,80,TV,4.64,2024-11-01,2024-11-20,False
2854,Tablet,56.11,7.0,2024-06-07,Electrónica,392.77,12,RRSS,3.4,2024-03-26,2024-05-13,False
2854,Tablet,56.11,7.0,2024-06-07,Electrónica,392.77,72,TV,4.9,2024-07-08,2024-09-03,False
2854,Tablet,56.11,7.0,2024-06-07,Electrónica,392.77,42,Email,4.42,2024-07-14,2024-09-03,False
648,Rincón de plantas,78.47,6.0,2024-06-08,Decoración,470.82,38,Email,5.76,2024-06-14,2024-07-15,False
648,Rincón de plantas,78.47,6.0,2024-06-08,Decoración,470.82,8,RRSS,4.88,2024-08-03,2024-08-18,False
648,Rincón de plantas,78.47,6.0,2024-06-08,Decoración,470.82,68,TV,5.81,2024-12-17,2025-02-14,False
686,Cortinas,115.02,12.0,2024-06-08,Decoración,1380.24,43,Email,5.67,2024-05-02,2024-06-17,True
686,Cortinas,115.02,12.0,2024-06-08,Decoración,1380.24,73,TV,6.47,2024-08-17,2024-09-26,False
686,Cortinas,115.02,12.0,2024-06-08,Decoración,1380.24,13,RRSS,5.22,2024-09-16,2024-10-15,False
910,Adorno de pared,47.55,3.0,2024-06-08,Decoración,142.64999999999998,74,TV,4.81,2024-03-20,2024-05-03,False
910,Adorno de pared,47.55,3.0,2024-06-08,Decoración,142.64999999999998,44,Email,5.08,2024-04-13,2024-05-10,False
910,Adorno de pared,47.55,3.0,2024-06-08,Decoración,142.64999999999998,14,RRSS,4.16,2024-10-22,2024-12-21,False
1075,Lavadora,31.9,5.0,2024-06-08,Electrodomésticos,159.5,46,Email,3.63,2024-05-12,2024-05-29,False
1075,Lavadora,31.9,5.0,2024-06-08,Electrodomésticos,159.5,76,TV,4.66,2024-05-26,2024-07-02,True
1075,Lavadora,31.9,5.0,2024-06-08,Electrodomésticos,159.5,16,RRSS,3.56,2024-08-14,2024-09-20,False
1474,Aspiradora,91.09,11.0,2024-06-08,Electrodomésticos,1001.99,40,Email,6.24,2024-06-24,2024-08-12,False
1474,Aspiradora,91.09,11.0,2024-06-08,Electrodomésticos,1001.99,10,RRSS,7.16,2024-08-19,2024-09-19,False
1474,Aspiradora,91.09,11.0,2024-06-08,Electrodomésticos,1001.99,70,TV,3.06,2024-12-13,2024-12-29,False
1729,Batidora,72.01,9.0,2024-06-08,Electrodomésticos,648.09,57,Email,4.48,2024-04-10,2024-06-08,True
1729,Batidora,72.01,9.0,2024-06-08,Electrodomésticos,648.09,87,TV,6.28,2024-08-27,2024-10-11,False
1729,Batidora,72.01,9.0,2024-06-08,Electrodomésticos,648.09,27,RRSS,4.52,2024-11-01,2024-12-08,False
1735,Lavadora,111.42,7.0,2024-06-08,Electrodomésticos,779.94,46,Email,3.63,2024-05-12,2024-05-29,False
1735,Lavadora,111.42,7.0,2024-06-08,Electrodomésticos,779.94,76,TV,4.66,2024-05-26,2024-07-02,True
1735,Lavadora,111.42,7.0,2024-06-08,Electrodomésticos,779.94,16,RRSS,3.56,2024-08-14,2024-09-20,False
1870,Plancha de vapor,29.65,11.0,2024-06-08,Electrodomésticos,326.15,36,Email,5.41,2024-04-02,2024-06-01,False
1870,Plancha de vapor,29.65,11.0,2024-06-08,Electrodomésticos,326.15,6,RRSS,4.02,2024-09-24,2024-11-02,False
1870,Plancha de vapor,29.65,11.0,2024-06-08,Electrodomésticos,326.15,66,TV,4.69,2024-10-04,2024-10-23,False
2138,SmartWatch,27.36,4.0,2024-06-08,Electrónica,109.44,85,TV,5.07,2024-04-01,2024-05-05,False
2138,SmartWatch,27.36,4.0,2024-06-08,Electrónica,109.44,55,Email,4.59,2024-10-13,2024-12-06,False
2138,SmartWatch,27.36,4.0,2024-06-08,Electrónica,109.44,25,RRSS,4.84,2024-11-23,2024-12-29,False
2308,SmartWatch,105.89,9.0,2024-06-08,Electrónica,953.01,85,TV,5.07,2024-04-01,2024-05-05,False
2308,SmartWatch,105.89,9.0,2024-06-08,Electrónica,953.01,55,Email,4.59,2024-10-13,2024-12-06,False
2308,SmartWatch,105.89,9.0,2024-06-08,Electrónica,953.01,25,RRSS,4.84,2024-11-23,2024-12-29,False
2321,Parlantes Bluetooth,47.14,5.0,2024-06-08,Electrónica,235.7,84,TV,4.42,2024-04-17,2024-05-05,False
2321,Parlantes Bluetooth,47.14,5.0,2024-06-08,Electrónica,235.7,54,Email,2.95,2024-08-09,2024-09-22,False
2321,Parlantes Bluetooth,47.14,5.0,2024-06-08,Electrónica,235.7,24,RRSS,6.0,2024-09-22,2024-10-26,False
2957,Cámara digital,37.59,6.0,2024-06-08,Electrónica,225.54000000000002,18,RRSS,5.46,2024-07-16,2024-09-13,False
2957,Cámara digital,37.59,6.0,2024-06-08,Electrónica,225.54000000000002,78,TV,4.1,2024-08-02,2024-09-20,False
2957,Cámara digital,37.59,6.0,2024-06-08,Electrónica,225.54000000000002,48,Email,6.84,2024-10-31,2024-12-09,False
28,Rincón de plantas,54.26,10.0,2024-06-09,Decoración,542.6,38,Email,5.76,2024-06-14,2024-07-15,False
28,Rincón de plantas,54.26,10.0,2024-06-09,Decoración,542.6,8,RRSS,4.88,2024-08-03,2024-08-18,False
28,Rincón de plantas,54.26,10.0,2024-06-09,Decoración,542.6,68,TV,5.81,2024-12-17,2025-02-14,False
1179,Batidora,123.86,3.0,2024-06-09,Electrodomésticos,371.58,57,Email,4.48,2024-04-10,2024-06-08,False
1179,Batidora,123.86,3.0,2024-06-09,Electrodomésticos,371.58,87,TV,6.28,2024-08-27,2024-10-11,False
1179,Batidora,123.86,3.0,2024-06-09,Electrodomésticos,371.58,27,RRSS,4.52,2024-11-01,2024-12-08,False
1276,Secadora,65.45,12.0,2024-06-09,Electrodomésticos,785.4000000000001,3,RRSS,5.1,2024-07-24,2024-08-30,False
1276,Secadora,65.45,12.0,2024-06-09,Electrodomésticos,785.4000000000001,63,TV,5.69,2024-11-03,2024-11-28,False
1276,Secadora,65.45,12.0,2024-06-09,Electrodomésticos,785.4000000000001,33,Email,3.8,2024-12-20,2025-01-07,False
2105,Auriculares,46.74,12.0,2024-06-09,Electrónica,560.88,47,Email,4.19,2024-06-02,2024-07-22,True
2105,Auriculares,46.74,12.0,2024-06-09,Electrónica,560.88,17,RRSS,6.06,2024-07-15,2024-08-15,False
2105,Auriculares,46.74,12.0,2024-06-09,Electrónica,560.88,77,TV,4.99,2024-11-11,2024-12-06,False
1120,Plancha de vapor,30.67,7.0,2024-06-10,Electrodomésticos,214.69,36,Email,5.41,2024-04-02,2024-06-01,False
1120,Plancha de vapor,30.67,7.0,2024-06-10,Electrodomésticos,214.69,6,RRSS,4.02,2024-09-24,2024-11-02,False
1120,Plancha de vapor,30.67,7.0,2024-06-10,Electrodomésticos,214.69,66,TV,4.69,2024-10-04,2024-10-23,False
2292,Televisor,39.53,12.0,2024-06-10,Electrónica,474.36,29,RRSS,3.96,2024-05-17,2024-06-28,True
2292,Televisor,39.53,12.0,2024-06-10,Electrónica,474.36,59,Email,4.19,2024-11-20,2025-01-19,False
2292,Televisor,39.53,12.0,2024-06-10,Electrónica,474.36,89,TV,4.98,2024-12-13,2025-02-08,False
2418,SmartWatch,46.8,3.0,2024-06-10,Electrónica,140.39999999999998,85,TV,5.07,2024-04-01,2024-05-05,False
2418,SmartWatch,46.8,3.0,2024-06-10,Electrónica,140.39999999999998,55,Email,4.59,2024-10-13,2024-12-06,False
2418,SmartWatch,46.8,3.0,2024-06-10,Electrónica,140.39999999999998,25,RRSS,4.84,2024-11-23,2024-12-29,False
2601,Parlantes Bluetooth,121.98,7.0,2024-06-10,Electrónica,853.86,84,TV,4.42,2024-04-17,2024-05-05,False
2601,Parlantes Bluetooth,121.98,7.0,2024-06-10,Electrónica,853.86,54,Email,2.95,2024-08-09,2024-09-22,False
2601,Parlantes Bluetooth,121.98,7.0,2024-06-10,Electrónica,853.86,24,RRSS,6.0,2024-09-22,2024-10-26,False
637,Elementos de cerámica,44.23,4.0,2024-06-11,Decoración,176.92,22,RRSS,5.44,2024-06-26,2024-07-15,False
637,Elementos de cerámica,44.23,4.0,2024-06-11,Decoración,176.92,82,TV,5.69,2024-09-08,2024-10-12,False
637,Elementos de cerámica,44.23,4.0,2024-06-11,Decoración,176.92,52,Email,5.74,2024-09-09,2024-09-30,False
810,Adorno de pared,105.57,7.0,2024-06-11,Decoración,738.99,74,TV,4.81,2024-03-20,2024-05-03,False
810,Adorno de pared,105.57,7.0,2024-06-11,Decoración,738.99,44,Email,5.08,2024-04-13,2024-05-10,False
810,Adorno de pared,105.57,7.0,2024-06-11,Decoración,738.99,14,RRSS,4.16,2024-10-22,2024-12-21,False
1437,Horno eléctrico,80.12,8.0,2024-06-11,Electrodomésticos,640.96,35,Email,5.65,2024-07-31,2024-09-29,False
1437,Horno eléctrico,80.12,8.0,2024-06-11,Electrodomésticos,640.96,5,RRSS,5.16,2024-08-22,2024-10-17,False
1437,Horno eléctrico,80.12,8.0,2024-06-11,Electrodomésticos,640.96,65,TV,3.08,2024-10-23,2024-12-11,False
1720,Plancha de vapor,81.86,12.0,2024-06-11,Electrodomésticos,982.3199999999999,36,Email,5.41,2024-04-02,2024-06-01,False
1720,Plancha de vapor,81.86,12.0,2024-06-11,Electrodomésticos,982.3199999999999,6,RRSS,4.02,2024-09-24,2024-11-02,False
1720,Plancha de vapor,81.86,12.0,2024-06-11,Electrodomésticos,982.3199999999999,66,TV,4.69,2024-10-04,2024-10-23,False
2065,Auriculares,108.07,10.0,2024-06-11,Electrónica,1080.6999999999998,47,Email,4.19,2024-06-02,2024-07-22,True
2065,Auriculares,108.07,10.0,2024-06-11,Electrónica,1080.6999999999998,17,RRSS,6.06,2024-07-15,2024-08-15,False
2065,Auriculares,108.07,10.0,2024-06-11,Electrónica,1080.6999999999998,77,TV,4.99,2024-11-11,2024-12-06,False
2235,Auriculares,74.81,12.0,2024-06-11,Electrónica,897.72,47,Email,4.19,2024-06-02,2024-07-22,True
2235,Auriculares,74.81,12.0,2024-06-11,Electrónica,897.72,17,RRSS,6.06,2024-07-15,2024-08-15,False
2235,Auriculares,74.81,12.0,2024-06-11,Electrónica,897.72,77,TV,4.99,2024-11-11,2024-12-06,False
2458,SmartWatch,58.95,9.0,2024-06-11,Electrónica,530.5500000000001,85,TV,5.07,2024-04-01,2024-05-05,False
2458,SmartWatch,58.95,9.0,2024-06-11,Electrónica,530.5500000000001,55,Email,4.59,2024-10-13,2024-12-06,False
2458,SmartWatch,58.95,9.0,2024-06-11,Electrónica,530.5500000000001,25,RRSS,4.84,2024-11-23,2024-12-29,False
2552,Televisor,122.59,7.0,2024-06-11,Electrónica,858.13,29,RRSS,3.96,2024-05-17,2024-06-28,True
2552,Televisor,122.59,7.0,2024-06-11,Electrónica,858.13,59,Email,4.19,2024-11-20,2025-01-19,False
2552,Televisor,122.59,7.0,2024-06-11,Electrónica,858.13,89,TV,4.98,2024-12-13,2025-02-08,False
2819,Proyector,80.92,8.0,2024-06-11,Electrónica,647.36,67,TV,3.68,2024-05-22,2024-07-12,True
2819,Proyector,80.92,8.0,2024-06-11,Electrónica,647.36,37,Email,3.22,2024-07-06,2024-07-26,False
2819,Proyector,80.92,8.0,2024-06-11,Electrónica,647.36,7,RRSS,5.57,2024-07-30,2024-08-16,False
2859,Proyector,62.35,3.0,2024-06-11,Electrónica,187.05,67,TV,3.68,2024-05-22,2024-07-12,True
2859,Proyector,62.35,3.0,2024-06-11,Electrónica,187.05,37,Email,3.22,2024-07-06,2024-07-26,False
2859,Proyector,62.35,3.0,2024-06-11,Electrónica,187.05,7,RRSS,5.57,2024-07-30,2024-08-16,False
2955,Auriculares,106.03,7.0,2024-06-11,Electrónica,742.21,47,Email,4.19,2024-06-02,2024-07-22,True
2955,Auriculares,106.03,7.0,2024-06-11,Electrónica,742.21,17,RRSS,6.06,2024-07-15,2024-08-15,False
2955,Auriculares,106.03,7.0,2024-06-11,Electrónica,742.21,77,TV,4.99,2024-11-11,2024-12-06,False
297,Elementos de cerámica,73.17,10.0,2024-06-12,Decoración,731.7,22,RRSS,5.44,2024-06-26,2024-07-15,False
297,Elementos de cerámica,73.17,10.0,2024-06-12,Decoración,731.7,82,TV,5.69,2024-09-08,2024-10-12,False
297,Elementos de cerámica,73.17,10.0,2024-06-12,Decoración,731.7,52,Email,5.74,2024-09-09,2024-09-30,False
771,Lámpara de mesa,51.51,2.0,2024-06-12,Decoración,103.02,32,Email,5.54,2024-03-28,2024-04-20,False
771,Lámpara de mesa,51.51,2.0,2024-06-12,Decoración,103.02,2,RRSS,5.88,2024-05-30,2024-06-29,True
771,Lámpara de mesa,51.51,2.0,2024-06-12,Decoración,103.02,62,TV,4.51,2024-08-26,2024-10-07,False
1154,Aspiradora,95.11,4.0,2024-06-12,Electrodomésticos,380.44,40,Email,6.24,2024-06-24,2024-08-12,False
1154,Aspiradora,95.11,4.0,2024-06-12,Electrodomésticos,380.44,10,RRSS,7.16,2024-08-19,2024-09-19,False
1154,Aspiradora,95.11,4.0,2024-06-12,Electrodomésticos,380.44,70,TV,3.06,2024-12-13,2024-12-29,False
1662,Microondas,33.73,1.0,2024-06-12,Electrodomésticos,33.73,56,Email,4.94,2024-08-06,2024-08-25,False
1662,Microondas,33.73,1.0,2024-06-12,Electrodomésticos,33.73,26,RRSS,5.0,2024-09-25,2024-10-14,False
1662,Microondas,33.73,1.0,2024-06-12,Electrodomésticos,33.73,86,TV,4.25,2024-09-25,2024-11-15,False
2084,Tablet,26.85,9.0,2024-06-12,Electrónica,241.65,12,RRSS,3.4,2024-03-26,2024-05-13,False
2084,Tablet,26.85,9.0,2024-06-12,Electrónica,241.65,72,TV,4.9,2024-07-08,2024-09-03,False
2084,Tablet,26.85,9.0,2024-06-12,Electrónica,241.65,42,Email,4.42,2024-07-14,2024-09-03,False
2164,Tablet,66.02,8.0,2024-06-12,Electrónica,528.16,12,RRSS,3.4,2024-03-26,2024-05-13,False
2164,Tablet,66.02,8.0,2024-06-12,Electrónica,528.16,72,TV,4.9,2024-07-08,2024-09-03,False
2164,Tablet,66.02,8.0,2024-06-12,Electrónica,528.16,42,Email,4.42,2024-07-14,2024-09-03,False
2256,Laptop,37.57,4.0,2024-06-12,Electrónica,150.28,60,Email,4.89,2024-09-28,2024-10-27,False
2256,Laptop,37.57,4.0,2024-06-12,Electrónica,150.28,30,RRSS,4.68,2024-10-23,2024-11-24,False
2256,Laptop,37.57,4.0,2024-06-12,Electrónica,150.28,90,TV,5.62,2024-11-16,2025-01-13,False
2746,Laptop,58.49,7.0,2024-06-12,Electrónica,409.43,60,Email,4.89,2024-09-28,2024-10-27,False
2746,Laptop,58.49,7.0,2024-06-12,Electrónica,409.43,30,RRSS,4.68,2024-10-23,2024-11-24,False
2746,Laptop,58.49,7.0,2024-06-12,Electrónica,409.43,90,TV,5.62,2024-11-16,2025-01-13,False
191,Lámpara de mesa,60.73,1.0,2024-06-13,Decoración,60.73,32,Email,5.54,2024-03-28,2024-04-20,False
191,Lámpara de mesa,60.73,1.0,2024-06-13,Decoración,60.73,2,RRSS,5.88,2024-05-30,2024-06-29,True
191,Lámpara de mesa,60.73,1.0,2024-06-13,Decoración,60.73,62,TV,4.51,2024-08-26,2024-10-07,False
350,Adorno de pared,79.48,12.0,2024-06-13,Decoración,953.76,74,TV,4.81,2024-03-20,2024-05-03,False
350,Adorno de pared,79.48,12.0,2024-06-13,Decoración,953.76,44,Email,5.08,2024-04-13,2024-05-10,False
350,Adorno de pared,79.48,12.0,2024-06-13,Decoración,953.76,14,RRSS,4.16,2024-10-22,2024-12-21,False
824,Jarrón decorativo,91.89,8.0,2024-06-13,Decoración,735.12,15,RRSS,4.65,2024-05-09,2024-06-13,True
824,Jarrón decorativo,91.89,8.0,2024-06-13,Decoración,735.12,45,Email,4.52,2024-06-05,2024-07-31,True
824,Jarrón decorativo,91.89,8.0,2024-06-13,Decoración,735.12,75,TV,4.1,2024-11-03,2024-12-25,False
982,Cuadro decorativo,34.89,10.0,2024-06-13,Decoración,348.9,1,RRSS,5.27,2024-04-27,2024-06-04,False
982,Cuadro decorativo,34.89,10.0,2024-06-13,Decoración,348.9,31,Email,5.28,2024-08-15,2024-09-12,False
982,Cuadro decorativo,34.89,10.0,2024-06-13,Decoración,348.9,61,TV,5.3,2024-11-05,2024-12-23,False
1246,Secadora,60.94,6.0,2024-06-13,Electrodomésticos,365.64,3,RRSS,5.1,2024-07-24,2024-08-30,False
1246,Secadora,60.94,6.0,2024-06-13,Electrodomésticos,365.64,63,TV,5.69,2024-11-03,2024-11-28,False
1246,Secadora,60.94,6.0,2024-06-13,Electrodomésticos,365.64,33,Email,3.8,2024-12-20,2025-01-07,False
2344,Tablet,71.59,5.0,2024-06-13,Electrónica,357.95000000000005,12,RRSS,3.4,2024-03-26,2024-05-13,False
2344,Tablet,71.59,5.0,2024-06-13,Electrónica,357.95000000000005,72,TV,4.9,2024-07-08,2024-09-03,False
2344,Tablet,71.59,5.0,2024-06-13,Electrónica,357.95000000000005,42,Email,4.42,2024-07-14,2024-09-03,False
2740,Consola de videojuegos,88.36,5.0,2024-06-13,Electrónica,441.8,50,Email,4.97,2024-05-03,2024-05-28,False
2740,Consola de videojuegos,88.36,5.0,2024-06-13,Electrónica,441.8,20,RRSS,3.16,2024-07-15,2024-08-03,False
2740,Consola de videojuegos,88.36,5.0,2024-06-13,Electrónica,441.8,80,TV,4.64,2024-11-01,2024-11-20,False
2754,Tablet,61.6,3.0,2024-06-13,Electrónica,184.8,12,RRSS,3.4,2024-03-26,2024-05-13,False
2754,Tablet,61.6,3.0,2024-06-13,Electrónica,184.8,72,TV,4.9,2024-07-08,2024-09-03,False
2754,Tablet,61.6,3.0,2024-06-13,Electrónica,184.8,42,Email,4.42,2024-07-14,2024-09-03,False
90,Adorno de pared,119.3,2.0,2024-06-14,Decoración,238.6,74,TV,4.81,2024-03-20,2024-05-03,False
90,Adorno de pared,119.3,2.0,2024-06-14,Decoración,238.6,44,Email,5.08,2024-04-13,2024-05-10,False
90,Adorno de pared,119.3,2.0,2024-06-14,Decoración,238.6,14,RRSS,4.16,2024-10-22,2024-12-21,False
764,Jarrón decorativo,45.94,10.0,2024-06-14,Decoración,459.4,15,RRSS,4.65,2024-05-09,2024-06-13,False
764,Jarrón decorativo,45.94,10.0,2024-06-14,Decoración,459.4,45,Email,4.52,2024-06-05,2024-07-31,True
764,Jarrón decorativo,45.94,10.0,2024-06-14,Decoración,459.4,75,TV,4.1,2024-11-03,2024-12-25,False
1992,Microondas,120.02,12.0,2024-06-14,Electrodomésticos,1440.24,56,Email,4.94,2024-08-06,2024-08-25,False
1992,Microondas,120.02,12.0,2024-06-14,Electrodomésticos,1440.24,26,RRSS,5.0,2024-09-25,2024-10-14,False
1992,Microondas,120.02,12.0,2024-06-14,Electrodomésticos,1440.24,86,TV,4.25,2024-09-25,2024-11-15,False
2123,Smartphone,32.32,6.0,2024-06-14,Electrónica,193.92000000000002,21,RRSS,6.37,2024-03-29,2024-05-16,False
2123,Smartphone,32.32,6.0,2024-06-14,Electrónica,193.92000000000002,51,Email,4.65,2024-05-28,2024-06-15,True
2123,Smartphone,32.32,6.0,2024-06-14,Electrónica,193.92000000000002,81,TV,4.78,2024-09-28,2024-10-24,False
2377,Cámara digital,107.92,9.0,2024-06-14,Electrónica,971.28,18,RRSS,5.46,2024-07-16,2024-09-13,False
2377,Cámara digital,107.92,9.0,2024-06-14,Electrónica,971.28,78,TV,4.1,2024-08-02,2024-09-20,False
2377,Cámara digital,107.92,9.0,2024-06-14,Electrónica,971.28,48,Email,6.84,2024-10-31,2024-12-09,False
2568,SmartWatch,85.17,5.0,2024-06-14,Electrónica,425.85,85,TV,5.07,2024-04-01,2024-05-05,False
2568,SmartWatch,85.17,5.0,2024-06-14,Electrónica,425.85,55,Email,4.59,2024-10-13,2024-12-06,False
2568,SmartWatch,85.17,5.0,2024-06-14,Electrónica,425.85,25,RRSS,4.84,2024-11-23,2024-12-29,False
2728,SmartWatch,87.88,2.0,2024-06-14,Electrónica,175.76,85,TV,5.07,2024-04-01,2024-05-05,False
2728,SmartWatch,87.88,2.0,2024-06-14,Electrónica,175.76,55,Email,4.59,2024-10-13,2024-12-06,False
2728,SmartWatch,87.88,2.0,2024-06-14,Electrónica,175.76,25,RRSS,4.84,2024-11-23,2024-12-29,False
2811,Parlantes Bluetooth,116.91,7.0,2024-06-14,Electrónica,818.37,84,TV,4.42,2024-04-17,2024-05-05,False
2811,Parlantes Bluetooth,116.91,7.0,2024-06-14,Electrónica,818.37,54,Email,2.95,2024-08-09,2024-09-22,False
2811,Parlantes Bluetooth,116.91,7.0,2024-06-14,Electrónica,818.37,24,RRSS,6.0,2024-09-22,2024-10-26,False
208,Rincón de plantas,107.88,10.0,2024-06-15,Decoración,1078.8,38,Email,5.76,2024-06-14,2024-07-15,True
208,Rincón de plantas,107.88,10.0,2024-06-15,Decoración,1078.8,8,RRSS,4.88,2024-08-03,2024-08-18,False
208,Rincón de plantas,107.88,10.0,2024-06-15,Decoración,1078.8,68,TV,5.81,2024-12-17,2025-02-14,False
1091,Freidora eléctrica,70.6,7.0,2024-06-15,Electrodomésticos,494.19999999999993,71,TV,4.37,2024-06-05,2024-07-24,True
1091,Freidora eléctrica,70.6,7.0,2024-06-15,Electrodomésticos,494.19999999999993,41,Email,3.92,2024-11-23,2025-01-01,False
1091,Freidora eléctrica,70.6,7.0,2024-06-15,Electrodomésticos,494.19999999999993,11,RRSS,5.27,2024-12-29,2025-01-21,False
1535,Lavadora,113.28,10.0,2024-06-15,Electrodomésticos,1132.8,46,Email,3.63,2024-05-12,2024-05-29,False
1535,Lavadora,113.28,10.0,2024-06-15,Electrodomésticos,1132.8,76,TV,4.66,2024-05-26,2024-07-02,True
1535,Lavadora,113.28,10.0,2024-06-15,Electrodomésticos,1132.8,16,RRSS,3.56,2024-08-14,2024-09-20,False
2014,Tablet,76.9,8.0,2024-06-15,Electrónica,615.2,12,RRSS,3.4,2024-03-26,2024-05-13,False
2014,Tablet,76.9,8.0,2024-06-15,Electrónica,615.2,72,TV,4.9,2024-07-08,2024-09-03,False
2014,Tablet,76.9,8.0,2024-06-15,Electrónica,615.2,42,Email,4.42,2024-07-14,2024-09-03,False
2026,Laptop,59.48,6.0,2024-06-15,Electrónica,356.88,60,Email,4.89,2024-09-28,2024-10-27,False
2026,Laptop,59.48,6.0,2024-06-15,Electrónica,356.88,30,RRSS,4.68,2024-10-23,2024-11-24,False
2026,Laptop,59.48,6.0,2024-06-15,Electrónica,356.88,90,TV,5.62,2024-11-16,2025-01-13,False
143,Espejo decorativo,101.88,9.0,2024-06-16,Decoración,916.92,83,TV,5.24,2024-05-31,2024-07-08,True
143,Espejo decorativo,101.88,9.0,2024-06-16,Decoración,916.92,53,Email,4.9,2024-07-17,2024-08-01,False
143,Espejo decorativo,101.88,9.0,2024-06-16,Decoración,916.92,23,RRSS,4.75,2024-08-28,2024-10-17,False
187,Elementos de cerámica,57.19,8.0,2024-06-16,Decoración,457.52,22,RRSS,5.44,2024-06-26,2024-07-15,False
187,Elementos de cerámica,57.19,8.0,2024-06-16,Decoración,457.52,82,TV,5.69,2024-09-08,2024-10-12,False
187,Elementos de cerámica,57.19,8.0,2024-06-16,Decoración,457.52,52,Email,5.74,2024-09-09,2024-09-30,False
712,Cuadro decorativo,103.02,2.0,2024-06-16,Decoración,206.04,1,RRSS,5.27,2024-04-27,2024-06-04,False
712,Cuadro decorativo,103.02,2.0,2024-06-16,Decoración,206.04,31,Email,5.28,2024-08-15,2024-09-12,False
712,Cuadro decorativo,103.02,2.0,2024-06-16,Decoración,206.04,61,TV,5.3,2024-11-05,2024-12-23,False
1990,Plancha de vapor,113.42,3.0,2024-06-16,Electrodomésticos,340.26,36,Email,5.41,2024-04-02,2024-06-01,False
1990,Plancha de vapor,113.42,3.0,2024-06-16,Electrodomésticos,340.26,6,RRSS,4.02,2024-09-24,2024-11-02,False
1990,Plancha de vapor,113.42,3.0,2024-06-16,Electrodomésticos,340.26,66,TV,4.69,2024-10-04,2024-10-23,False
2349,Proyector,68.09,8.0,2024-06-16,Electrónica,544.72,67,TV,3.68,2024-05-22,2024-07-12,True
2349,Proyector,68.09,8.0,2024-06-16,Electrónica,544.72,37,Email,3.22,2024-07-06,2024-07-26,False
2349,Proyector,68.09,8.0,2024-06-16,Electrónica,544.72,7,RRSS,5.57,2024-07-30,2024-08-16,False
2896,Laptop,79.86,4.0,2024-06-16,Electrónica,319.44,60,Email,4.89,2024-09-28,2024-10-27,False
2896,Laptop,79.86,4.0,2024-06-16,Electrónica,319.44,30,RRSS,4.68,2024-10-23,2024-11-24,False
2896,Laptop,79.86,4.0,2024-06-16,Electrónica,319.44,90,TV,5.62,2024-11-16,2025-01-13,False
485,Alfombra,113.9,2.0,2024-06-17,Decoración,227.8,58,Email,4.25,2024-03-31,2024-05-05,False
485,Alfombra,113.9,2.0,2024-06-17,Decoración,227.8,88,TV,7.39,2024-07-25,2024-08-31,False
485,Alfombra,113.9,2.0,2024-06-17,Decoración,227.8,28,RRSS,5.82,2024-11-27,2025-01-08,False
534,Jarrón decorativo,32.38,5.0,2024-06-17,Decoración,161.9,15,RRSS,4.65,2024-05-09,2024-06-13,False
534,Jarrón decorativo,32.38,5.0,2024-06-17,Decoración,161.9,45,Email,4.52,2024-06-05,2024-07-31,True
534,Jarrón decorativo,32.38,5.0,2024-06-17,Decoración,161.9,75,TV,4.1,2024-11-03,2024-12-25,False
767,Elementos de cerámica,40.69,11.0,2024-06-17,Decoración,447.59,22,RRSS,5.44,2024-06-26,2024-07-15,False
767,Elementos de cerámica,40.69,11.0,2024-06-17,Decoración,447.59,82,TV,5.69,2024-09-08,2024-10-12,False
767,Elementos de cerámica,40.69,11.0,2024-06-17,Decoración,447.59,52,Email,5.74,2024-09-09,2024-09-30,False
1560,Plancha de vapor,63.13,9.0,2024-06-17,Electrodomésticos,568.1700000000001,36,Email,5.41,2024-04-02,2024-06-01,False
1560,Plancha de vapor,63.13,9.0,2024-06-17,Electrodomésticos,568.1700000000001,6,RRSS,4.02,2024-09-24,2024-11-02,False
1560,Plancha de vapor,63.13,9.0,2024-06-17,Electrodomésticos,568.1700000000001,66,TV,4.69,2024-10-04,2024-10-23,False
261,Lámpara de mesa,124.14,7.0,2024-06-18,Decoración,868.98,32,Email,5.54,2024-03-28,2024-04-20,False
261,Lámpara de mesa,124.14,7.0,2024-06-18,Decoración,868.98,2,RRSS,5.88,2024-05-30,2024-06-29,True
261,Lámpara de mesa,124.14,7.0,2024-06-18,Decoración,868.98,62,TV,4.51,2024-08-26,2024-10-07,False
344,Jarrón decorativo,67.71,1.0,2024-06-18,Decoración,67.71,15,RRSS,4.65,2024-05-09,2024-06-13,False
344,Jarrón decorativo,67.71,1.0,2024-06-18,Decoración,67.71,45,Email,4.52,2024-06-05,2024-07-31,True
344,Jarrón decorativo,67.71,1.0,2024-06-18,Decoración,67.71,75,TV,4.1,2024-11-03,2024-12-25,False
358,Rincón de plantas,63.41,7.0,2024-06-18,Decoración,443.87,38,Email,5.76,2024-06-14,2024-07-15,True
358,Rincón de plantas,63.41,7.0,2024-06-18,Decoración,443.87,8,RRSS,4.88,2024-08-03,2024-08-18,False
358,Rincón de plantas,63.41,7.0,2024-06-18,Decoración,443.87,68,TV,5.81,2024-12-17,2025-02-14,False
625,Alfombra,124.91,3.0,2024-06-18,Decoración,374.73,58,Email,4.25,2024-03-31,2024-05-05,False
625,Alfombra,124.91,3.0,2024-06-18,Decoración,374.73,88,TV,7.39,2024-07-25,2024-08-31,False
625,Alfombra,124.91,3.0,2024-06-18,Decoración,374.73,28,RRSS,5.82,2024-11-27,2025-01-08,False
1288,Cafetera,124.44,2.0,2024-06-18,Electrodomésticos,248.88,49,Email,5.2,2024-06-20,2024-07-22,False
1288,Cafetera,124.44,2.0,2024-06-18,Electrodomésticos,248.88,79,TV,7.26,2024-08-13,2024-10-11,False
1288,Cafetera,124.44,2.0,2024-06-18,Electrodomésticos,248.88,19,RRSS,5.7,2024-08-19,2024-09-15,False
2765,Auriculares,63.93,8.0,2024-06-18,Electrónica,511.44,47,Email,4.19,2024-06-02,2024-07-22,True
2765,Auriculares,63.93,8.0,2024-06-18,Electrónica,511.44,17,RRSS,6.06,2024-07-15,2024-08-15,False
2765,Auriculares,63.93,8.0,2024-06-18,Electrónica,511.44,77,TV,4.99,2024-11-11,2024-12-06,False
777,Elementos de cerámica,62.21,1.0,2024-06-19,Decoración,62.21,22,RRSS,5.44,2024-06-26,2024-07-15,False
777,Elementos de cerámica,62.21,1.0,2024-06-19,Decoración,62.21,82,TV,5.69,2024-09-08,2024-10-12,False
777,Elementos de cerámica,62.21,1.0,2024-06-19,Decoración,62.21,52,Email,5.74,2024-09-09,2024-09-30,False
1069,Batidora,87.99,1.0,2024-06-19,Electrodomésticos,87.99,57,Email,4.48,2024-04-10,2024-06-08,False
1069,Batidora,87.99,1.0,2024-06-19,Electrodomésticos,87.99,87,TV,6.28,2024-08-27,2024-10-11,False
1069,Batidora,87.99,1.0,2024-06-19,Electrodomésticos,87.99,27,RRSS,4.52,2024-11-01,2024-12-08,False
1244,Aspiradora,103.91,4.0,2024-06-19,Electrodomésticos,415.64,40,Email,6.24,2024-06-24,2024-08-12,False
1244,Aspiradora,103.91,4.0,2024-06-19,Electrodomésticos,415.64,10,RRSS,7.16,2024-08-19,2024-09-19,False
1244,Aspiradora,103.91,4.0,2024-06-19,Electrodomésticos,415.64,70,TV,3.06,2024-12-13,2024-12-29,False
1428,Cafetera,63.53,11.0,2024-06-19,Electrodomésticos,698.83,49,Email,5.2,2024-06-20,2024-07-22,False
1428,Cafetera,63.53,11.0,2024-06-19,Electrodomésticos,698.83,79,TV,7.26,2024-08-13,2024-10-11,False
1428,Cafetera,63.53,11.0,2024-06-19,Electrodomésticos,698.83,19,RRSS,5.7,2024-08-19,2024-09-15,False
1722,Microondas,31.78,3.0,2024-06-19,Electrodomésticos,95.34,56,Email,4.94,2024-08-06,2024-08-25,False
1722,Microondas,31.78,3.0,2024-06-19,Electrodomésticos,95.34,26,RRSS,5.0,2024-09-25,2024-10-14,False
1722,Microondas,31.78,3.0,2024-06-19,Electrodomésticos,95.34,86,TV,4.25,2024-09-25,2024-11-15,False
2120,Consola de videojuegos,99.63,6.0,2024-06-19,Electrónica,597.78,50,Email,4.97,2024-05-03,2024-05-28,False
2120,Consola de videojuegos,99.63,6.0,2024-06-19,Electrónica,597.78,20,RRSS,3.16,2024-07-15,2024-08-03,False
2120,Consola de videojuegos,99.63,6.0,2024-06-19,Electrónica,597.78,80,TV,4.64,2024-11-01,2024-11-20,False
2455,Auriculares,91.06,3.0,2024-06-19,Electrónica,273.18,47,Email,4.19,2024-06-02,2024-07-22,True
2455,Auriculares,91.06,3.0,2024-06-19,Electrónica,273.18,17,RRSS,6.06,2024-07-15,2024-08-15,False
2455,Auriculares,91.06,3.0,2024-06-19,Electrónica,273.18,77,TV,4.99,2024-11-11,2024-12-06,False
388,Rincón de plantas,80.35,12.0,2024-06-20,Decoración,964.1999999999999,38,Email,5.76,2024-06-14,2024-07-15,True
388,Rincón de plantas,80.35,12.0,2024-06-20,Decoración,964.1999999999999,8,RRSS,4.88,2024-08-03,2024-08-18,False
388,Rincón de plantas,80.35,12.0,2024-06-20,Decoración,964.1999999999999,68,TV,5.81,2024-12-17,2025-02-14,False
1018,Cafetera,121.43,1.0,2024-06-20,Electrodomésticos,121.43,49,Email,5.2,2024-06-20,2024-07-22,True
1018,Cafetera,121.43,1.0,2024-06-20,Electrodomésticos,121.43,79,TV,7.26,2024-08-13,2024-10-11,False
1018,Cafetera,121.43,1.0,2024-06-20,Electrodomésticos,121.43,19,RRSS,5.7,2024-08-19,2024-09-15,False
1628,Cafetera,30.58,2.0,2024-06-20,Electrodomésticos,61.16,49,Email,5.2,2024-06-20,2024-07-22,True
1628,Cafetera,30.58,2.0,2024-06-20,Electrodomésticos,61.16,79,TV,7.26,2024-08-13,2024-10-11,False
1628,Cafetera,30.58,2.0,2024-06-20,Electrodomésticos,61.16,19,RRSS,5.7,2024-08-19,2024-09-15,False
2127,Cámara digital,70.38,12.0,2024-06-20,Electrónica,844.56,18,RRSS,5.46,2024-07-16,2024-09-13,False
2127,Cámara digital,70.38,12.0,2024-06-20,Electrónica,844.56,78,TV,4.1,2024-08-02,2024-09-20,False
2127,Cámara digital,70.38,12.0,2024-06-20,Electrónica,844.56,48,Email,6.84,2024-10-31,2024-12-09,False
2516,Laptop,91.36,7.0,2024-06-20,Electrónica,639.52,60,Email,4.89,2024-09-28,2024-10-27,False
2516,Laptop,91.36,7.0,2024-06-20,Electrónica,639.52,30,RRSS,4.68,2024-10-23,2024-11-24,False
2516,Laptop,91.36,7.0,2024-06-20,Electrónica,639.52,90,TV,5.62,2024-11-16,2025-01-13,False
410,Adorno de pared,109.64,3.0,2024-06-21,Decoración,328.92,74,TV,4.81,2024-03-20,2024-05-03,False
410,Adorno de pared,109.64,3.0,2024-06-21,Decoración,328.92,44,Email,5.08,2024-04-13,2024-05-10,False
410,Adorno de pared,109.64,3.0,2024-06-21,Decoración,328.92,14,RRSS,4.16,2024-10-22,2024-12-21,False
1350,Plancha de vapor,105.68,5.0,2024-06-21,Electrodomésticos,528.4000000000001,36,Email,5.41,2024-04-02,2024-06-01,False
1350,Plancha de vapor,105.68,5.0,2024-06-21,Electrodomésticos,528.4000000000001,6,RRSS,4.02,2024-09-24,2024-11-02,False
1350,Plancha de vapor,105.68,5.0,2024-06-21,Electrodomésticos,528.4000000000001,66,TV,4.69,2024-10-04,2024-10-23,False
1547,Horno eléctrico,95.83,2.0,2024-06-21,Electrodomésticos,191.66,35,Email,5.65,2024-07-31,2024-09-29,False
1547,Horno eléctrico,95.83,2.0,2024-06-21,Electrodomésticos,191.66,5,RRSS,5.16,2024-08-22,2024-10-17,False
1547,Horno eléctrico,95.83,2.0,2024-06-21,Electrodomésticos,191.66,65,TV,3.08,2024-10-23,2024-12-11,False
1843,Microondas,72.0,11.0,2024-06-21,Electrodomésticos,792.0,56,Email,4.94,2024-08-06,2024-08-25,False
1843,Microondas,72.0,11.0,2024-06-21,Electrodomésticos,792.0,26,RRSS,5.0,2024-09-25,2024-10-14,False
1843,Microondas,72.0,11.0,2024-06-21,Electrodomésticos,792.0,86,TV,4.25,2024-09-25,2024-11-15,False
2290,Consola de videojuegos,115.96,7.0,2024-06-21,Electrónica,811.7199999999999,50,Email,4.97,2024-05-03,2024-05-28,False
2290,Consola de videojuegos,115.96,7.0,2024-06-21,Electrónica,811.7199999999999,20,RRSS,3.16,2024-07-15,2024-08-03,False
2290,Consola de videojuegos,115.96,7.0,2024-06-21,Electrónica,811.7199999999999,80,TV,4.64,2024-11-01,2024-11-20,False
267,Elementos de cerámica,58.78,11.0,2024-06-22,Decoración,646.58,22,RRSS,5.44,2024-06-26,2024-07-15,False
267,Elementos de cerámica,58.78,11.0,2024-06-22,Decoración,646.58,82,TV,5.69,2024-09-08,2024-10-12,False
267,Elementos de cerámica,58.78,11.0,2024-06-22,Decoración,646.58,52,Email,5.74,2024-09-09,2024-09-30,False
330,Adorno de pared,60.02,6.0,2024-06-22,Decoración,360.12,74,TV,4.81,2024-03-20,2024-05-03,False
330,Adorno de pared,60.02,6.0,2024-06-22,Decoración,360.12,44,Email,5.08,2024-04-13,2024-05-10,False
330,Adorno de pared,60.02,6.0,2024-06-22,Decoración,360.12,14,RRSS,4.16,2024-10-22,2024-12-21,False
966,Cortinas,51.43,10.0,2024-06-22,Decoración,514.3,43,Email,5.67,2024-05-02,2024-06-17,False
966,Cortinas,51.43,10.0,2024-06-22,Decoración,514.3,73,TV,6.47,2024-08-17,2024-09-26,False
966,Cortinas,51.43,10.0,2024-06-22,Decoración,514.3,13,RRSS,5.22,2024-09-16,2024-10-15,False
1196,Secadora,32.4,3.0,2024-06-22,Electrodomésticos,97.19999999999999,3,RRSS,5.1,2024-07-24,2024-08-30,False
1196,Secadora,32.4,3.0,2024-06-22,Electrodomésticos,97.19999999999999,63,TV,5.69,2024-11-03,2024-11-28,False
1196,Secadora,32.4,3.0,2024-06-22,Electrodomésticos,97.19999999999999,33,Email,3.8,2024-12-20,2025-01-07,False
2324,Tablet,45.82,9.0,2024-06-22,Electrónica,412.38,12,RRSS,3.4,2024-03-26,2024-05-13,False
2324,Tablet,45.82,9.0,2024-06-22,Electrónica,412.38,72,TV,4.9,2024-07-08,2024-09-03,False
2324,Tablet,45.82,9.0,2024-06-22,Electrónica,412.38,42,Email,4.42,2024-07-14,2024-09-03,False
416,Cortinas,83.58,3.0,2024-06-23,Decoración,250.74,43,Email,5.67,2024-05-02,2024-06-17,False
416,Cortinas,83.58,3.0,2024-06-23,Decoración,250.74,73,TV,6.47,2024-08-17,2024-09-26,False
416,Cortinas,83.58,3.0,2024-06-23,Decoración,250.74,13,RRSS,5.22,2024-09-16,2024-10-15,False
756,Cortinas,107.29,4.0,2024-06-23,Decoración,429.16,43,Email,5.67,2024-05-02,2024-06-17,False
756,Cortinas,107.29,4.0,2024-06-23,Decoración,429.16,73,TV,6.47,2024-08-17,2024-09-26,False
756,Cortinas,107.29,4.0,2024-06-23,Decoración,429.16,13,RRSS,5.22,2024-09-16,2024-10-15,False
834,Jarrón decorativo,78.01,4.0,2024-06-23,Decoración,312.04,15,RRSS,4.65,2024-05-09,2024-06-13,False
834,Jarrón decorativo,78.01,4.0,2024-06-23,Decoración,312.04,45,Email,4.52,2024-06-05,2024-07-31,True
834,Jarrón decorativo,78.01,4.0,2024-06-23,Decoración,312.04,75,TV,4.1,2024-11-03,2024-12-25,False
1084,Aspiradora,119.83,7.0,2024-06-23,Electrodomésticos,838.81,40,Email,6.24,2024-06-24,2024-08-12,False
1084,Aspiradora,119.83,7.0,2024-06-23,Electrodomésticos,838.81,10,RRSS,7.16,2024-08-19,2024-09-19,False
1084,Aspiradora,119.83,7.0,2024-06-23,Electrodomésticos,838.81,70,TV,3.06,2024-12-13,2024-12-29,False
1442,Microondas,81.76,5.0,2024-06-23,Electrodomésticos,408.8,56,Email,4.94,2024-08-06,2024-08-25,False
1442,Microondas,81.76,5.0,2024-06-23,Electrodomésticos,408.8,26,RRSS,5.0,2024-09-25,2024-10-14,False
1442,Microondas,81.76,5.0,2024-06-23,Electrodomésticos,408.8,86,TV,4.25,2024-09-25,2024-11-15,False
2192,Televisor,104.46,12.0,2024-06-23,Electrónica,1253.52,29,RRSS,3.96,2024-05-17,2024-06-28,True
2192,Televisor,104.46,12.0,2024-06-23,Electrónica,1253.52,59,Email,4.19,2024-11-20,2025-01-19,False
2192,Televisor,104.46,12.0,2024-06-23,Electrónica,1253.52,89,TV,4.98,2024-12-13,2025-02-08,False
2461,Parlantes Bluetooth,73.92,11.0,2024-06-23,Electrónica,813.12,84,TV,4.42,2024-04-17,2024-05-05,False
2461,Parlantes Bluetooth,73.92,11.0,2024-06-23,Electrónica,813.12,54,Email,2.95,2024-08-09,2024-09-22,False
2461,Parlantes Bluetooth,73.92,11.0,2024-06-23,Electrónica,813.12,24,RRSS,6.0,2024-09-22,2024-10-26,False
383,Espejo decorativo,119.48,7.0,2024-06-24,Decoración,836.36,83,TV,5.24,2024-05-31,2024-07-08,True
383,Espejo decorativo,119.48,7.0,2024-06-24,Decoración,836.36,53,Email,4.9,2024-07-17,2024-08-01,False
383,Espejo decorativo,119.48,7.0,2024-06-24,Decoración,836.36,23,RRSS,4.75,2024-08-28,2024-10-17,False
578,Rincón de plantas,36.07,9.0,2024-06-24,Decoración,324.63,38,Email,5.76,2024-06-14,2024-07-15,True
578,Rincón de plantas,36.07,9.0,2024-06-24,Decoración,324.63,8,RRSS,4.88,2024-08-03,2024-08-18,False
578,Rincón de plantas,36.07,9.0,2024-06-24,Decoración,324.63,68,TV,5.81,2024-12-17,2025-02-14,False
603,Espejo decorativo,104.42,11.0,2024-06-24,Decoración,1148.6200000000001,83,TV,5.24,2024-05-31,2024-07-08,True
603,Espejo decorativo,104.42,11.0,2024-06-24,Decoración,1148.6200000000001,53,Email,4.9,2024-07-17,2024-08-01,False
603,Espejo decorativo,104.42,11.0,2024-06-24,Decoración,1148.6200000000001,23,RRSS,4.75,2024-08-28,2024-10-17,False
1172,Microondas,73.91,12.0,2024-06-24,Electrodomésticos,886.92,56,Email,4.94,2024-08-06,2024-08-25,False
1172,Microondas,73.91,12.0,2024-06-24,Electrodomésticos,886.92,26,RRSS,5.0,2024-09-25,2024-10-14,False
1172,Microondas,73.91,12.0,2024-06-24,Electrodomésticos,886.92,86,TV,4.25,2024-09-25,2024-11-15,False
1291,Freidora eléctrica,56.86,1.0,2024-06-24,Electrodomésticos,56.86,71,TV,4.37,2024-06-05,2024-07-24,True
1291,Freidora eléctrica,56.86,1.0,2024-06-24,Electrodomésticos,56.86,41,Email,3.92,2024-11-23,2025-01-01,False
1291,Freidora eléctrica,56.86,1.0,2024-06-24,Electrodomésticos,56.86,11,RRSS,5.27,2024-12-29,2025-01-21,False
1833,Microondas,42.14,2.0,2024-06-24,Electrodomésticos,84.28,56,Email,4.94,2024-08-06,2024-08-25,False
1833,Microondas,42.14,2.0,2024-06-24,Electrodomésticos,84.28,26,RRSS,5.0,2024-09-25,2024-10-14,False
1833,Microondas,42.14,2.0,2024-06-24,Electrodomésticos,84.28,86,TV,4.25,2024-09-25,2024-11-15,False
1858,Cafetera,30.27,4.0,2024-06-24,Electrodomésticos,121.08,49,Email,5.2,2024-06-20,2024-07-22,True
1858,Cafetera,30.27,4.0,2024-06-24,Electrodomésticos,121.08,79,TV,7.26,2024-08-13,2024-10-11,False
1858,Cafetera,30.27,4.0,2024-06-24,Electrodomésticos,121.08,19,RRSS,5.7,2024-08-19,2024-09-15,False
2091,Parlantes Bluetooth,83.6,10.0,2024-06-24,Electrónica,836.0,84,TV,4.42,2024-04-17,2024-05-05,False
2091,Parlantes Bluetooth,83.6,10.0,2024-06-24,Electrónica,836.0,54,Email,2.95,2024-08-09,2024-09-22,False
2091,Parlantes Bluetooth,83.6,10.0,2024-06-24,Electrónica,836.0,24,RRSS,6.0,2024-09-22,2024-10-26,False
2158,SmartWatch,89.15,1.0,2024-06-24,Electrónica,89.15,85,TV,5.07,2024-04-01,2024-05-05,False
2158,SmartWatch,89.15,1.0,2024-06-24,Electrónica,89.15,55,Email,4.59,2024-10-13,2024-12-06,False
2158,SmartWatch,89.15,1.0,2024-06-24,Electrónica,89.15,25,RRSS,4.84,2024-11-23,2024-12-29,False
287,Elementos de cerámica,47.43,2.0,2024-06-25,Decoración,94.86,22,RRSS,5.44,2024-06-26,2024-07-15,False
287,Elementos de cerámica,47.43,2.0,2024-06-25,Decoración,94.86,82,TV,5.69,2024-09-08,2024-10-12,False
287,Elementos de cerámica,47.43,2.0,2024-06-25,Decoración,94.86,52,Email,5.74,2024-09-09,2024-09-30,False
1192,Microondas,66.39,12.0,2024-06-25,Electrodomésticos,796.6800000000001,56,Email,4.94,2024-08-06,2024-08-25,False
1192,Microondas,66.39,12.0,2024-06-25,Electrodomésticos,796.6800000000001,26,RRSS,5.0,2024-09-25,2024-10-14,False
1192,Microondas,66.39,12.0,2024-06-25,Electrodomésticos,796.6800000000001,86,TV,4.25,2024-09-25,2024-11-15,False
1541,Freidora eléctrica,37.62,5.0,2024-06-25,Electrodomésticos,188.1,71,TV,4.37,2024-06-05,2024-07-24,True
1541,Freidora eléctrica,37.62,5.0,2024-06-25,Electrodomésticos,188.1,41,Email,3.92,2024-11-23,2025-01-01,False
1541,Freidora eléctrica,37.62,5.0,2024-06-25,Electrodomésticos,188.1,11,RRSS,5.27,2024-12-29,2025-01-21,False
1825,Lavadora,93.71,1.0,2024-06-25,Electrodomésticos,93.71,46,Email,3.63,2024-05-12,2024-05-29,False
1825,Lavadora,93.71,1.0,2024-06-25,Electrodomésticos,93.71,76,TV,4.66,2024-05-26,2024-07-02,True
1825,Lavadora,93.71,1.0,2024-06-25,Electrodomésticos,93.71,16,RRSS,3.56,2024-08-14,2024-09-20,False
2057,Cámara digital,109.29,10.0,2024-06-25,Electrónica,1092.9,18,RRSS,5.46,2024-07-16,2024-09-13,False
2057,Cámara digital,109.29,10.0,2024-06-25,Electrónica,1092.9,78,TV,4.1,2024-08-02,2024-09-20,False
2057,Cámara digital,109.29,10.0,2024-06-25,Electrónica,1092.9,48,Email,6.84,2024-10-31,2024-12-09,False
2254,Tablet,110.94,6.0,2024-06-25,Electrónica,665.64,12,RRSS,3.4,2024-03-26,2024-05-13,False
2254,Tablet,110.94,6.0,2024-06-25,Electrónica,665.64,72,TV,4.9,2024-07-08,2024-09-03,False
2254,Tablet,110.94,6.0,2024-06-25,Electrónica,665.64,42,Email,4.42,2024-07-14,2024-09-03,False
2328,SmartWatch,27.13,3.0,2024-06-25,Electrónica,81.39,85,TV,5.07,2024-04-01,2024-05-05,False
2328,SmartWatch,27.13,3.0,2024-06-25,Electrónica,81.39,55,Email,4.59,2024-10-13,2024-12-06,False
2328,SmartWatch,27.13,3.0,2024-06-25,Electrónica,81.39,25,RRSS,4.84,2024-11-23,2024-12-29,False
2512,Televisor,52.92,9.0,2024-06-25,Electrónica,476.28000000000003,29,RRSS,3.96,2024-05-17,2024-06-28,True
2512,Televisor,52.92,9.0,2024-06-25,Electrónica,476.28000000000003,59,Email,4.19,2024-11-20,2025-01-19,False
2512,Televisor,52.92,9.0,2024-06-25,Electrónica,476.28000000000003,89,TV,4.98,2024-12-13,2025-02-08,False
179,Lámpara de mesa,120.58,1.0,2024-06-26,Decoración,120.58,32,Email,5.54,2024-03-28,2024-04-20,False
179,Lámpara de mesa,120.58,1.0,2024-06-26,Decoración,120.58,2,RRSS,5.88,2024-05-30,2024-06-29,True
179,Lámpara de mesa,120.58,1.0,2024-06-26,Decoración,120.58,62,TV,4.51,2024-08-26,2024-10-07,False
489,Lámpara de mesa,111.2,10.0,2024-06-26,Decoración,1112.0,32,Email,5.54,2024-03-28,2024-04-20,False
489,Lámpara de mesa,111.2,10.0,2024-06-26,Decoración,1112.0,2,RRSS,5.88,2024-05-30,2024-06-29,True
489,Lámpara de mesa,111.2,10.0,2024-06-26,Decoración,1112.0,62,TV,4.51,2024-08-26,2024-10-07,False
677,Elementos de cerámica,93.29,9.0,2024-06-26,Decoración,839.61,22,RRSS,5.44,2024-06-26,2024-07-15,True
677,Elementos de cerámica,93.29,9.0,2024-06-26,Decoración,839.61,82,TV,5.69,2024-09-08,2024-10-12,False
677,Elementos de cerámica,93.29,9.0,2024-06-26,Decoración,839.61,52,Email,5.74,2024-09-09,2024-09-30,False
815,Alfombra,124.88,7.0,2024-06-26,Decoración,874.16,58,Email,4.25,2024-03-31,2024-05-05,False
815,Alfombra,124.88,7.0,2024-06-26,Decoración,874.16,88,TV,7.39,2024-07-25,2024-08-31,False
815,Alfombra,124.88,7.0,2024-06-26,Decoración,874.16,28,RRSS,5.82,2024-11-27,2025-01-08,False
1335,Lavadora,36.86,6.0,2024-06-26,Electrodomésticos,221.16,46,Email,3.63,2024-05-12,2024-05-29,False
1335,Lavadora,36.86,6.0,2024-06-26,Electrodomésticos,221.16,76,TV,4.66,2024-05-26,2024-07-02,True
1335,Lavadora,36.86,6.0,2024-06-26,Electrodomésticos,221.16,16,RRSS,3.56,2024-08-14,2024-09-20,False
1712,Microondas,55.83,2.0,2024-06-26,Electrodomésticos,111.66,56,Email,4.94,2024-08-06,2024-08-25,False
1712,Microondas,55.83,2.0,2024-06-26,Electrodomésticos,111.66,26,RRSS,5.0,2024-09-25,2024-10-14,False
1712,Microondas,55.83,2.0,2024-06-26,Electrodomésticos,111.66,86,TV,4.25,2024-09-25,2024-11-15,False
1931,Freidora eléctrica,82.9,5.0,2024-06-26,Electrodomésticos,414.5,71,TV,4.37,2024-06-05,2024-07-24,True
1931,Freidora eléctrica,82.9,5.0,2024-06-26,Electrodomésticos,414.5,41,Email,3.92,2024-11-23,2025-01-01,False
1931,Freidora eléctrica,82.9,5.0,2024-06-26,Electrodomésticos,414.5,11,RRSS,5.27,2024-12-29,2025-01-21,False
2499,Proyector,66.51,1.0,2024-06-26,Electrónica,66.51,67,TV,3.68,2024-05-22,2024-07-12,True
2499,Proyector,66.51,1.0,2024-06-26,Electrónica,66.51,37,Email,3.22,2024-07-06,2024-07-26,False
2499,Proyector,66.51,1.0,2024-06-26,Electrónica,66.51,7,RRSS,5.57,2024-07-30,2024-08-16,False
2700,Consola de videojuegos,39.68,12.0,2024-06-26,Electrónica,476.15999999999997,50,Email,4.97,2024-05-03,2024-05-28,False
2700,Consola de videojuegos,39.68,12.0,2024-06-26,Electrónica,476.15999999999997,20,RRSS,3.16,2024-07-15,2024-08-03,False
2700,Consola de videojuegos,39.68,12.0,2024-06-26,Electrónica,476.15999999999997,80,TV,4.64,2024-11-01,2024-11-20,False
146,Cortinas,68.55,9.0,2024-06-27,Decoración,616.9499999999999,43,Email,5.67,2024-05-02,2024-06-17,False
146,Cortinas,68.55,9.0,2024-06-27,Decoración,616.9499999999999,73,TV,6.47,2024-08-17,2024-09-26,False
146,Cortinas,68.55,9.0,2024-06-27,Decoración,616.9499999999999,13,RRSS,5.22,2024-09-16,2024-10-15,False
283,Espejo decorativo,89.21,2.0,2024-06-27,Decoración,178.42,83,TV,5.24,2024-05-31,2024-07-08,True
283,Espejo decorativo,89.21,2.0,2024-06-27,Decoración,178.42,53,Email,4.9,2024-07-17,2024-08-01,False
283,Espejo decorativo,89.21,2.0,2024-06-27,Decoración,178.42,23,RRSS,4.75,2024-08-28,2024-10-17,False
711,Lámpara de mesa,66.24,1.0,2024-06-27,Decoración,66.24,32,Email,5.54,2024-03-28,2024-04-20,False
711,Lámpara de mesa,66.24,1.0,2024-06-27,Decoración,66.24,2,RRSS,5.88,2024-05-30,2024-06-29,True
711,Lámpara de mesa,66.24,1.0,2024-06-27,Decoración,66.24,62,TV,4.51,2024-08-26,2024-10-07,False
831,Lámpara de mesa,70.23,12.0,2024-06-27,Decoración,842.76,32,Email,5.54,2024-03-28,2024-04-20,False
831,Lámpara de mesa,70.23,12.0,2024-06-27,Decoración,842.76,2,RRSS,5.88,2024-05-30,2024-06-29,True
831,Lámpara de mesa,70.23,12.0,2024-06-27,Decoración,842.76,62,TV,4.51,2024-08-26,2024-10-07,False
1083,Microondas,26.82,3.0,2024-06-27,Electrodomésticos,80.46000000000001,56,Email,4.94,2024-08-06,2024-08-25,False
1083,Microondas,26.82,3.0,2024-06-27,Electrodomésticos,80.46000000000001,26,RRSS,5.0,2024-09-25,2024-10-14,False
1083,Microondas,26.82,3.0,2024-06-27,Electrodomésticos,80.46000000000001,86,TV,4.25,2024-09-25,2024-11-15,False
1549,Batidora,106.44,6.0,2024-06-27,Electrodomésticos,638.64,57,Email,4.48,2024-04-10,2024-06-08,False
1549,Batidora,106.44,6.0,2024-06-27,Electrodomésticos,638.64,87,TV,6.28,2024-08-27,2024-10-11,False
1549,Batidora,106.44,6.0,2024-06-27,Electrodomésticos,638.64,27,RRSS,4.52,2024-11-01,2024-12-08,False
2884,Tablet,94.72,4.0,2024-06-27,Electrónica,378.88,12,RRSS,3.4,2024-03-26,2024-05-13,False
2884,Tablet,94.72,4.0,2024-06-27,Electrónica,378.88,72,TV,4.9,2024-07-08,2024-09-03,False
2884,Tablet,94.72,4.0,2024-06-27,Electrónica,378.88,42,Email,4.42,2024-07-14,2024-09-03,False
71,Lámpara de mesa,97.07,2.0,2024-06-28,Decoración,194.14,32,Email,5.54,2024-03-28,2024-04-20,False
71,Lámpara de mesa,97.07,2.0,2024-06-28,Decoración,194.14,2,RRSS,5.88,2024-05-30,2024-06-29,True
71,Lámpara de mesa,97.07,2.0,2024-06-28,Decoración,194.14,62,TV,4.51,2024-08-26,2024-10-07,False
916,Cortinas,50.83,1.0,2024-06-28,Decoración,50.83,43,Email,5.67,2024-05-02,2024-06-17,False
916,Cortinas,50.83,1.0,2024-06-28,Decoración,50.83,73,TV,6.47,2024-08-17,2024-09-26,False
916,Cortinas,50.83,1.0,2024-06-28,Decoración,50.83,13,RRSS,5.22,2024-09-16,2024-10-15,False
1448,Cafetera,44.0,4.0,2024-06-28,Electrodomésticos,176.0,49,Email,5.2,2024-06-20,2024-07-22,True
1448,Cafetera,44.0,4.0,2024-06-28,Electrodomésticos,176.0,79,TV,7.26,2024-08-13,2024-10-11,False
1448,Cafetera,44.0,4.0,2024-06-28,Electrodomésticos,176.0,19,RRSS,5.7,2024-08-19,2024-09-15,False
1668,Cafetera,111.39,12.0,2024-06-28,Electrodomésticos,1336.68,49,Email,5.2,2024-06-20,2024-07-22,True
1668,Cafetera,111.39,12.0,2024-06-28,Electrodomésticos,1336.68,79,TV,7.26,2024-08-13,2024-10-11,False
1668,Cafetera,111.39,12.0,2024-06-28,Electrodomésticos,1336.68,19,RRSS,5.7,2024-08-19,2024-09-15,False
2730,Consola de videojuegos,87.79,2.0,2024-06-28,Electrónica,175.58,50,Email,4.97,2024-05-03,2024-05-28,False
2730,Consola de videojuegos,87.79,2.0,2024-06-28,Electrónica,175.58,20,RRSS,3.16,2024-07-15,2024-08-03,False
2730,Consola de videojuegos,87.79,2.0,2024-06-28,Electrónica,175.58,80,TV,4.64,2024-11-01,2024-11-20,False
2743,Smartphone,91.42,9.0,2024-06-28,Electrónica,822.78,21,RRSS,6.37,2024-03-29,2024-05-16,False
2743,Smartphone,91.42,9.0,2024-06-28,Electrónica,822.78,51,Email,4.65,2024-05-28,2024-06-15,False
2743,Smartphone,91.42,9.0,2024-06-28,Electrónica,822.78,81,TV,4.78,2024-09-28,2024-10-24,False
2836,Laptop,64.0,10.0,2024-06-28,Electrónica,640.0,60,Email,4.89,2024-09-28,2024-10-27,False
2836,Laptop,64.0,10.0,2024-06-28,Electrónica,640.0,30,RRSS,4.68,2024-10-23,2024-11-24,False
2836,Laptop,64.0,10.0,2024-06-28,Electrónica,640.0,90,TV,5.62,2024-11-16,2025-01-13,False
2919,Proyector,46.95,6.0,2024-06-28,Electrónica,281.70000000000005,67,TV,3.68,2024-05-22,2024-07-12,True
2919,Proyector,46.95,6.0,2024-06-28,Electrónica,281.70000000000005,37,Email,3.22,2024-07-06,2024-07-26,False
2919,Proyector,46.95,6.0,2024-06-28,Electrónica,281.70000000000005,7,RRSS,5.57,2024-07-30,2024-08-16,False
10,Adorno de pared,44.65,10.0,2024-06-29,Decoración,446.5,74,TV,4.81,2024-03-20,2024-05-03,False
10,Adorno de pared,44.65,10.0,2024-06-29,Decoración,446.5,44,Email,5.08,2024-04-13,2024-05-10,False
10,Adorno de pared,44.65,10.0,2024-06-29,Decoración,446.5,14,RRSS,4.16,2024-10-22,2024-12-21,False
125,Alfombra,92.8,2.0,2024-06-29,Decoración,185.6,58,Email,4.25,2024-03-31,2024-05-05,False
125,Alfombra,92.8,2.0,2024-06-29,Decoración,185.6,88,TV,7.39,2024-07-25,2024-08-31,False
125,Alfombra,92.8,2.0,2024-06-29,Decoración,185.6,28,RRSS,5.82,2024-11-27,2025-01-08,False
502,Cuadro decorativo,120.85,10.0,2024-06-29,Decoración,1208.5,1,RRSS,5.27,2024-04-27,2024-06-04,False
502,Cuadro decorativo,120.85,10.0,2024-06-29,Decoración,1208.5,31,Email,5.28,2024-08-15,2024-09-12,False
502,Cuadro decorativo,120.85,10.0,2024-06-29,Decoración,1208.5,61,TV,5.3,2024-11-05,2024-12-23,False
1390,Plancha de vapor,45.61,8.0,2024-06-29,Electrodomésticos,364.88,36,Email,5.41,2024-04-02,2024-06-01,False
1390,Plancha de vapor,45.61,8.0,2024-06-29,Electrodomésticos,364.88,6,RRSS,4.02,2024-09-24,2024-11-02,False
1390,Plancha de vapor,45.61,8.0,2024-06-29,Electrodomésticos,364.88,66,TV,4.69,2024-10-04,2024-10-23,False
1826,Secadora,109.43,9.0,2024-06-29,Electrodomésticos,984.8700000000001,3,RRSS,5.1,2024-07-24,2024-08-30,False
1826,Secadora,109.43,9.0,2024-06-29,Electrodomésticos,984.8700000000001,63,TV,5.69,2024-11-03,2024-11-28,False
1826,Secadora,109.43,9.0,2024-06-29,Electrodomésticos,984.8700000000001,33,Email,3.8,2024-12-20,2025-01-07,False
2008,SmartWatch,34.81,9.0,2024-06-29,Electrónica,313.29,85,TV,5.07,2024-04-01,2024-05-05,False
2008,SmartWatch,34.81,9.0,2024-06-29,Electrónica,313.29,55,Email,4.59,2024-10-13,2024-12-06,False
2008,SmartWatch,34.81,9.0,2024-06-29,Electrónica,313.29,25,RRSS,4.84,2024-11-23,2024-12-29,False
2024,Tablet,61.79,6.0,2024-06-29,Electrónica,370.74,12,RRSS,3.4,2024-03-26,2024-05-13,False
2024,Tablet,61.79,6.0,2024-06-29,Electrónica,370.74,72,TV,4.9,2024-07-08,2024-09-03,False
2024,Tablet,61.79,6.0,2024-06-29,Electrónica,370.74,42,Email,4.42,2024-07-14,2024-09-03,False
2259,Proyector,35.94,2.0,2024-06-29,Electrónica,71.88,67,TV,3.68,2024-05-22,2024-07-12,True
2259,Proyector,35.94,2.0,2024-06-29,Electrónica,71.88,37,Email,3.22,2024-07-06,2024-07-26,False
2259,Proyector,35.94,2.0,2024-06-29,Electrónica,71.88,7,RRSS,5.57,2024-07-30,2024-08-16,False
2747,Cámara digital,106.28,7.0,2024-06-29,Electrónica,743.96,18,RRSS,5.46,2024-07-16,2024-09-13,False
2747,Cámara digital,106.28,7.0,2024-06-29,Electrónica,743.96,78,TV,4.1,2024-08-02,2024-09-20,False
2747,Cámara digital,106.28,7.0,2024-06-29,Electrónica,743.96,48,Email,6.84,2024-10-31,2024-12-09,False
2932,Televisor,66.39,5.0,2024-06-29,Electrónica,331.95,29,RRSS,3.96,2024-05-17,2024-06-28,False
2932,Televisor,66.39,5.0,2024-06-29,Electrónica,331.95,59,Email,4.19,2024-11-20,2025-01-19,False
2932,Televisor,66.39,5.0,2024-06-29,Electrónica,331.95,89,TV,4.98,2024-12-13,2025-02-08,False
411,Lámpara de mesa,52.72,4.0,2024-06-30,Decoración,210.88,32,Email,5.54,2024-03-28,2024-04-20,False
411,Lámpara de mesa,52.72,4.0,2024-06-30,Decoración,210.88,2,RRSS,5.88,2024-05-30,2024-06-29,False
411,Lámpara de mesa,52.72,4.0,2024-06-30,Decoración,210.88,62,TV,4.51,2024-08-26,2024-10-07,False
846,Cortinas,123.89,8.0,2024-06-30,Decoración,991.12,43,Email,5.67,2024-05-02,2024-06-17,False
846,Cortinas,123.89,8.0,2024-06-30,Decoración,991.12,73,TV,6.47,2024-08-17,2024-09-26,False
846,Cortinas,123.89,8.0,2024-06-30,Decoración,991.12,13,RRSS,5.22,2024-09-16,2024-10-15,False
994,Jarrón decorativo,93.88,4.0,2024-06-30,Decoración,375.52,15,RRSS,4.65,2024-05-09,2024-06-13,False
994,Jarrón decorativo,93.88,4.0,2024-06-30,Decoración,375.52,45,Email,4.52,2024-06-05,2024-07-31,True
994,Jarrón decorativo,93.88,4.0,2024-06-30,Decoración,375.52,75,TV,4.1,2024-11-03,2024-12-25,False
1107,Horno eléctrico,62.25,3.0,2024-06-30,Electrodomésticos,186.75,35,Email,5.65,2024-07-31,2024-09-29,False
1107,Horno eléctrico,62.25,3.0,2024-06-30,Electrodomésticos,186.75,5,RRSS,5.16,2024-08-22,2024-10-17,False
1107,Horno eléctrico,62.25,3.0,2024-06-30,Electrodomésticos,186.75,65,TV,3.08,2024-10-23,2024-12-11,False
1927,Horno eléctrico,70.29,12.0,2024-06-30,Electrodomésticos,843.48,35,Email,5.65,2024-07-31,2024-09-29,False
1927,Horno eléctrico,70.29,12.0,2024-06-30,Electrodomésticos,843.48,5,RRSS,5.16,2024-08-22,2024-10-17,False
1927,Horno eléctrico,70.29,12.0,2024-06-30,Electrodomésticos,843.48,65,TV,3.08,2024-10-23,2024-12-11,False
2006,Laptop,86.67,3.0,2024-06-30,Electrónica,260.01,60,Email,4.89,2024-09-28,2024-10-27,False
2006,Laptop,86.67,3.0,2024-06-30,Electrónica,260.01,30,RRSS,4.68,2024-10-23,2024-11-24,False
2006,Laptop,86.67,3.0,2024-06-30,Electrónica,260.01,90,TV,5.62,2024-11-16,2025-01-13,False
2741,Parlantes Bluetooth,112.71,6.0,2024-06-30,Electrónica,676.26,84,TV,4.42,2024-04-17,2024-05-05,False
2741,Parlantes Bluetooth,112.71,6.0,2024-06-30,Electrónica,676.26,54,Email,2.95,2024-08-09,2024-09-22,False
2741,Parlantes Bluetooth,112.71,6.0,2024-06-30,Electrónica,676.26,24,RRSS,6.0,2024-09-22,2024-10-26,False
2771,Parlantes Bluetooth,117.61,2.0,2024-06-30,Electrónica,235.22,84,TV,4.42,2024-04-17,2024-05-05,False
2771,Parlantes Bluetooth,117.61,2.0,2024-06-30,Electrónica,235.22,54,Email,2.95,2024-08-09,2024-09-22,False
2771,Parlantes Bluetooth,117.61,2.0,2024-06-30,Electrónica,235.22,24,RRSS,6.0,2024-09-22,2024-10-26,False
363,Espejo decorativo,119.02,1.0,2024-07-01,Decoración,119.02,83,TV,5.24,2024-05-31,2024-07-08,True
363,Espejo decorativo,119.02,1.0,2024-07-01,Decoración,119.02,53,Email,4.9,2024-07-17,2024-08-01,False
363,Espejo decorativo,119.02,1.0,2024-07-01,Decoración,119.02,23,RRSS,4.75,2024-08-28,2024-10-17,False
585,Alfombra,72.74,3.0,2024-07-01,Decoración,218.21999999999997,58,Email,4.25,2024-03-31,2024-05-05,False
585,Alfombra,72.74,3.0,2024-07-01,Decoración,218.21999999999997,88,TV,7.39,2024-07-25,2024-08-31,False
585,Alfombra,72.74,3.0,2024-07-01,Decoración,218.21999999999997,28,RRSS,5.82,2024-11-27,2025-01-08,False
2394,Tablet,74.88,11.0,2024-07-01,Electrónica,823.68,12,RRSS,3.4,2024-03-26,2024-05-13,False
2394,Tablet,74.88,11.0,2024-07-01,Electrónica,823.68,72,TV,4.9,2024-07-08,2024-09-03,False
2394,Tablet,74.88,11.0,2024-07-01,Electrónica,823.68,42,Email,4.42,2024-07-14,2024-09-03,False
2525,Auriculares,78.62,11.0,2024-07-01,Electrónica,864.82,47,Email,4.19,2024-06-02,2024-07-22,True
2525,Auriculares,78.62,11.0,2024-07-01,Electrónica,864.82,17,RRSS,6.06,2024-07-15,2024-08-15,False
2525,Auriculares,78.62,11.0,2024-07-01,Electrónica,864.82,77,TV,4.99,2024-11-11,2024-12-06,False
2744,Auriculares,70.61,1.0,2024-07-01,Electrónica,70.61,47,Email,4.19,2024-06-02,2024-07-22,True
2744,Auriculares,70.61,1.0,2024-07-01,Electrónica,70.61,17,RRSS,6.06,2024-07-15,2024-08-15,False
2744,Auriculares,70.61,1.0,2024-07-01,Electrónica,70.61,77,TV,4.99,2024-11-11,2024-12-06,False
2787,Cámara digital,79.77,2.0,2024-07-01,Electrónica,159.54,18,RRSS,5.46,2024-07-16,2024-09-13,False
2787,Cámara digital,79.77,2.0,2024-07-01,Electrónica,159.54,78,TV,4.1,2024-08-02,2024-09-20,False
2787,Cámara digital,79.77,2.0,2024-07-01,Electrónica,159.54,48,Email,6.84,2024-10-31,2024-12-09,False
443,Espejo decorativo,65.59,1.0,2024-07-02,Decoración,65.59,83,TV,5.24,2024-05-31,2024-07-08,True
443,Espejo decorativo,65.59,1.0,2024-07-02,Decoración,65.59,53,Email,4.9,2024-07-17,2024-08-01,False
443,Espejo decorativo,65.59,1.0,2024-07-02,Decoración,65.59,23,RRSS,4.75,2024-08-28,2024-10-17,False
735,Alfombra,47.63,5.0,2024-07-02,Decoración,238.15,58,Email,4.25,2024-03-31,2024-05-05,False
735,Alfombra,47.63,5.0,2024-07-02,Decoración,238.15,88,TV,7.39,2024-07-25,2024-08-31,False
735,Alfombra,47.63,5.0,2024-07-02,Decoración,238.15,28,RRSS,5.82,2024-11-27,2025-01-08,False
795,Alfombra,124.05,10.0,2024-07-02,Decoración,1240.5,58,Email,4.25,2024-03-31,2024-05-05,False
795,Alfombra,124.05,10.0,2024-07-02,Decoración,1240.5,88,TV,7.39,2024-07-25,2024-08-31,False
795,Alfombra,124.05,10.0,2024-07-02,Decoración,1240.5,28,RRSS,5.82,2024-11-27,2025-01-08,False
1011,Freidora eléctrica,79.07,7.0,2024-07-02,Electrodomésticos,553.49,71,TV,4.37,2024-06-05,2024-07-24,True
1011,Freidora eléctrica,79.07,7.0,2024-07-02,Electrodomésticos,553.49,41,Email,3.92,2024-11-23,2025-01-01,False
1011,Freidora eléctrica,79.07,7.0,2024-07-02,Electrodomésticos,553.49,11,RRSS,5.27,2024-12-29,2025-01-21,False
1296,Secadora,65.21,10.0,2024-07-02,Electrodomésticos,652.0999999999999,3,RRSS,5.1,2024-07-24,2024-08-30,False
1296,Secadora,65.21,10.0,2024-07-02,Electrodomésticos,652.0999999999999,63,TV,5.69,2024-11-03,2024-11-28,False
1296,Secadora,65.21,10.0,2024-07-02,Electrodomésticos,652.0999999999999,33,Email,3.8,2024-12-20,2025-01-07,False
1799,Batidora,29.22,2.0,2024-07-02,Electrodomésticos,58.44,57,Email,4.48,2024-04-10,2024-06-08,False
1799,Batidora,29.22,2.0,2024-07-02,Electrodomésticos,58.44,87,TV,6.28,2024-08-27,2024-10-11,False
1799,Batidora,29.22,2.0,2024-07-02,Electrodomésticos,58.44,27,RRSS,4.52,2024-11-01,2024-12-08,False
1998,Cafetera,101.11,7.0,2024-07-02,Electrodomésticos,707.77,49,Email,5.2,2024-06-20,2024-07-22,True
1998,Cafetera,101.11,7.0,2024-07-02,Electrodomésticos,707.77,79,TV,7.26,2024-08-13,2024-10-11,False
1998,Cafetera,101.11,7.0,2024-07-02,Electrodomésticos,707.77,19,RRSS,5.7,2024-08-19,2024-09-15,False
2343,Smartphone,68.49,11.0,2024-07-02,Electrónica,753.39,21,RRSS,6.37,2024-03-29,2024-05-16,False
2343,Smartphone,68.49,11.0,2024-07-02,Electrónica,753.39,51,Email,4.65,2024-05-28,2024-06-15,False
2343,Smartphone,68.49,11.0,2024-07-02,Electrónica,753.39,81,TV,4.78,2024-09-28,2024-10-24,False
2358,SmartWatch,118.54,3.0,2024-07-02,Electrónica,355.62,85,TV,5.07,2024-04-01,2024-05-05,False
2358,SmartWatch,118.54,3.0,2024-07-02,Electrónica,355.62,55,Email,4.59,2024-10-13,2024-12-06,False
2358,SmartWatch,118.54,3.0,2024-07-02,Electrónica,355.62,25,RRSS,4.84,2024-11-23,2024-12-29,False
2906,Laptop,99.78,12.0,2024-07-02,Electrónica,1197.3600000000001,60,Email,4.89,2024-09-28,2024-10-27,False
2906,Laptop,99.78,12.0,2024-07-02,Electrónica,1197.3600000000001,30,RRSS,4.68,2024-10-23,2024-11-24,False
2906,Laptop,99.78,12.0,2024-07-02,Electrónica,1197.3600000000001,90,TV,5.62,2024-11-16,2025-01-13,False
2968,SmartWatch,92.79,1.0,2024-07-02,Electrónica,92.79,85,TV,5.07,2024-04-01,2024-05-05,False
2968,SmartWatch,92.79,1.0,2024-07-02,Electrónica,92.79,55,Email,4.59,2024-10-13,2024-12-06,False
2968,SmartWatch,92.79,1.0,2024-07-02,Electrónica,92.79,25,RRSS,4.84,2024-11-23,2024-12-29,False
352,Cuadro decorativo,85.72,5.0,2024-07-03,Decoración,428.6,1,RRSS,5.27,2024-04-27,2024-06-04,False
352,Cuadro decorativo,85.72,5.0,2024-07-03,Decoración,428.6,31,Email,5.28,2024-08-15,2024-09-12,False
352,Cuadro decorativo,85.72,5.0,2024-07-03,Decoración,428.6,61,TV,5.3,2024-11-05,2024-12-23,False
865,Alfombra,80.74,6.0,2024-07-03,Decoración,484.43999999999994,58,Email,4.25,2024-03-31,2024-05-05,False
865,Alfombra,80.74,6.0,2024-07-03,Decoración,484.43999999999994,88,TV,7.39,2024-07-25,2024-08-31,False
865,Alfombra,80.74,6.0,2024-07-03,Decoración,484.43999999999994,28,RRSS,5.82,2024-11-27,2025-01-08,False
1058,Cafetera,52.48,6.0,2024-07-03,Electrodomésticos,314.88,49,Email,5.2,2024-06-20,2024-07-22,True
1058,Cafetera,52.48,6.0,2024-07-03,Electrodomésticos,314.88,79,TV,7.26,2024-08-13,2024-10-11,False
1058,Cafetera,52.48,6.0,2024-07-03,Electrodomésticos,314.88,19,RRSS,5.7,2024-08-19,2024-09-15,False
1292,Microondas,115.46,2.0,2024-07-03,Electrodomésticos,230.92,56,Email,4.94,2024-08-06,2024-08-25,False
1292,Microondas,115.46,2.0,2024-07-03,Electrodomésticos,230.92,26,RRSS,5.0,2024-09-25,2024-10-14,False
1292,Microondas,115.46,2.0,2024-07-03,Electrodomésticos,230.92,86,TV,4.25,2024-09-25,2024-11-15,False
1958,Cafetera,115.8,12.0,2024-07-03,Electrodomésticos,1389.6,49,Email,5.2,2024-06-20,2024-07-22,True
1958,Cafetera,115.8,12.0,2024-07-03,Electrodomésticos,1389.6,79,TV,7.26,2024-08-13,2024-10-11,False
1958,Cafetera,115.8,12.0,2024-07-03,Electrodomésticos,1389.6,19,RRSS,5.7,2024-08-19,2024-09-15,False
2756,Laptop,86.43,12.0,2024-07-03,Electrónica,1037.16,60,Email,4.89,2024-09-28,2024-10-27,False
2756,Laptop,86.43,12.0,2024-07-03,Electrónica,1037.16,30,RRSS,4.68,2024-10-23,2024-11-24,False
2756,Laptop,86.43,12.0,2024-07-03,Electrónica,1037.16,90,TV,5.62,2024-11-16,2025-01-13,False
2770,Consola de videojuegos,60.92,8.0,2024-07-03,Electrónica,487.36,50,Email,4.97,2024-05-03,2024-05-28,False
2770,Consola de videojuegos,60.92,8.0,2024-07-03,Electrónica,487.36,20,RRSS,3.16,2024-07-15,2024-08-03,False
2770,Consola de videojuegos,60.92,8.0,2024-07-03,Electrónica,487.36,80,TV,4.64,2024-11-01,2024-11-20,False
165,Alfombra,110.83,2.0,2024-07-04,Decoración,221.66,58,Email,4.25,2024-03-31,2024-05-05,False
165,Alfombra,110.83,2.0,2024-07-04,Decoración,221.66,88,TV,7.39,2024-07-25,2024-08-31,False
165,Alfombra,110.83,2.0,2024-07-04,Decoración,221.66,28,RRSS,5.82,2024-11-27,2025-01-08,False
360,Adorno de pared,67.02,9.0,2024-07-04,Decoración,603.18,74,TV,4.81,2024-03-20,2024-05-03,False
360,Adorno de pared,67.02,9.0,2024-07-04,Decoración,603.18,44,Email,5.08,2024-04-13,2024-05-10,False
360,Adorno de pared,67.02,9.0,2024-07-04,Decoración,603.18,14,RRSS,4.16,2024-10-22,2024-12-21,False
516,Cortinas,38.35,7.0,2024-07-04,Decoración,268.45,43,Email,5.67,2024-05-02,2024-06-17,False
516,Cortinas,38.35,7.0,2024-07-04,Decoración,268.45,73,TV,6.47,2024-08-17,2024-09-26,False
516,Cortinas,38.35,7.0,2024-07-04,Decoración,268.45,13,RRSS,5.22,2024-09-16,2024-10-15,False
1937,Horno eléctrico,37.32,7.0,2024-07-04,Electrodomésticos,261.24,35,Email,5.65,2024-07-31,2024-09-29,False
1937,Horno eléctrico,37.32,7.0,2024-07-04,Electrodomésticos,261.24,5,RRSS,5.16,2024-08-22,2024-10-17,False
1937,Horno eléctrico,37.32,7.0,2024-07-04,Electrodomésticos,261.24,65,TV,3.08,2024-10-23,2024-12-11,False
1941,Freidora eléctrica,72.66,2.0,2024-07-04,Electrodomésticos,145.32,71,TV,4.37,2024-06-05,2024-07-24,True
1941,Freidora eléctrica,72.66,2.0,2024-07-04,Electrodomésticos,145.32,41,Email,3.92,2024-11-23,2025-01-01,False
1941,Freidora eléctrica,72.66,2.0,2024-07-04,Electrodomésticos,145.32,11,RRSS,5.27,2024-12-29,2025-01-21,False
2237,Cámara digital,29.68,11.0,2024-07-04,Electrónica,326.48,18,RRSS,5.46,2024-07-16,2024-09-13,False
2237,Cámara digital,29.68,11.0,2024-07-04,Electrónica,326.48,78,TV,4.1,2024-08-02,2024-09-20,False
2237,Cámara digital,29.68,11.0,2024-07-04,Electrónica,326.48,48,Email,6.84,2024-10-31,2024-12-09,False
335,Alfombra,38.03,1.0,2024-07-05,Decoración,38.03,58,Email,4.25,2024-03-31,2024-05-05,False
335,Alfombra,38.03,1.0,2024-07-05,Decoración,38.03,88,TV,7.39,2024-07-25,2024-08-31,False
335,Alfombra,38.03,1.0,2024-07-05,Decoración,38.03,28,RRSS,5.82,2024-11-27,2025-01-08,False
931,Lámpara de mesa,35.86,9.0,2024-07-05,Decoración,322.74,32,Email,5.54,2024-03-28,2024-04-20,False
931,Lámpara de mesa,35.86,9.0,2024-07-05,Decoración,322.74,2,RRSS,5.88,2024-05-30,2024-06-29,False
931,Lámpara de mesa,35.86,9.0,2024-07-05,Decoración,322.74,62,TV,4.51,2024-08-26,2024-10-07,False
979,Lámpara de mesa,76.68,2.0,2024-07-05,Decoración,153.36,32,Email,5.54,2024-03-28,2024-04-20,False
979,Lámpara de mesa,76.68,2.0,2024-07-05,Decoración,153.36,2,RRSS,5.88,2024-05-30,2024-06-29,False
979,Lámpara de mesa,76.68,2.0,2024-07-05,Decoración,153.36,62,TV,4.51,2024-08-26,2024-10-07,False
1072,Microondas,93.79,1.0,2024-07-05,Electrodomésticos,93.79,56,Email,4.94,2024-08-06,2024-08-25,False
1072,Microondas,93.79,1.0,2024-07-05,Electrodomésticos,93.79,26,RRSS,5.0,2024-09-25,2024-10-14,False
1072,Microondas,93.79,1.0,2024-07-05,Electrodomésticos,93.79,86,TV,4.25,2024-09-25,2024-11-15,False
1147,Horno eléctrico,56.79,11.0,2024-07-05,Electrodomésticos,624.6899999999999,35,Email,5.65,2024-07-31,2024-09-29,False
1147,Horno eléctrico,56.79,11.0,2024-07-05,Electrodomésticos,624.6899999999999,5,RRSS,5.16,2024-08-22,2024-10-17,False
1147,Horno eléctrico,56.79,11.0,2024-07-05,Electrodomésticos,624.6899999999999,65,TV,3.08,2024-10-23,2024-12-11,False
1805,Lavadora,72.8,2.0,2024-07-05,Electrodomésticos,145.6,46,Email,3.63,2024-05-12,2024-05-29,False
1805,Lavadora,72.8,2.0,2024-07-05,Electrodomésticos,145.6,76,TV,4.66,2024-05-26,2024-07-02,False
1805,Lavadora,72.8,2.0,2024-07-05,Electrodomésticos,145.6,16,RRSS,3.56,2024-08-14,2024-09-20,False
2265,Auriculares,82.56,12.0,2024-07-05,Electrónica,990.72,47,Email,4.19,2024-06-02,2024-07-22,True
2265,Auriculares,82.56,12.0,2024-07-05,Electrónica,990.72,17,RRSS,6.06,2024-07-15,2024-08-15,False
2265,Auriculares,82.56,12.0,2024-07-05,Electrónica,990.72,77,TV,4.99,2024-11-11,2024-12-06,False
513,Espejo decorativo,112.7,11.0,2024-07-06,Decoración,1239.7,83,TV,5.24,2024-05-31,2024-07-08,True
513,Espejo decorativo,112.7,11.0,2024-07-06,Decoración,1239.7,53,Email,4.9,2024-07-17,2024-08-01,False
513,Espejo decorativo,112.7,11.0,2024-07-06,Decoración,1239.7,23,RRSS,4.75,2024-08-28,2024-10-17,False
716,Cortinas,89.27,4.0,2024-07-06,Decoración,357.08,43,Email,5.67,2024-05-02,2024-06-17,False
716,Cortinas,89.27,4.0,2024-07-06,Decoración,357.08,73,TV,6.47,2024-08-17,2024-09-26,False
716,Cortinas,89.27,4.0,2024-07-06,Decoración,357.08,13,RRSS,5.22,2024-09-16,2024-10-15,False
838,Rincón de plantas,32.18,4.0,2024-07-06,Decoración,128.72,38,Email,5.76,2024-06-14,2024-07-15,True
838,Rincón de plantas,32.18,4.0,2024-07-06,Decoración,128.72,8,RRSS,4.88,2024-08-03,2024-08-18,False
838,Rincón de plantas,32.18,4.0,2024-07-06,Decoración,128.72,68,TV,5.81,2024-12-17,2025-02-14,False
1770,Plancha de vapor,80.83,9.0,2024-07-06,Electrodomésticos,727.47,36,Email,5.41,2024-04-02,2024-06-01,False
1770,Plancha de vapor,80.83,9.0,2024-07-06,Electrodomésticos,727.47,6,RRSS,4.02,2024-09-24,2024-11-02,False
1770,Plancha de vapor,80.83,9.0,2024-07-06,Electrodomésticos,727.47,66,TV,4.69,2024-10-04,2024-10-23,False
1792,Microondas,70.37,6.0,2024-07-06,Electrodomésticos,422.22,56,Email,4.94,2024-08-06,2024-08-25,False
1792,Microondas,70.37,6.0,2024-07-06,Electrodomésticos,422.22,26,RRSS,5.0,2024-09-25,2024-10-14,False
1792,Microondas,70.37,6.0,2024-07-06,Electrodomésticos,422.22,86,TV,4.25,2024-09-25,2024-11-15,False
2861,Parlantes Bluetooth,67.09,6.0,2024-07-06,Electrónica,402.54,84,TV,4.42,2024-04-17,2024-05-05,False
2861,Parlantes Bluetooth,67.09,6.0,2024-07-06,Electrónica,402.54,54,Email,2.95,2024-08-09,2024-09-22,False
2861,Parlantes Bluetooth,67.09,6.0,2024-07-06,Electrónica,402.54,24,RRSS,6.0,2024-09-22,2024-10-26,False
215,Alfombra,73.11,3.0,2024-07-07,Decoración,219.32999999999998,58,Email,4.25,2024-03-31,2024-05-05,False
215,Alfombra,73.11,3.0,2024-07-07,Decoración,219.32999999999998,88,TV,7.39,2024-07-25,2024-08-31,False
215,Alfombra,73.11,3.0,2024-07-07,Decoración,219.32999999999998,28,RRSS,5.82,2024-11-27,2025-01-08,False
354,Jarrón decorativo,63.61,3.0,2024-07-07,Decoración,190.82999999999998,15,RRSS,4.65,2024-05-09,2024-06-13,False
354,Jarrón decorativo,63.61,3.0,2024-07-07,Decoración,190.82999999999998,45,Email,4.52,2024-06-05,2024-07-31,True
354,Jarrón decorativo,63.61,3.0,2024-07-07,Decoración,190.82999999999998,75,TV,4.1,2024-11-03,2024-12-25,False
569,Lámpara de mesa,78.36,12.0,2024-07-07,Decoración,940.3199999999999,32,Email,5.54,2024-03-28,2024-04-20,False
569,Lámpara de mesa,78.36,12.0,2024-07-07,Decoración,940.3199999999999,2,RRSS,5.88,2024-05-30,2024-06-29,False
569,Lámpara de mesa,78.36,12.0,2024-07-07,Decoración,940.3199999999999,62,TV,4.51,2024-08-26,2024-10-07,False
827,Elementos de cerámica,97.35,5.0,2024-07-07,Decoración,486.75,22,RRSS,5.44,2024-06-26,2024-07-15,True
827,Elementos de cerámica,97.35,5.0,2024-07-07,Decoración,486.75,82,TV,5.69,2024-09-08,2024-10-12,False
827,Elementos de cerámica,97.35,5.0,2024-07-07,Decoración,486.75,52,Email,5.74,2024-09-09,2024-09-30,False
965,Alfombra,75.3,4.0,2024-07-07,Decoración,301.2,58,Email,4.25,2024-03-31,2024-05-05,False
965,Alfombra,75.3,4.0,2024-07-07,Decoración,301.2,88,TV,7.39,2024-07-25,2024-08-31,False
965,Alfombra,75.3,4.0,2024-07-07,Decoración,301.2,28,RRSS,5.82,2024-11-27,2025-01-08,False
986,Cortinas,111.39,10.0,2024-07-07,Decoración,1113.9,43,Email,5.67,2024-05-02,2024-06-17,False
986,Cortinas,111.39,10.0,2024-07-07,Decoración,1113.9,73,TV,6.47,2024-08-17,2024-09-26,False
986,Cortinas,111.39,10.0,2024-07-07,Decoración,1113.9,13,RRSS,5.22,2024-09-16,2024-10-15,False
1112,Microondas,41.19,5.0,2024-07-07,Electrodomésticos,205.95,56,Email,4.94,2024-08-06,2024-08-25,False
1112,Microondas,41.19,5.0,2024-07-07,Electrodomésticos,205.95,26,RRSS,5.0,2024-09-25,2024-10-14,False
1112,Microondas,41.19,5.0,2024-07-07,Electrodomésticos,205.95,86,TV,4.25,2024-09-25,2024-11-15,False
1355,Lavadora,114.24,9.0,2024-07-07,Electrodomésticos,1028.1599999999999,46,Email,3.63,2024-05-12,2024-05-29,False
1355,Lavadora,114.24,9.0,2024-07-07,Electrodomésticos,1028.1599999999999,76,TV,4.66,2024-05-26,2024-07-02,False
1355,Lavadora,114.24,9.0,2024-07-07,Electrodomésticos,1028.1599999999999,16,RRSS,3.56,2024-08-14,2024-09-20,False
1903,Microondas,101.57,8.0,2024-07-07,Electrodomésticos,812.56,56,Email,4.94,2024-08-06,2024-08-25,False
1903,Microondas,101.57,8.0,2024-07-07,Electrodomésticos,812.56,26,RRSS,5.0,2024-09-25,2024-10-14,False
1903,Microondas,101.57,8.0,2024-07-07,Electrodomésticos,812.56,86,TV,4.25,2024-09-25,2024-11-15,False
1936,Secadora,117.68,12.0,2024-07-07,Electrodomésticos,1412.16,3,RRSS,5.1,2024-07-24,2024-08-30,False
1936,Secadora,117.68,12.0,2024-07-07,Electrodomésticos,1412.16,63,TV,5.69,2024-11-03,2024-11-28,False
1936,Secadora,117.68,12.0,2024-07-07,Electrodomésticos,1412.16,33,Email,3.8,2024-12-20,2025-01-07,False
2666,Laptop,44.22,1.0,2024-07-07,Electrónica,44.22,60,Email,4.89,2024-09-28,2024-10-27,False
2666,Laptop,44.22,1.0,2024-07-07,Electrónica,44.22,30,RRSS,4.68,2024-10-23,2024-11-24,False
2666,Laptop,44.22,1.0,2024-07-07,Electrónica,44.22,90,TV,5.62,2024-11-16,2025-01-13,False
2910,Consola de videojuegos,122.48,7.0,2024-07-07,Electrónica,857.36,50,Email,4.97,2024-05-03,2024-05-28,False
2910,Consola de videojuegos,122.48,7.0,2024-07-07,Electrónica,857.36,20,RRSS,3.16,2024-07-15,2024-08-03,False
2910,Consola de videojuegos,122.48,7.0,2024-07-07,Electrónica,857.36,80,TV,4.64,2024-11-01,2024-11-20,False
233,Espejo decorativo,106.52,5.0,2024-07-08,Decoración,532.6,83,TV,5.24,2024-05-31,2024-07-08,True
233,Espejo decorativo,106.52,5.0,2024-07-08,Decoración,532.6,53,Email,4.9,2024-07-17,2024-08-01,False
233,Espejo decorativo,106.52,5.0,2024-07-08,Decoración,532.6,23,RRSS,4.75,2024-08-28,2024-10-17,False
796,Cortinas,71.33,6.0,2024-07-08,Decoración,427.98,43,Email,5.67,2024-05-02,2024-06-17,False
796,Cortinas,71.33,6.0,2024-07-08,Decoración,427.98,73,TV,6.47,2024-08-17,2024-09-26,False
796,Cortinas,71.33,6.0,2024-07-08,Decoración,427.98,13,RRSS,5.22,2024-09-16,2024-10-15,False
2889,Proyector,32.99,7.0,2024-07-08,Electrónica,230.93,67,TV,3.68,2024-05-22,2024-07-12,True
2889,Proyector,32.99,7.0,2024-07-08,Electrónica,230.93,37,Email,3.22,2024-07-06,2024-07-26,True
2889,Proyector,32.99,7.0,2024-07-08,Electrónica,230.93,7,RRSS,5.57,2024-07-30,2024-08-16,False
228,Rincón de plantas,56.12,2.0,2024-07-09,Decoración,112.24,38,Email,5.76,2024-06-14,2024-07-15,True
228,Rincón de plantas,56.12,2.0,2024-07-09,Decoración,112.24,8,RRSS,4.88,2024-08-03,2024-08-18,False
228,Rincón de plantas,56.12,2.0,2024-07-09,Decoración,112.24,68,TV,5.81,2024-12-17,2025-02-14,False
268,Rincón de plantas,82.16,10.0,2024-07-09,Decoración,821.5999999999999,38,Email,5.76,2024-06-14,2024-07-15,True
268,Rincón de plantas,82.16,10.0,2024-07-09,Decoración,821.5999999999999,8,RRSS,4.88,2024-08-03,2024-08-18,False
268,Rincón de plantas,82.16,10.0,2024-07-09,Decoración,821.5999999999999,68,TV,5.81,2024-12-17,2025-02-14,False
526,Cortinas,38.63,12.0,2024-07-09,Decoración,463.56000000000006,43,Email,5.67,2024-05-02,2024-06-17,False
526,Cortinas,38.63,12.0,2024-07-09,Decoración,463.56000000000006,73,TV,6.47,2024-08-17,2024-09-26,False
526,Cortinas,38.63,12.0,2024-07-09,Decoración,463.56000000000006,13,RRSS,5.22,2024-09-16,2024-10-15,False
622,Cuadro decorativo,108.93,4.0,2024-07-09,Decoración,435.72,1,RRSS,5.27,2024-04-27,2024-06-04,False
622,Cuadro decorativo,108.93,4.0,2024-07-09,Decoración,435.72,31,Email,5.28,2024-08-15,2024-09-12,False
622,Cuadro decorativo,108.93,4.0,2024-07-09,Decoración,435.72,61,TV,5.3,2024-11-05,2024-12-23,False
941,Lámpara de mesa,58.97,12.0,2024-07-09,Decoración,707.64,32,Email,5.54,2024-03-28,2024-04-20,False
941,Lámpara de mesa,58.97,12.0,2024-07-09,Decoración,707.64,2,RRSS,5.88,2024-05-30,2024-06-29,False
941,Lámpara de mesa,58.97,12.0,2024-07-09,Decoración,707.64,62,TV,4.51,2024-08-26,2024-10-07,False
1180,Plancha de vapor,42.61,2.0,2024-07-09,Electrodomésticos,85.22,36,Email,5.41,2024-04-02,2024-06-01,False
1180,Plancha de vapor,42.61,2.0,2024-07-09,Electrodomésticos,85.22,6,RRSS,4.02,2024-09-24,2024-11-02,False
1180,Plancha de vapor,42.61,2.0,2024-07-09,Electrodomésticos,85.22,66,TV,4.69,2024-10-04,2024-10-23,False
1675,Lavadora,70.34,6.0,2024-07-09,Electrodomésticos,422.04,46,Email,3.63,2024-05-12,2024-05-29,False
1675,Lavadora,70.34,6.0,2024-07-09,Electrodomésticos,422.04,76,TV,4.66,2024-05-26,2024-07-02,False
1675,Lavadora,70.34,6.0,2024-07-09,Electrodomésticos,422.04,16,RRSS,3.56,2024-08-14,2024-09-20,False
2239,Proyector,35.83,5.0,2024-07-09,Electrónica,179.14999999999998,67,TV,3.68,2024-05-22,2024-07-12,True
2239,Proyector,35.83,5.0,2024-07-09,Electrónica,179.14999999999998,37,Email,3.22,2024-07-06,2024-07-26,True
2239,Proyector,35.83,5.0,2024-07-09,Electrónica,179.14999999999998,7,RRSS,5.57,2024-07-30,2024-08-16,False
2293,Smartphone,115.15,4.0,2024-07-09,Electrónica,460.6,21,RRSS,6.37,2024-03-29,2024-05-16,False
2293,Smartphone,115.15,4.0,2024-07-09,Electrónica,460.6,51,Email,4.65,2024-05-28,2024-06-15,False
2293,Smartphone,115.15,4.0,2024-07-09,Electrónica,460.6,81,TV,4.78,2024-09-28,2024-10-24,False
2466,Laptop,97.07,1.0,2024-07-09,Electrónica,97.07,60,Email,4.89,2024-09-28,2024-10-27,False
2466,Laptop,97.07,1.0,2024-07-09,Electrónica,97.07,30,RRSS,4.68,2024-10-23,2024-11-24,False
2466,Laptop,97.07,1.0,2024-07-09,Electrónica,97.07,90,TV,5.62,2024-11-16,2025-01-13,False
2604,Auriculares,106.41,3.0,2024-07-09,Electrónica,319.23,47,Email,4.19,2024-06-02,2024-07-22,True
2604,Auriculares,106.41,3.0,2024-07-09,Electrónica,319.23,17,RRSS,6.06,2024-07-15,2024-08-15,False
2604,Auriculares,106.41,3.0,2024-07-09,Electrónica,319.23,77,TV,4.99,2024-11-11,2024-12-06,False
2719,Proyector,94.86,7.0,2024-07-09,Electrónica,664.02,67,TV,3.68,2024-05-22,2024-07-12,True
2719,Proyector,94.86,7.0,2024-07-09,Electrónica,664.02,37,Email,3.22,2024-07-06,2024-07-26,True
2719,Proyector,94.86,7.0,2024-07-09,Electrónica,664.02,7,RRSS,5.57,2024-07-30,2024-08-16,False
154,Jarrón decorativo,121.5,11.0,2024-07-10,Decoración,1336.5,15,RRSS,4.65,2024-05-09,2024-06-13,False
154,Jarrón decorativo,121.5,11.0,2024-07-10,Decoración,1336.5,45,Email,4.52,2024-06-05,2024-07-31,True
154,Jarrón decorativo,121.5,11.0,2024-07-10,Decoración,1336.5,75,TV,4.1,2024-11-03,2024-12-25,False
790,Adorno de pared,89.14,5.0,2024-07-10,Decoración,445.7,74,TV,4.81,2024-03-20,2024-05-03,False
790,Adorno de pared,89.14,5.0,2024-07-10,Decoración,445.7,44,Email,5.08,2024-04-13,2024-05-10,False
790,Adorno de pared,89.14,5.0,2024-07-10,Decoración,445.7,14,RRSS,4.16,2024-10-22,2024-12-21,False
2579,Proyector,115.5,6.0,2024-07-10,Electrónica,693.0,67,TV,3.68,2024-05-22,2024-07-12,True
2579,Proyector,115.5,6.0,2024-07-10,Electrónica,693.0,37,Email,3.22,2024-07-06,2024-07-26,True
2579,Proyector,115.5,6.0,2024-07-10,Electrónica,693.0,7,RRSS,5.57,2024-07-30,2024-08-16,False
96,Cortinas,59.9,9.0,2024-07-11,Decoración,539.1,43,Email,5.67,2024-05-02,2024-06-17,False
96,Cortinas,59.9,9.0,2024-07-11,Decoración,539.1,73,TV,6.47,2024-08-17,2024-09-26,False
96,Cortinas,59.9,9.0,2024-07-11,Decoración,539.1,13,RRSS,5.22,2024-09-16,2024-10-15,False
307,Elementos de cerámica,95.51,7.0,2024-07-11,Decoración,668.57,22,RRSS,5.44,2024-06-26,2024-07-15,True
307,Elementos de cerámica,95.51,7.0,2024-07-11,Decoración,668.57,82,TV,5.69,2024-09-08,2024-10-12,False
307,Elementos de cerámica,95.51,7.0,2024-07-11,Decoración,668.57,52,Email,5.74,2024-09-09,2024-09-30,False
769,Candelabro,113.28,2.0,2024-07-11,Decoración,226.56,69,TV,3.25,2024-05-29,2024-06-30,False
769,Candelabro,113.28,2.0,2024-07-11,Decoración,226.56,39,Email,6.08,2024-07-17,2024-08-18,False
769,Candelabro,113.28,2.0,2024-07-11,Decoración,226.56,9,RRSS,5.32,2024-10-08,2024-11-16,False
858,Rincón de plantas,84.64,11.0,2024-07-11,Decoración,931.04,38,Email,5.76,2024-06-14,2024-07-15,True
858,Rincón de plantas,84.64,11.0,2024-07-11,Decoración,931.04,8,RRSS,4.88,2024-08-03,2024-08-18,False
858,Rincón de plantas,84.64,11.0,2024-07-11,Decoración,931.04,68,TV,5.81,2024-12-17,2025-02-14,False
1746,Secadora,52.03,5.0,2024-07-11,Electrodomésticos,260.15,3,RRSS,5.1,2024-07-24,2024-08-30,False
1746,Secadora,52.03,5.0,2024-07-11,Electrodomésticos,260.15,63,TV,5.69,2024-11-03,2024-11-28,False
1746,Secadora,52.03,5.0,2024-07-11,Electrodomésticos,260.15,33,Email,3.8,2024-12-20,2025-01-07,False
1884,Aspiradora,94.69,4.0,2024-07-11,Electrodomésticos,378.76,40,Email,6.24,2024-06-24,2024-08-12,True
1884,Aspiradora,94.69,4.0,2024-07-11,Electrodomésticos,378.76,10,RRSS,7.16,2024-08-19,2024-09-19,False
1884,Aspiradora,94.69,4.0,2024-07-11,Electrodomésticos,378.76,70,TV,3.06,2024-12-13,2024-12-29,False
1899,Batidora,83.64,1.0,2024-07-11,Electrodomésticos,83.64,57,Email,4.48,2024-04-10,2024-06-08,False
1899,Batidora,83.64,1.0,2024-07-11,Electrodomésticos,83.64,87,TV,6.28,2024-08-27,2024-10-11,False
1899,Batidora,83.64,1.0,2024-07-11,Electrodomésticos,83.64,27,RRSS,4.52,2024-11-01,2024-12-08,False
2053,Smartphone,115.95,4.0,2024-07-11,Electrónica,463.8,21,RRSS,6.37,2024-03-29,2024-05-16,False
2053,Smartphone,115.95,4.0,2024-07-11,Electrónica,463.8,51,Email,4.65,2024-05-28,2024-06-15,False
2053,Smartphone,115.95,4.0,2024-07-11,Electrónica,463.8,81,TV,4.78,2024-09-28,2024-10-24,False
2143,Smartphone,74.56,1.0,2024-07-11,Electrónica,74.56,21,RRSS,6.37,2024-03-29,2024-05-16,False
2143,Smartphone,74.56,1.0,2024-07-11,Electrónica,74.56,51,Email,4.65,2024-05-28,2024-06-15,False
2143,Smartphone,74.56,1.0,2024-07-11,Electrónica,74.56,81,TV,4.78,2024-09-28,2024-10-24,False
2997,SmartWatch,47.71,3.0,2024-07-11,Electrónica,143.13,85,TV,5.07,2024-04-01,2024-05-05,False
2997,SmartWatch,47.71,3.0,2024-07-11,Electrónica,143.13,55,Email,4.59,2024-10-13,2024-12-06,False
2997,SmartWatch,47.71,3.0,2024-07-11,Electrónica,143.13,25,RRSS,4.84,2024-11-23,2024-12-29,False
61,Lámpara de mesa,86.92,11.0,2024-07-12,Decoración,956.12,32,Email,5.54,2024-03-28,2024-04-20,False
61,Lámpara de mesa,86.92,11.0,2024-07-12,Decoración,956.12,2,RRSS,5.88,2024-05-30,2024-06-29,False
61,Lámpara de mesa,86.92,11.0,2024-07-12,Decoración,956.12,62,TV,4.51,2024-08-26,2024-10-07,False
291,Lámpara de mesa,48.57,4.0,2024-07-12,Decoración,194.28,32,Email,5.54,2024-03-28,2024-04-20,False
291,Lámpara de mesa,48.57,4.0,2024-07-12,Decoración,194.28,2,RRSS,5.88,2024-05-30,2024-06-29,False
291,Lámpara de mesa,48.57,4.0,2024-07-12,Decoración,194.28,62,TV,4.51,2024-08-26,2024-10-07,False
463,Espejo decorativo,27.65,11.0,2024-07-12,Decoración,304.15,83,TV,5.24,2024-05-31,2024-07-08,False
463,Espejo decorativo,27.65,11.0,2024-07-12,Decoración,304.15,53,Email,4.9,2024-07-17,2024-08-01,False
463,Espejo decorativo,27.65,11.0,2024-07-12,Decoración,304.15,23,RRSS,4.75,2024-08-28,2024-10-17,False
1306,Secadora,69.81,6.0,2024-07-12,Electrodomésticos,418.86,3,RRSS,5.1,2024-07-24,2024-08-30,False
1306,Secadora,69.81,6.0,2024-07-12,Electrodomésticos,418.86,63,TV,5.69,2024-11-03,2024-11-28,False
1306,Secadora,69.81,6.0,2024-07-12,Electrodomésticos,418.86,33,Email,3.8,2024-12-20,2025-01-07,False
1427,Horno eléctrico,33.55,11.0,2024-07-12,Electrodomésticos,369.04999999999995,35,Email,5.65,2024-07-31,2024-09-29,False
1427,Horno eléctrico,33.55,11.0,2024-07-12,Electrodomésticos,369.04999999999995,5,RRSS,5.16,2024-08-22,2024-10-17,False
1427,Horno eléctrico,33.55,11.0,2024-07-12,Electrodomésticos,369.04999999999995,65,TV,3.08,2024-10-23,2024-12-11,False
1525,Lavadora,34.53,10.0,2024-07-12,Electrodomésticos,345.3,46,Email,3.63,2024-05-12,2024-05-29,False
1525,Lavadora,34.53,10.0,2024-07-12,Electrodomésticos,345.3,76,TV,4.66,2024-05-26,2024-07-02,False
1525,Lavadora,34.53,10.0,2024-07-12,Electrodomésticos,345.3,16,RRSS,3.56,2024-08-14,2024-09-20,False
1536,Secadora,69.11,6.0,2024-07-12,Electrodomésticos,414.65999999999997,3,RRSS,5.1,2024-07-24,2024-08-30,False
1536,Secadora,69.11,6.0,2024-07-12,Electrodomésticos,414.65999999999997,63,TV,5.69,2024-11-03,2024-11-28,False
1536,Secadora,69.11,6.0,2024-07-12,Electrodomésticos,414.65999999999997,33,Email,3.8,2024-12-20,2025-01-07,False
55,Alfombra,53.54,12.0,2024-07-13,Decoración,642.48,58,Email,4.25,2024-03-31,2024-05-05,False
55,Alfombra,53.54,12.0,2024-07-13,Decoración,642.48,88,TV,7.39,2024-07-25,2024-08-31,False
55,Alfombra,53.54,12.0,2024-07-13,Decoración,642.48,28,RRSS,5.82,2024-11-27,2025-01-08,False
241,Lámpara de mesa,62.35,3.0,2024-07-13,Decoración,187.05,32,Email,5.54,2024-03-28,2024-04-20,False
241,Lámpara de mesa,62.35,3.0,2024-07-13,Decoración,187.05,2,RRSS,5.88,2024-05-30,2024-06-29,False
241,Lámpara de mesa,62.35,3.0,2024-07-13,Decoración,187.05,62,TV,4.51,2024-08-26,2024-10-07,False
691,Lámpara de mesa,111.59,2.0,2024-07-13,Decoración,223.18,32,Email,5.54,2024-03-28,2024-04-20,False
691,Lámpara de mesa,111.59,2.0,2024-07-13,Decoración,223.18,2,RRSS,5.88,2024-05-30,2024-06-29,False
691,Lámpara de mesa,111.59,2.0,2024-07-13,Decoración,223.18,62,TV,4.51,2024-08-26,2024-10-07,False
1123,Microondas,46.62,7.0,2024-07-13,Electrodomésticos,326.34,56,Email,4.94,2024-08-06,2024-08-25,False
1123,Microondas,46.62,7.0,2024-07-13,Electrodomésticos,326.34,26,RRSS,5.0,2024-09-25,2024-10-14,False
1123,Microondas,46.62,7.0,2024-07-13,Electrodomésticos,326.34,86,TV,4.25,2024-09-25,2024-11-15,False
1755,Lavadora,36.52,9.0,2024-07-13,Electrodomésticos,328.68,46,Email,3.63,2024-05-12,2024-05-29,False
1755,Lavadora,36.52,9.0,2024-07-13,Electrodomésticos,328.68,76,TV,4.66,2024-05-26,2024-07-02,False
1755,Lavadora,36.52,9.0,2024-07-13,Electrodomésticos,328.68,16,RRSS,3.56,2024-08-14,2024-09-20,False
1985,Lavadora,93.3,2.0,2024-07-13,Electrodomésticos,186.6,46,Email,3.63,2024-05-12,2024-05-29,False
1985,Lavadora,93.3,2.0,2024-07-13,Electrodomésticos,186.6,76,TV,4.66,2024-05-26,2024-07-02,False
1985,Lavadora,93.3,2.0,2024-07-13,Electrodomésticos,186.6,16,RRSS,3.56,2024-08-14,2024-09-20,False
1997,Horno eléctrico,81.81,5.0,2024-07-13,Electrodomésticos,409.05,35,Email,5.65,2024-07-31,2024-09-29,False
1997,Horno eléctrico,81.81,5.0,2024-07-13,Electrodomésticos,409.05,5,RRSS,5.16,2024-08-22,2024-10-17,False
1997,Horno eléctrico,81.81,5.0,2024-07-13,Electrodomésticos,409.05,65,TV,3.08,2024-10-23,2024-12-11,False
2425,Auriculares,99.13,7.0,2024-07-13,Electrónica,693.91,47,Email,4.19,2024-06-02,2024-07-22,True
2425,Auriculares,99.13,7.0,2024-07-13,Electrónica,693.91,17,RRSS,6.06,2024-07-15,2024-08-15,False
2425,Auriculares,99.13,7.0,2024-07-13,Electrónica,693.91,77,TV,4.99,2024-11-11,2024-12-06,False
2469,Proyector,52.56,8.0,2024-07-13,Electrónica,420.48,67,TV,3.68,2024-05-22,2024-07-12,False
2469,Proyector,52.56,8.0,2024-07-13,Electrónica,420.48,37,Email,3.22,2024-07-06,2024-07-26,True
2469,Proyector,52.56,8.0,2024-07-13,Electrónica,420.48,7,RRSS,5.57,2024-07-30,2024-08-16,False
2927,Cámara digital,103.18,9.0,2024-07-13,Electrónica,928.6200000000001,18,RRSS,5.46,2024-07-16,2024-09-13,False
2927,Cámara digital,103.18,9.0,2024-07-13,Electrónica,928.6200000000001,78,TV,4.1,2024-08-02,2024-09-20,False
2927,Cámara digital,103.18,9.0,2024-07-13,Electrónica,928.6200000000001,48,Email,6.84,2024-10-31,2024-12-09,False
964,Jarrón decorativo,43.3,7.0,2024-07-14,Decoración,303.09999999999997,15,RRSS,4.65,2024-05-09,2024-06-13,False
964,Jarrón decorativo,43.3,7.0,2024-07-14,Decoración,303.09999999999997,45,Email,4.52,2024-06-05,2024-07-31,True
964,Jarrón decorativo,43.3,7.0,2024-07-14,Decoración,303.09999999999997,75,TV,4.1,2024-11-03,2024-12-25,False
1078,Cafetera,38.47,1.0,2024-07-14,Electrodomésticos,38.47,49,Email,5.2,2024-06-20,2024-07-22,True
1078,Cafetera,38.47,1.0,2024-07-14,Electrodomésticos,38.47,79,TV,7.26,2024-08-13,2024-10-11,False
1078,Cafetera,38.47,1.0,2024-07-14,Electrodomésticos,38.47,19,RRSS,5.7,2024-08-19,2024-09-15,False
2247,Cámara digital,28.06,7.0,2024-07-14,Electrónica,196.42,18,RRSS,5.46,2024-07-16,2024-09-13,False
2247,Cámara digital,28.06,7.0,2024-07-14,Electrónica,196.42,78,TV,4.1,2024-08-02,2024-09-20,False
2247,Cámara digital,28.06,7.0,2024-07-14,Electrónica,196.42,48,Email,6.84,2024-10-31,2024-12-09,False
2495,Auriculares,107.82,4.0,2024-07-14,Electrónica,431.28,47,Email,4.19,2024-06-02,2024-07-22,True
2495,Auriculares,107.82,4.0,2024-07-14,Electrónica,431.28,17,RRSS,6.06,2024-07-15,2024-08-15,False
2495,Auriculares,107.82,4.0,2024-07-14,Electrónica,431.28,77,TV,4.99,2024-11-11,2024-12-06,False
2911,Parlantes Bluetooth,63.27,2.0,2024-07-14,Electrónica,126.54,84,TV,4.42,2024-04-17,2024-05-05,False
2911,Parlantes Bluetooth,63.27,2.0,2024-07-14,Electrónica,126.54,54,Email,2.95,2024-08-09,2024-09-22,False
2911,Parlantes Bluetooth,63.27,2.0,2024-07-14,Electrónica,126.54,24,RRSS,6.0,2024-09-22,2024-10-26,False
105,Alfombra,43.53,9.0,2024-07-15,Decoración,391.77,58,Email,4.25,2024-03-31,2024-05-05,False
105,Alfombra,43.53,9.0,2024-07-15,Decoración,391.77,88,TV,7.39,2024-07-25,2024-08-31,False
105,Alfombra,43.53,9.0,2024-07-15,Decoración,391.77,28,RRSS,5.82,2024-11-27,2025-01-08,False
149,Candelabro,29.77,9.0,2024-07-15,Decoración,267.93,69,TV,3.25,2024-05-29,2024-06-30,False
149,Candelabro,29.77,9.0,2024-07-15,Decoración,267.93,39,Email,6.08,2024-07-17,2024-08-18,False
149,Candelabro,29.77,9.0,2024-07-15,Decoración,267.93,9,RRSS,5.32,2024-10-08,2024-11-16,False
173,Espejo decorativo,96.39,6.0,2024-07-15,Decoración,578.34,83,TV,5.24,2024-05-31,2024-07-08,False
173,Espejo decorativo,96.39,6.0,2024-07-15,Decoración,578.34,53,Email,4.9,2024-07-17,2024-08-01,False
173,Espejo decorativo,96.39,6.0,2024-07-15,Decoración,578.34,23,RRSS,4.75,2024-08-28,2024-10-17,False
783,Espejo decorativo,80.56,7.0,2024-07-15,Decoración,563.9200000000001,83,TV,5.24,2024-05-31,2024-07-08,False
783,Espejo decorativo,80.56,7.0,2024-07-15,Decoración,563.9200000000001,53,Email,4.9,2024-07-17,2024-08-01,False
783,Espejo decorativo,80.56,7.0,2024-07-15,Decoración,563.9200000000001,23,RRSS,4.75,2024-08-28,2024-10-17,False
1373,Microondas,86.33,2.0,2024-07-15,Electrodomésticos,172.66,56,Email,4.94,2024-08-06,2024-08-25,False
1373,Microondas,86.33,2.0,2024-07-15,Electrodomésticos,172.66,26,RRSS,5.0,2024-09-25,2024-10-14,False
1373,Microondas,86.33,2.0,2024-07-15,Electrodomésticos,172.66,86,TV,4.25,2024-09-25,2024-11-15,False
1494,Aspiradora,82.5,6.0,2024-07-15,Electrodomésticos,495.0,40,Email,6.24,2024-06-24,2024-08-12,True
1494,Aspiradora,82.5,6.0,2024-07-15,Electrodomésticos,495.0,10,RRSS,7.16,2024-08-19,2024-09-19,False
1494,Aspiradora,82.5,6.0,2024-07-15,Electrodomésticos,495.0,70,TV,3.06,2024-12-13,2024-12-29,False
1533,Microondas,71.18,9.0,2024-07-15,Electrodomésticos,640.6200000000001,56,Email,4.94,2024-08-06,2024-08-25,False
1533,Microondas,71.18,9.0,2024-07-15,Electrodomésticos,640.6200000000001,26,RRSS,5.0,2024-09-25,2024-10-14,False
1533,Microondas,71.18,9.0,2024-07-15,Electrodomésticos,640.6200000000001,86,TV,4.25,2024-09-25,2024-11-15,False
1604,Aspiradora,99.9,8.0,2024-07-15,Electrodomésticos,799.2,40,Email,6.24,2024-06-24,2024-08-12,True
1604,Aspiradora,99.9,8.0,2024-07-15,Electrodomésticos,799.2,10,RRSS,7.16,2024-08-19,2024-09-19,False
1604,Aspiradora,99.9,8.0,2024-07-15,Electrodomésticos,799.2,70,TV,3.06,2024-12-13,2024-12-29,False
2625,Auriculares,77.33,6.0,2024-07-15,Electrónica,463.98,47,Email,4.19,2024-06-02,2024-07-22,True
2625,Auriculares,77.33,6.0,2024-07-15,Electrónica,463.98,17,RRSS,6.06,2024-07-15,2024-08-15,True
2625,Auriculares,77.33,6.0,2024-07-15,Electrónica,463.98,77,TV,4.99,2024-11-11,2024-12-06,False
2991,Televisor,92.33,4.0,2024-07-15,Electrónica,369.32,29,RRSS,3.96,2024-05-17,2024-06-28,False
2991,Televisor,92.33,4.0,2024-07-15,Electrónica,369.32,59,Email,4.19,2024-11-20,2025-01-19,False
2991,Televisor,92.33,4.0,2024-07-15,Electrónica,369.32,89,TV,4.98,2024-12-13,2025-02-08,False
63,Espejo decorativo,57.27,11.0,2024-07-16,Decoración,629.97,83,TV,5.24,2024-05-31,2024-07-08,False
63,Espejo decorativo,57.27,11.0,2024-07-16,Decoración,629.97,53,Email,4.9,2024-07-17,2024-08-01,False
63,Espejo decorativo,57.27,11.0,2024-07-16,Decoración,629.97,23,RRSS,4.75,2024-08-28,2024-10-17,False
200,Adorno de pared,110.4,5.0,2024-07-16,Decoración,552.0,74,TV,4.81,2024-03-20,2024-05-03,False
200,Adorno de pared,110.4,5.0,2024-07-16,Decoración,552.0,44,Email,5.08,2024-04-13,2024-05-10,False
200,Adorno de pared,110.4,5.0,2024-07-16,Decoración,552.0,14,RRSS,4.16,2024-10-22,2024-12-21,False
201,Lámpara de mesa,58.19,1.0,2024-07-16,Decoración,58.19,32,Email,5.54,2024-03-28,2024-04-20,False
201,Lámpara de mesa,58.19,1.0,2024-07-16,Decoración,58.19,2,RRSS,5.88,2024-05-30,2024-06-29,False
201,Lámpara de mesa,58.19,1.0,2024-07-16,Decoración,58.19,62,TV,4.51,2024-08-26,2024-10-07,False
298,Rincón de plantas,29.59,12.0,2024-07-16,Decoración,355.08,38,Email,5.76,2024-06-14,2024-07-15,False
298,Rincón de plantas,29.59,12.0,2024-07-16,Decoración,355.08,8,RRSS,4.88,2024-08-03,2024-08-18,False
298,Rincón de plantas,29.59,12.0,2024-07-16,Decoración,355.08,68,TV,5.81,2024-12-17,2025-02-14,False
1037,Horno eléctrico,120.58,8.0,2024-07-16,Electrodomésticos,964.64,35,Email,5.65,2024-07-31,2024-09-29,False
1037,Horno eléctrico,120.58,8.0,2024-07-16,Electrodomésticos,964.64,5,RRSS,5.16,2024-08-22,2024-10-17,False
1037,Horno eléctrico,120.58,8.0,2024-07-16,Electrodomésticos,964.64,65,TV,3.08,2024-10-23,2024-12-11,False
1795,Lavadora,83.14,8.0,2024-07-16,Electrodomésticos,665.12,46,Email,3.63,2024-05-12,2024-05-29,False
1795,Lavadora,83.14,8.0,2024-07-16,Electrodomésticos,665.12,76,TV,4.66,2024-05-26,2024-07-02,False
1795,Lavadora,83.14,8.0,2024-07-16,Electrodomésticos,665.12,16,RRSS,3.56,2024-08-14,2024-09-20,False
1824,Aspiradora,44.78,12.0,2024-07-16,Electrodomésticos,537.36,40,Email,6.24,2024-06-24,2024-08-12,True
1824,Aspiradora,44.78,12.0,2024-07-16,Electrodomésticos,537.36,10,RRSS,7.16,2024-08-19,2024-09-19,False
1824,Aspiradora,44.78,12.0,2024-07-16,Electrodomésticos,537.36,70,TV,3.06,2024-12-13,2024-12-29,False
1926,Secadora,42.19,2.0,2024-07-16,Electrodomésticos,84.38,3,RRSS,5.1,2024-07-24,2024-08-30,False
1926,Secadora,42.19,2.0,2024-07-16,Electrodomésticos,84.38,63,TV,5.69,2024-11-03,2024-11-28,False
1926,Secadora,42.19,2.0,2024-07-16,Electrodomésticos,84.38,33,Email,3.8,2024-12-20,2025-01-07,False
2280,Consola de videojuegos,108.67,3.0,2024-07-16,Electrónica,326.01,50,Email,4.97,2024-05-03,2024-05-28,False
2280,Consola de videojuegos,108.67,3.0,2024-07-16,Electrónica,326.01,20,RRSS,3.16,2024-07-15,2024-08-03,True
2280,Consola de videojuegos,108.67,3.0,2024-07-16,Electrónica,326.01,80,TV,4.64,2024-11-01,2024-11-20,False
129,Candelabro,85.59,5.0,2024-07-17,Decoración,427.95000000000005,69,TV,3.25,2024-05-29,2024-06-30,False
129,Candelabro,85.59,5.0,2024-07-17,Decoración,427.95000000000005,39,Email,6.08,2024-07-17,2024-08-18,True
129,Candelabro,85.59,5.0,2024-07-17,Decoración,427.95000000000005,9,RRSS,5.32,2024-10-08,2024-11-16,False
1047,Horno eléctrico,96.67,3.0,2024-07-17,Electrodomésticos,290.01,35,Email,5.65,2024-07-31,2024-09-29,False
1047,Horno eléctrico,96.67,3.0,2024-07-17,Electrodomésticos,290.01,5,RRSS,5.16,2024-08-22,2024-10-17,False
1047,Horno eléctrico,96.67,3.0,2024-07-17,Electrodomésticos,290.01,65,TV,3.08,2024-10-23,2024-12-11,False
1135,Lavadora,55.01,12.0,2024-07-17,Electrodomésticos,660.12,46,Email,3.63,2024-05-12,2024-05-29,False
1135,Lavadora,55.01,12.0,2024-07-17,Electrodomésticos,660.12,76,TV,4.66,2024-05-26,2024-07-02,False
1135,Lavadora,55.01,12.0,2024-07-17,Electrodomésticos,660.12,16,RRSS,3.56,2024-08-14,2024-09-20,False
1653,Microondas,124.64,9.0,2024-07-17,Electrodomésticos,1121.76,56,Email,4.94,2024-08-06,2024-08-25,False
1653,Microondas,124.64,9.0,2024-07-17,Electrodomésticos,1121.76,26,RRSS,5.0,2024-09-25,2024-10-14,False
1653,Microondas,124.64,9.0,2024-07-17,Electrodomésticos,1121.76,86,TV,4.25,2024-09-25,2024-11-15,False
1862,Microondas,51.41,6.0,2024-07-17,Electrodomésticos,308.46,56,Email,4.94,2024-08-06,2024-08-25,False
1862,Microondas,51.41,6.0,2024-07-17,Electrodomésticos,308.46,26,RRSS,5.0,2024-09-25,2024-10-14,False
1862,Microondas,51.41,6.0,2024-07-17,Electrodomésticos,308.46,86,TV,4.25,2024-09-25,2024-11-15,False
1910,Plancha de vapor,75.65,5.0,2024-07-17,Electrodomésticos,378.25,36,Email,5.41,2024-04-02,2024-06-01,False
1910,Plancha de vapor,75.65,5.0,2024-07-17,Electrodomésticos,378.25,6,RRSS,4.02,2024-09-24,2024-11-02,False
1910,Plancha de vapor,75.65,5.0,2024-07-17,Electrodomésticos,378.25,66,TV,4.69,2024-10-04,2024-10-23,False
1947,Horno eléctrico,54.93,7.0,2024-07-17,Electrodomésticos,384.51,35,Email,5.65,2024-07-31,2024-09-29,False
1947,Horno eléctrico,54.93,7.0,2024-07-17,Electrodomésticos,384.51,5,RRSS,5.16,2024-08-22,2024-10-17,False
1947,Horno eléctrico,54.93,7.0,2024-07-17,Electrodomésticos,384.51,65,TV,3.08,2024-10-23,2024-12-11,False
2570,Consola de videojuegos,122.81,6.0,2024-07-17,Electrónica,736.86,50,Email,4.97,2024-05-03,2024-05-28,False
2570,Consola de videojuegos,122.81,6.0,2024-07-17,Electrónica,736.86,20,RRSS,3.16,2024-07-15,2024-08-03,True
2570,Consola de videojuegos,122.81,6.0,2024-07-17,Electrónica,736.86,80,TV,4.64,2024-11-01,2024-11-20,False
2643,Smartphone,97.36,1.0,2024-07-17,Electrónica,97.36,21,RRSS,6.37,2024-03-29,2024-05-16,False
2643,Smartphone,97.36,1.0,2024-07-17,Electrónica,97.36,51,Email,4.65,2024-05-28,2024-06-15,False
2643,Smartphone,97.36,1.0,2024-07-17,Electrónica,97.36,81,TV,4.78,2024-09-28,2024-10-24,False
369,Candelabro,72.98,11.0,2024-07-18,Decoración,802.7800000000001,69,TV,3.25,2024-05-29,2024-06-30,False
369,Candelabro,72.98,11.0,2024-07-18,Decoración,802.7800000000001,39,Email,6.08,2024-07-17,2024-08-18,True
369,Candelabro,72.98,11.0,2024-07-18,Decoración,802.7800000000001,9,RRSS,5.32,2024-10-08,2024-11-16,False
1170,Plancha de vapor,30.39,11.0,2024-07-18,Electrodomésticos,334.29,36,Email,5.41,2024-04-02,2024-06-01,False
1170,Plancha de vapor,30.39,11.0,2024-07-18,Electrodomésticos,334.29,6,RRSS,4.02,2024-09-24,2024-11-02,False
1170,Plancha de vapor,30.39,11.0,2024-07-18,Electrodomésticos,334.29,66,TV,4.69,2024-10-04,2024-10-23,False
1237,Horno eléctrico,35.48,8.0,2024-07-18,Electrodomésticos,283.84,35,Email,5.65,2024-07-31,2024-09-29,False
1237,Horno eléctrico,35.48,8.0,2024-07-18,Electrodomésticos,283.84,5,RRSS,5.16,2024-08-22,2024-10-17,False
1237,Horno eléctrico,35.48,8.0,2024-07-18,Electrodomésticos,283.84,65,TV,3.08,2024-10-23,2024-12-11,False
1614,Aspiradora,56.92,7.0,2024-07-18,Electrodomésticos,398.44,40,Email,6.24,2024-06-24,2024-08-12,True
1614,Aspiradora,56.92,7.0,2024-07-18,Electrodomésticos,398.44,10,RRSS,7.16,2024-08-19,2024-09-19,False
1614,Aspiradora,56.92,7.0,2024-07-18,Electrodomésticos,398.44,70,TV,3.06,2024-12-13,2024-12-29,False
1663,Microondas,60.51,10.0,2024-07-18,Electrodomésticos,605.1,56,Email,4.94,2024-08-06,2024-08-25,False
1663,Microondas,60.51,10.0,2024-07-18,Electrodomésticos,605.1,26,RRSS,5.0,2024-09-25,2024-10-14,False
1663,Microondas,60.51,10.0,2024-07-18,Electrodomésticos,605.1,86,TV,4.25,2024-09-25,2024-11-15,False
1714,Aspiradora,75.51,12.0,2024-07-18,Electrodomésticos,906.1200000000001,40,Email,6.24,2024-06-24,2024-08-12,True
1714,Aspiradora,75.51,12.0,2024-07-18,Electrodomésticos,906.1200000000001,10,RRSS,7.16,2024-08-19,2024-09-19,False
1714,Aspiradora,75.51,12.0,2024-07-18,Electrodomésticos,906.1200000000001,70,TV,3.06,2024-12-13,2024-12-29,False
2834,Auriculares,65.34,4.0,2024-07-18,Electrónica,261.36,47,Email,4.19,2024-06-02,2024-07-22,True
2834,Auriculares,65.34,4.0,2024-07-18,Electrónica,261.36,17,RRSS,6.06,2024-07-15,2024-08-15,True
2834,Auriculares,65.34,4.0,2024-07-18,Electrónica,261.36,77,TV,4.99,2024-11-11,2024-12-06,False
2855,Auriculares,57.89,2.0,2024-07-18,Electrónica,115.78,47,Email,4.19,2024-06-02,2024-07-22,True
2855,Auriculares,57.89,2.0,2024-07-18,Electrónica,115.78,17,RRSS,6.06,2024-07-15,2024-08-15,True
2855,Auriculares,57.89,2.0,2024-07-18,Electrónica,115.78,77,TV,4.99,2024-11-11,2024-12-06,False
155,Alfombra,79.26,10.0,2024-07-19,Decoración,792.6,58,Email,4.25,2024-03-31,2024-05-05,False
155,Alfombra,79.26,10.0,2024-07-19,Decoración,792.6,88,TV,7.39,2024-07-25,2024-08-31,False
155,Alfombra,79.26,10.0,2024-07-19,Decoración,792.6,28,RRSS,5.82,2024-11-27,2025-01-08,False
157,Elementos de cerámica,48.72,12.0,2024-07-19,Decoración,584.64,22,RRSS,5.44,2024-06-26,2024-07-15,False
157,Elementos de cerámica,48.72,12.0,2024-07-19,Decoración,584.64,82,TV,5.69,2024-09-08,2024-10-12,False
157,Elementos de cerámica,48.72,12.0,2024-07-19,Decoración,584.64,52,Email,5.74,2024-09-09,2024-09-30,False
2350,Consola de videojuegos,90.18,4.0,2024-07-19,Electrónica,360.72,50,Email,4.97,2024-05-03,2024-05-28,False
2350,Consola de videojuegos,90.18,4.0,2024-07-19,Electrónica,360.72,20,RRSS,3.16,2024-07-15,2024-08-03,True
2350,Consola de videojuegos,90.18,4.0,2024-07-19,Electrónica,360.72,80,TV,4.64,2024-11-01,2024-11-20,False
2555,Auriculares,37.08,1.0,2024-07-19,Electrónica,37.08,47,Email,4.19,2024-06-02,2024-07-22,True
2555,Auriculares,37.08,1.0,2024-07-19,Electrónica,37.08,17,RRSS,6.06,2024-07-15,2024-08-15,True
2555,Auriculares,37.08,1.0,2024-07-19,Electrónica,37.08,77,TV,4.99,2024-11-11,2024-12-06,False
2567,Cámara digital,47.38,6.0,2024-07-19,Electrónica,284.28000000000003,18,RRSS,5.46,2024-07-16,2024-09-13,True
2567,Cámara digital,47.38,6.0,2024-07-19,Electrónica,284.28000000000003,78,TV,4.1,2024-08-02,2024-09-20,False
2567,Cámara digital,47.38,6.0,2024-07-19,Electrónica,284.28000000000003,48,Email,6.84,2024-10-31,2024-12-09,False
2954,Auriculares,86.93,7.0,2024-07-19,Electrónica,608.51,47,Email,4.19,2024-06-02,2024-07-22,True
2954,Auriculares,86.93,7.0,2024-07-19,Electrónica,608.51,17,RRSS,6.06,2024-07-15,2024-08-15,True
2954,Auriculares,86.93,7.0,2024-07-19,Electrónica,608.51,77,TV,4.99,2024-11-11,2024-12-06,False
37,Elementos de cerámica,38.64,1.0,2024-07-20,Decoración,38.64,22,RRSS,5.44,2024-06-26,2024-07-15,False
37,Elementos de cerámica,38.64,1.0,2024-07-20,Decoración,38.64,82,TV,5.69,2024-09-08,2024-10-12,False
37,Elementos de cerámica,38.64,1.0,2024-07-20,Decoración,38.64,52,Email,5.74,2024-09-09,2024-09-30,False
87,Elementos de cerámica,38.79,3.0,2024-07-20,Decoración,116.37,22,RRSS,5.44,2024-06-26,2024-07-15,False
87,Elementos de cerámica,38.79,3.0,2024-07-20,Decoración,116.37,82,TV,5.69,2024-09-08,2024-10-12,False
87,Elementos de cerámica,38.79,3.0,2024-07-20,Decoración,116.37,52,Email,5.74,2024-09-09,2024-09-30,False
391,Lámpara de mesa,56.98,2.0,2024-07-20,Decoración,113.96,32,Email,5.54,2024-03-28,2024-04-20,False
391,Lámpara de mesa,56.98,2.0,2024-07-20,Decoración,113.96,2,RRSS,5.88,2024-05-30,2024-06-29,False
391,Lámpara de mesa,56.98,2.0,2024-07-20,Decoración,113.96,62,TV,4.51,2024-08-26,2024-10-07,False
488,Rincón de plantas,114.92,1.0,2024-07-20,Decoración,114.92,38,Email,5.76,2024-06-14,2024-07-15,False
488,Rincón de plantas,114.92,1.0,2024-07-20,Decoración,114.92,8,RRSS,4.88,2024-08-03,2024-08-18,False
488,Rincón de plantas,114.92,1.0,2024-07-20,Decoración,114.92,68,TV,5.81,2024-12-17,2025-02-14,False
1157,Horno eléctrico,56.94,4.0,2024-07-20,Electrodomésticos,227.76,35,Email,5.65,2024-07-31,2024-09-29,False
1157,Horno eléctrico,56.94,4.0,2024-07-20,Electrodomésticos,227.76,5,RRSS,5.16,2024-08-22,2024-10-17,False
1157,Horno eléctrico,56.94,4.0,2024-07-20,Electrodomésticos,227.76,65,TV,3.08,2024-10-23,2024-12-11,False
1333,Microondas,95.29,8.0,2024-07-20,Electrodomésticos,762.32,56,Email,4.94,2024-08-06,2024-08-25,False
1333,Microondas,95.29,8.0,2024-07-20,Electrodomésticos,762.32,26,RRSS,5.0,2024-09-25,2024-10-14,False
1333,Microondas,95.29,8.0,2024-07-20,Electrodomésticos,762.32,86,TV,4.25,2024-09-25,2024-11-15,False
1364,Aspiradora,68.72,11.0,2024-07-20,Electrodomésticos,755.92,40,Email,6.24,2024-06-24,2024-08-12,True
1364,Aspiradora,68.72,11.0,2024-07-20,Electrodomésticos,755.92,10,RRSS,7.16,2024-08-19,2024-09-19,False
1364,Aspiradora,68.72,11.0,2024-07-20,Electrodomésticos,755.92,70,TV,3.06,2024-12-13,2024-12-29,False
1909,Batidora,124.45,5.0,2024-07-20,Electrodomésticos,622.25,57,Email,4.48,2024-04-10,2024-06-08,False
1909,Batidora,124.45,5.0,2024-07-20,Electrodomésticos,622.25,87,TV,6.28,2024-08-27,2024-10-11,False
1909,Batidora,124.45,5.0,2024-07-20,Electrodomésticos,622.25,27,RRSS,4.52,2024-11-01,2024-12-08,False
2184,Auriculares,31.39,2.0,2024-07-20,Electrónica,62.78,47,Email,4.19,2024-06-02,2024-07-22,True
2184,Auriculares,31.39,2.0,2024-07-20,Electrónica,62.78,17,RRSS,6.06,2024-07-15,2024-08-15,True
2184,Auriculares,31.39,2.0,2024-07-20,Electrónica,62.78,77,TV,4.99,2024-11-11,2024-12-06,False
2326,Laptop,52.68,11.0,2024-07-20,Electrónica,579.48,60,Email,4.89,2024-09-28,2024-10-27,False
2326,Laptop,52.68,11.0,2024-07-20,Electrónica,579.48,30,RRSS,4.68,2024-10-23,2024-11-24,False
2326,Laptop,52.68,11.0,2024-07-20,Electrónica,579.48,90,TV,5.62,2024-11-16,2025-01-13,False
2484,Auriculares,76.32,10.0,2024-07-20,Electrónica,763.1999999999999,47,Email,4.19,2024-06-02,2024-07-22,True
2484,Auriculares,76.32,10.0,2024-07-20,Electrónica,763.1999999999999,17,RRSS,6.06,2024-07-15,2024-08-15,True
2484,Auriculares,76.32,10.0,2024-07-20,Electrónica,763.1999999999999,77,TV,4.99,2024-11-11,2024-12-06,False
2866,Laptop,47.15,1.0,2024-07-20,Electrónica,47.15,60,Email,4.89,2024-09-28,2024-10-27,False
2866,Laptop,47.15,1.0,2024-07-20,Electrónica,47.15,30,RRSS,4.68,2024-10-23,2024-11-24,False
2866,Laptop,47.15,1.0,2024-07-20,Electrónica,47.15,90,TV,5.62,2024-11-16,2025-01-13,False
77,Elementos de cerámica,121.49,8.0,2024-07-21,Decoración,971.92,22,RRSS,5.44,2024-06-26,2024-07-15,False
77,Elementos de cerámica,121.49,8.0,2024-07-21,Decoración,971.92,82,TV,5.69,2024-09-08,2024-10-12,False
77,Elementos de cerámica,121.49,8.0,2024-07-21,Decoración,971.92,52,Email,5.74,2024-09-09,2024-09-30,False
1195,Lavadora,88.93,5.0,2024-07-21,Electrodomésticos,444.65000000000003,46,Email,3.63,2024-05-12,2024-05-29,False
1195,Lavadora,88.93,5.0,2024-07-21,Electrodomésticos,444.65000000000003,76,TV,4.66,2024-05-26,2024-07-02,False
1195,Lavadora,88.93,5.0,2024-07-21,Electrodomésticos,444.65000000000003,16,RRSS,3.56,2024-08-14,2024-09-20,False
1402,Microondas,80.75,9.0,2024-07-21,Electrodomésticos,726.75,56,Email,4.94,2024-08-06,2024-08-25,False
1402,Microondas,80.75,9.0,2024-07-21,Electrodomésticos,726.75,26,RRSS,5.0,2024-09-25,2024-10-14,False
1402,Microondas,80.75,9.0,2024-07-21,Electrodomésticos,726.75,86,TV,4.25,2024-09-25,2024-11-15,False
1491,Freidora eléctrica,48.86,1.0,2024-07-21,Electrodomésticos,48.86,71,TV,4.37,2024-06-05,2024-07-24,True
1491,Freidora eléctrica,48.86,1.0,2024-07-21,Electrodomésticos,48.86,41,Email,3.92,2024-11-23,2025-01-01,False
1491,Freidora eléctrica,48.86,1.0,2024-07-21,Electrodomésticos,48.86,11,RRSS,5.27,2024-12-29,2025-01-21,False
2314,Auriculares,68.94,9.0,2024-07-21,Electrónica,620.46,47,Email,4.19,2024-06-02,2024-07-22,True
2314,Auriculares,68.94,9.0,2024-07-21,Electrónica,620.46,17,RRSS,6.06,2024-07-15,2024-08-15,True
2314,Auriculares,68.94,9.0,2024-07-21,Electrónica,620.46,77,TV,4.99,2024-11-11,2024-12-06,False
2362,Televisor,58.05,11.0,2024-07-21,Electrónica,638.55,29,RRSS,3.96,2024-05-17,2024-06-28,False
2362,Televisor,58.05,11.0,2024-07-21,Electrónica,638.55,59,Email,4.19,2024-11-20,2025-01-19,False
2362,Televisor,58.05,11.0,2024-07-21,Electrónica,638.55,89,TV,4.98,2024-12-13,2025-02-08,False
2596,Laptop,52.44,4.0,2024-07-21,Electrónica,209.76,60,Email,4.89,2024-09-28,2024-10-27,False
2596,Laptop,52.44,4.0,2024-07-21,Electrónica,209.76,30,RRSS,4.68,2024-10-23,2024-11-24,False
2596,Laptop,52.44,4.0,2024-07-21,Electrónica,209.76,90,TV,5.62,2024-11-16,2025-01-13,False
121,Lámpara de mesa,60.27,9.0,2024-07-22,Decoración,542.4300000000001,32,Email,5.54,2024-03-28,2024-04-20,False
121,Lámpara de mesa,60.27,9.0,2024-07-22,Decoración,542.4300000000001,2,RRSS,5.88,2024-05-30,2024-06-29,False
121,Lámpara de mesa,60.27,9.0,2024-07-22,Decoración,542.4300000000001,62,TV,4.51,2024-08-26,2024-10-07,False
258,Rincón de plantas,52.21,9.0,2024-07-22,Decoración,469.89,38,Email,5.76,2024-06-14,2024-07-15,False
258,Rincón de plantas,52.21,9.0,2024-07-22,Decoración,469.89,8,RRSS,4.88,2024-08-03,2024-08-18,False
258,Rincón de plantas,52.21,9.0,2024-07-22,Decoración,469.89,68,TV,5.81,2024-12-17,2025-02-14,False
870,Adorno de pared,85.11,4.0,2024-07-22,Decoración,340.44,74,TV,4.81,2024-03-20,2024-05-03,False
870,Adorno de pared,85.11,4.0,2024-07-22,Decoración,340.44,44,Email,5.08,2024-04-13,2024-05-10,False
870,Adorno de pared,85.11,4.0,2024-07-22,Decoración,340.44,14,RRSS,4.16,2024-10-22,2024-12-21,False
1249,Batidora,79.15,10.0,2024-07-22,Electrodomésticos,791.5,57,Email,4.48,2024-04-10,2024-06-08,False
1249,Batidora,79.15,10.0,2024-07-22,Electrodomésticos,791.5,87,TV,6.28,2024-08-27,2024-10-11,False
1249,Batidora,79.15,10.0,2024-07-22,Electrodomésticos,791.5,27,RRSS,4.52,2024-11-01,2024-12-08,False
2799,Proyector,97.23,8.0,2024-07-22,Electrónica,777.84,67,TV,3.68,2024-05-22,2024-07-12,False
2799,Proyector,97.23,8.0,2024-07-22,Electrónica,777.84,37,Email,3.22,2024-07-06,2024-07-26,True
2799,Proyector,97.23,8.0,2024-07-22,Electrónica,777.84,7,RRSS,5.57,2024-07-30,2024-08-16,False
12,Cuadro decorativo,59.33,1.0,2024-07-23,Decoración,59.33,1,RRSS,5.27,2024-04-27,2024-06-04,False
12,Cuadro decorativo,59.33,1.0,2024-07-23,Decoración,59.33,31,Email,5.28,2024-08-15,2024-09-12,False
12,Cuadro decorativo,59.33,1.0,2024-07-23,Decoración,59.33,61,TV,5.3,2024-11-05,2024-12-23,False
602,Cuadro decorativo,76.58,11.0,2024-07-23,Decoración,842.38,1,RRSS,5.27,2024-04-27,2024-06-04,False
602,Cuadro decorativo,76.58,11.0,2024-07-23,Decoración,842.38,31,Email,5.28,2024-08-15,2024-09-12,False
602,Cuadro decorativo,76.58,11.0,2024-07-23,Decoración,842.38,61,TV,5.3,2024-11-05,2024-12-23,False
1444,Aspiradora,118.58,2.0,2024-07-23,Electrodomésticos,237.16,40,Email,6.24,2024-06-24,2024-08-12,True
1444,Aspiradora,118.58,2.0,2024-07-23,Electrodomésticos,237.16,10,RRSS,7.16,2024-08-19,2024-09-19,False
1444,Aspiradora,118.58,2.0,2024-07-23,Electrodomésticos,237.16,70,TV,3.06,2024-12-13,2024-12-29,False
1847,Horno eléctrico,113.06,6.0,2024-07-23,Electrodomésticos,678.36,35,Email,5.65,2024-07-31,2024-09-29,False
1847,Horno eléctrico,113.06,6.0,2024-07-23,Electrodomésticos,678.36,5,RRSS,5.16,2024-08-22,2024-10-17,False
1847,Horno eléctrico,113.06,6.0,2024-07-23,Electrodomésticos,678.36,65,TV,3.08,2024-10-23,2024-12-11,False
2221,Parlantes Bluetooth,64.92,2.0,2024-07-23,Electrónica,129.84,84,TV,4.42,2024-04-17,2024-05-05,False
2221,Parlantes Bluetooth,64.92,2.0,2024-07-23,Electrónica,129.84,54,Email,2.95,2024-08-09,2024-09-22,False
2221,Parlantes Bluetooth,64.92,2.0,2024-07-23,Electrónica,129.84,24,RRSS,6.0,2024-09-22,2024-10-26,False
2397,Cámara digital,56.77,4.0,2024-07-23,Electrónica,227.08,18,RRSS,5.46,2024-07-16,2024-09-13,True
2397,Cámara digital,56.77,4.0,2024-07-23,Electrónica,227.08,78,TV,4.1,2024-08-02,2024-09-20,False
2397,Cámara digital,56.77,4.0,2024-07-23,Electrónica,227.08,48,Email,6.84,2024-10-31,2024-12-09,False
2524,Auriculares,74.77,7.0,2024-07-23,Electrónica,523.39,47,Email,4.19,2024-06-02,2024-07-22,False
2524,Auriculares,74.77,7.0,2024-07-23,Electrónica,523.39,17,RRSS,6.06,2024-07-15,2024-08-15,True
2524,Auriculares,74.77,7.0,2024-07-23,Electrónica,523.39,77,TV,4.99,2024-11-11,2024-12-06,False
554,Jarrón decorativo,97.67,7.0,2024-07-24,Decoración,683.69,15,RRSS,4.65,2024-05-09,2024-06-13,False
554,Jarrón decorativo,97.67,7.0,2024-07-24,Decoración,683.69,45,Email,4.52,2024-06-05,2024-07-31,True
554,Jarrón decorativo,97.67,7.0,2024-07-24,Decoración,683.69,75,TV,4.1,2024-11-03,2024-12-25,False
1016,Secadora,28.8,12.0,2024-07-24,Electrodomésticos,345.6,3,RRSS,5.1,2024-07-24,2024-08-30,True
1016,Secadora,28.8,12.0,2024-07-24,Electrodomésticos,345.6,63,TV,5.69,2024-11-03,2024-11-28,False
1016,Secadora,28.8,12.0,2024-07-24,Electrodomésticos,345.6,33,Email,3.8,2024-12-20,2025-01-07,False
1397,Horno eléctrico,63.21,2.0,2024-07-24,Electrodomésticos,126.42,35,Email,5.65,2024-07-31,2024-09-29,False
1397,Horno eléctrico,63.21,2.0,2024-07-24,Electrodomésticos,126.42,5,RRSS,5.16,2024-08-22,2024-10-17,False
1397,Horno eléctrico,63.21,2.0,2024-07-24,Electrodomésticos,126.42,65,TV,3.08,2024-10-23,2024-12-11,False
1575,Lavadora,47.7,9.0,2024-07-24,Electrodomésticos,429.3,46,Email,3.63,2024-05-12,2024-05-29,False
1575,Lavadora,47.7,9.0,2024-07-24,Electrodomésticos,429.3,76,TV,4.66,2024-05-26,2024-07-02,False
1575,Lavadora,47.7,9.0,2024-07-24,Electrodomésticos,429.3,16,RRSS,3.56,2024-08-14,2024-09-20,False
1745,Lavadora,92.94,8.0,2024-07-24,Electrodomésticos,743.52,46,Email,3.63,2024-05-12,2024-05-29,False
1745,Lavadora,92.94,8.0,2024-07-24,Electrodomésticos,743.52,76,TV,4.66,2024-05-26,2024-07-02,False
1745,Lavadora,92.94,8.0,2024-07-24,Electrodomésticos,743.52,16,RRSS,3.56,2024-08-14,2024-09-20,False
1816,Secadora,47.25,4.0,2024-07-24,Electrodomésticos,189.0,3,RRSS,5.1,2024-07-24,2024-08-30,True
1816,Secadora,47.25,4.0,2024-07-24,Electrodomésticos,189.0,63,TV,5.69,2024-11-03,2024-11-28,False
1816,Secadora,47.25,4.0,2024-07-24,Electrodomésticos,189.0,33,Email,3.8,2024-12-20,2025-01-07,False
2023,Smartphone,105.76,12.0,2024-07-24,Electrónica,1269.1200000000001,21,RRSS,6.37,2024-03-29,2024-05-16,False
2023,Smartphone,105.76,12.0,2024-07-24,Electrónica,1269.1200000000001,51,Email,4.65,2024-05-28,2024-06-15,False
2023,Smartphone,105.76,12.0,2024-07-24,Electrónica,1269.1200000000001,81,TV,4.78,2024-09-28,2024-10-24,False
2070,Consola de videojuegos,39.85,6.0,2024-07-24,Electrónica,239.10000000000002,50,Email,4.97,2024-05-03,2024-05-28,False
2070,Consola de videojuegos,39.85,6.0,2024-07-24,Electrónica,239.10000000000002,20,RRSS,3.16,2024-07-15,2024-08-03,True
2070,Consola de videojuegos,39.85,6.0,2024-07-24,Electrónica,239.10000000000002,80,TV,4.64,2024-11-01,2024-11-20,False
2593,Smartphone,123.47,7.0,2024-07-24,Electrónica,864.29,21,RRSS,6.37,2024-03-29,2024-05-16,False
2593,Smartphone,123.47,7.0,2024-07-24,Electrónica,864.29,51,Email,4.65,2024-05-28,2024-06-15,False
2593,Smartphone,123.47,7.0,2024-07-24,Electrónica,864.29,81,TV,4.78,2024-09-28,2024-10-24,False
32,Cuadro decorativo,26.37,6.0,2024-07-25,Decoración,158.22,1,RRSS,5.27,2024-04-27,2024-06-04,False
32,Cuadro decorativo,26.37,6.0,2024-07-25,Decoración,158.22,31,Email,5.28,2024-08-15,2024-09-12,False
32,Cuadro decorativo,26.37,6.0,2024-07-25,Decoración,158.22,61,TV,5.3,2024-11-05,2024-12-23,False
309,Candelabro,77.84,8.0,2024-07-25,Decoración,622.72,69,TV,3.25,2024-05-29,2024-06-30,False
309,Candelabro,77.84,8.0,2024-07-25,Decoración,622.72,39,Email,6.08,2024-07-17,2024-08-18,True
309,Candelabro,77.84,8.0,2024-07-25,Decoración,622.72,9,RRSS,5.32,2024-10-08,2024-11-16,False
321,Lámpara de mesa,54.66,7.0,2024-07-25,Decoración,382.62,32,Email,5.54,2024-03-28,2024-04-20,False
321,Lámpara de mesa,54.66,7.0,2024-07-25,Decoración,382.62,2,RRSS,5.88,2024-05-30,2024-06-29,False
321,Lámpara de mesa,54.66,7.0,2024-07-25,Decoración,382.62,62,TV,4.51,2024-08-26,2024-10-07,False
473,Espejo decorativo,83.21,1.0,2024-07-25,Decoración,83.21,83,TV,5.24,2024-05-31,2024-07-08,False
473,Espejo decorativo,83.21,1.0,2024-07-25,Decoración,83.21,53,Email,4.9,2024-07-17,2024-08-01,True
473,Espejo decorativo,83.21,1.0,2024-07-25,Decoración,83.21,23,RRSS,4.75,2024-08-28,2024-10-17,False
1220,Plancha de vapor,74.88,1.0,2024-07-25,Electrodomésticos,74.88,36,Email,5.41,2024-04-02,2024-06-01,False
1220,Plancha de vapor,74.88,1.0,2024-07-25,Electrodomésticos,74.88,6,RRSS,4.02,2024-09-24,2024-11-02,False
1220,Plancha de vapor,74.88,1.0,2024-07-25,Electrodomésticos,74.88,66,TV,4.69,2024-10-04,2024-10-23,False
1231,Freidora eléctrica,98.69,3.0,2024-07-25,Electrodomésticos,296.07,71,TV,4.37,2024-06-05,2024-07-24,False
1231,Freidora eléctrica,98.69,3.0,2024-07-25,Electrodomésticos,296.07,41,Email,3.92,2024-11-23,2025-01-01,False
1231,Freidora eléctrica,98.69,3.0,2024-07-25,Electrodomésticos,296.07,11,RRSS,5.27,2024-12-29,2025-01-21,False
1279,Batidora,42.67,10.0,2024-07-25,Electrodomésticos,426.70000000000005,57,Email,4.48,2024-04-10,2024-06-08,False
1279,Batidora,42.67,10.0,2024-07-25,Electrodomésticos,426.70000000000005,87,TV,6.28,2024-08-27,2024-10-11,False
1279,Batidora,42.67,10.0,2024-07-25,Electrodomésticos,426.70000000000005,27,RRSS,4.52,2024-11-01,2024-12-08,False
2709,Proyector,108.23,6.0,2024-07-25,Electrónica,649.38,67,TV,3.68,2024-05-22,2024-07-12,False
2709,Proyector,108.23,6.0,2024-07-25,Electrónica,649.38,37,Email,3.22,2024-07-06,2024-07-26,True
2709,Proyector,108.23,6.0,2024-07-25,Electrónica,649.38,7,RRSS,5.57,2024-07-30,2024-08-16,False
2891,Parlantes Bluetooth,31.28,12.0,2024-07-25,Electrónica,375.36,84,TV,4.42,2024-04-17,2024-05-05,False
2891,Parlantes Bluetooth,31.28,12.0,2024-07-25,Electrónica,375.36,54,Email,2.95,2024-08-09,2024-09-22,False
2891,Parlantes Bluetooth,31.28,12.0,2024-07-25,Electrónica,375.36,24,RRSS,6.0,2024-09-22,2024-10-26,False
3000,Parlantes Bluetooth,78.55,11.0,2024-07-25,Electrónica,864.05,84,TV,4.42,2024-04-17,2024-05-05,False
3000,Parlantes Bluetooth,78.55,11.0,2024-07-25,Electrónica,864.05,54,Email,2.95,2024-08-09,2024-09-22,False
3000,Parlantes Bluetooth,78.55,11.0,2024-07-25,Electrónica,864.05,24,RRSS,6.0,2024-09-22,2024-10-26,False
1242,Microondas,70.09,9.0,2024-07-26,Electrodomésticos,630.8100000000001,56,Email,4.94,2024-08-06,2024-08-25,False
1242,Microondas,70.09,9.0,2024-07-26,Electrodomésticos,630.8100000000001,26,RRSS,5.0,2024-09-25,2024-10-14,False
1242,Microondas,70.09,9.0,2024-07-26,Electrodomésticos,630.8100000000001,86,TV,4.25,2024-09-25,2024-11-15,False
2301,Parlantes Bluetooth,61.21,9.0,2024-07-26,Electrónica,550.89,84,TV,4.42,2024-04-17,2024-05-05,False
2301,Parlantes Bluetooth,61.21,9.0,2024-07-26,Electrónica,550.89,54,Email,2.95,2024-08-09,2024-09-22,False
2301,Parlantes Bluetooth,61.21,9.0,2024-07-26,Electrónica,550.89,24,RRSS,6.0,2024-09-22,2024-10-26,False
2390,Consola de videojuegos,108.3,4.0,2024-07-26,Electrónica,433.2,50,Email,4.97,2024-05-03,2024-05-28,False
2390,Consola de videojuegos,108.3,4.0,2024-07-26,Electrónica,433.2,20,RRSS,3.16,2024-07-15,2024-08-03,True
2390,Consola de videojuegos,108.3,4.0,2024-07-26,Electrónica,433.2,80,TV,4.64,2024-11-01,2024-11-20,False
2561,Parlantes Bluetooth,28.91,1.0,2024-07-26,Electrónica,28.91,84,TV,4.42,2024-04-17,2024-05-05,False
2561,Parlantes Bluetooth,28.91,1.0,2024-07-26,Electrónica,28.91,54,Email,2.95,2024-08-09,2024-09-22,False
2561,Parlantes Bluetooth,28.91,1.0,2024-07-26,Electrónica,28.91,24,RRSS,6.0,2024-09-22,2024-10-26,False
2712,Televisor,57.13,8.0,2024-07-26,Electrónica,457.04,29,RRSS,3.96,2024-05-17,2024-06-28,False
2712,Televisor,57.13,8.0,2024-07-26,Electrónica,457.04,59,Email,4.19,2024-11-20,2025-01-19,False
2712,Televisor,57.13,8.0,2024-07-26,Electrónica,457.04,89,TV,4.98,2024-12-13,2025-02-08,False
2857,Cámara digital,102.7,10.0,2024-07-26,Electrónica,1027.0,18,RRSS,5.46,2024-07-16,2024-09-13,True
2857,Cámara digital,102.7,10.0,2024-07-26,Electrónica,1027.0,78,TV,4.1,2024-08-02,2024-09-20,False
2857,Cámara digital,102.7,10.0,2024-07-26,Electrónica,1027.0,48,Email,6.84,2024-10-31,2024-12-09,False
2901,Parlantes Bluetooth,93.37,10.0,2024-07-26,Electrónica,933.7,84,TV,4.42,2024-04-17,2024-05-05,False
2901,Parlantes Bluetooth,93.37,10.0,2024-07-26,Electrónica,933.7,54,Email,2.95,2024-08-09,2024-09-22,False
2901,Parlantes Bluetooth,93.37,10.0,2024-07-26,Electrónica,933.7,24,RRSS,6.0,2024-09-22,2024-10-26,False
290,Adorno de pared,100.5,12.0,2024-07-27,Decoración,1206.0,74,TV,4.81,2024-03-20,2024-05-03,False
290,Adorno de pared,100.5,12.0,2024-07-27,Decoración,1206.0,44,Email,5.08,2024-04-13,2024-05-10,False
290,Adorno de pared,100.5,12.0,2024-07-27,Decoración,1206.0,14,RRSS,4.16,2024-10-22,2024-12-21,False
1827,Horno eléctrico,97.56,9.0,2024-07-27,Electrodomésticos,878.04,35,Email,5.65,2024-07-31,2024-09-29,False
1827,Horno eléctrico,97.56,9.0,2024-07-27,Electrodomésticos,878.04,5,RRSS,5.16,2024-08-22,2024-10-17,False
1827,Horno eléctrico,97.56,9.0,2024-07-27,Electrodomésticos,878.04,65,TV,3.08,2024-10-23,2024-12-11,False
1829,Batidora,96.16,1.0,2024-07-27,Electrodomésticos,96.16,57,Email,4.48,2024-04-10,2024-06-08,False
1829,Batidora,96.16,1.0,2024-07-27,Electrodomésticos,96.16,87,TV,6.28,2024-08-27,2024-10-11,False
1829,Batidora,96.16,1.0,2024-07-27,Electrodomésticos,96.16,27,RRSS,4.52,2024-11-01,2024-12-08,False
2045,Auriculares,94.17,5.0,2024-07-27,Electrónica,470.85,47,Email,4.19,2024-06-02,2024-07-22,False
2045,Auriculares,94.17,5.0,2024-07-27,Electrónica,470.85,17,RRSS,6.06,2024-07-15,2024-08-15,True
2045,Auriculares,94.17,5.0,2024-07-27,Electrónica,470.85,77,TV,4.99,2024-11-11,2024-12-06,False
2518,SmartWatch,114.56,3.0,2024-07-27,Electrónica,343.68,85,TV,5.07,2024-04-01,2024-05-05,False
2518,SmartWatch,114.56,3.0,2024-07-27,Electrónica,343.68,55,Email,4.59,2024-10-13,2024-12-06,False
2518,SmartWatch,114.56,3.0,2024-07-27,Electrónica,343.68,25,RRSS,4.84,2024-11-23,2024-12-29,False
2853,Smartphone,69.68,1.0,2024-07-27,Electrónica,69.68,21,RRSS,6.37,2024-03-29,2024-05-16,False
2853,Smartphone,69.68,1.0,2024-07-27,Electrónica,69.68,51,Email,4.65,2024-05-28,2024-06-15,False
2853,Smartphone,69.68,1.0,2024-07-27,Electrónica,69.68,81,TV,4.78,2024-09-28,2024-10-24,False
631,Lámpara de mesa,111.73,5.0,2024-07-28,Decoración,558.65,32,Email,5.54,2024-03-28,2024-04-20,False
631,Lámpara de mesa,111.73,5.0,2024-07-28,Decoración,558.65,2,RRSS,5.88,2024-05-30,2024-06-29,False
631,Lámpara de mesa,111.73,5.0,2024-07-28,Decoración,558.65,62,TV,4.51,2024-08-26,2024-10-07,False
1213,Microondas,57.17,5.0,2024-07-28,Electrodomésticos,285.85,56,Email,4.94,2024-08-06,2024-08-25,False
1213,Microondas,57.17,5.0,2024-07-28,Electrodomésticos,285.85,26,RRSS,5.0,2024-09-25,2024-10-14,False
1213,Microondas,57.17,5.0,2024-07-28,Electrodomésticos,285.85,86,TV,4.25,2024-09-25,2024-11-15,False
1506,Secadora,98.85,11.0,2024-07-28,Electrodomésticos,1087.35,3,RRSS,5.1,2024-07-24,2024-08-30,True
1506,Secadora,98.85,11.0,2024-07-28,Electrodomésticos,1087.35,63,TV,5.69,2024-11-03,2024-11-28,False
1506,Secadora,98.85,11.0,2024-07-28,Electrodomésticos,1087.35,33,Email,3.8,2024-12-20,2025-01-07,False
1561,Freidora eléctrica,88.22,12.0,2024-07-28,Electrodomésticos,1058.6399999999999,71,TV,4.37,2024-06-05,2024-07-24,False
1561,Freidora eléctrica,88.22,12.0,2024-07-28,Electrodomésticos,1058.6399999999999,41,Email,3.92,2024-11-23,2025-01-01,False
1561,Freidora eléctrica,88.22,12.0,2024-07-28,Electrodomésticos,1058.6399999999999,11,RRSS,5.27,2024-12-29,2025-01-21,False
1811,Freidora eléctrica,50.06,3.0,2024-07-28,Electrodomésticos,150.18,71,TV,4.37,2024-06-05,2024-07-24,False
1811,Freidora eléctrica,50.06,3.0,2024-07-28,Electrodomésticos,150.18,41,Email,3.92,2024-11-23,2025-01-01,False
1811,Freidora eléctrica,50.06,3.0,2024-07-28,Electrodomésticos,150.18,11,RRSS,5.27,2024-12-29,2025-01-21,False
2159,Proyector,38.48,6.0,2024-07-28,Electrónica,230.88,67,TV,3.68,2024-05-22,2024-07-12,False
2159,Proyector,38.48,6.0,2024-07-28,Electrónica,230.88,37,Email,3.22,2024-07-06,2024-07-26,False
2159,Proyector,38.48,6.0,2024-07-28,Electrónica,230.88,7,RRSS,5.57,2024-07-30,2024-08-16,False
2491,Parlantes Bluetooth,123.5,9.0,2024-07-28,Electrónica,1111.5,84,TV,4.42,2024-04-17,2024-05-05,False
2491,Parlantes Bluetooth,123.5,9.0,2024-07-28,Electrónica,1111.5,54,Email,2.95,2024-08-09,2024-09-22,False
2491,Parlantes Bluetooth,123.5,9.0,2024-07-28,Electrónica,1111.5,24,RRSS,6.0,2024-09-22,2024-10-26,False
2786,Laptop,123.95,11.0,2024-07-28,Electrónica,1363.45,60,Email,4.89,2024-09-28,2024-10-27,False
2786,Laptop,123.95,11.0,2024-07-28,Electrónica,1363.45,30,RRSS,4.68,2024-10-23,2024-11-24,False
2786,Laptop,123.95,11.0,2024-07-28,Electrónica,1363.45,90,TV,5.62,2024-11-16,2025-01-13,False
571,Lámpara de mesa,82.77,9.0,2024-07-29,Decoración,744.93,32,Email,5.54,2024-03-28,2024-04-20,False
571,Lámpara de mesa,82.77,9.0,2024-07-29,Decoración,744.93,2,RRSS,5.88,2024-05-30,2024-06-29,False
571,Lámpara de mesa,82.77,9.0,2024-07-29,Decoración,744.93,62,TV,4.51,2024-08-26,2024-10-07,False
845,Alfombra,46.7,3.0,2024-07-29,Decoración,140.10000000000002,58,Email,4.25,2024-03-31,2024-05-05,False
845,Alfombra,46.7,3.0,2024-07-29,Decoración,140.10000000000002,88,TV,7.39,2024-07-25,2024-08-31,True
845,Alfombra,46.7,3.0,2024-07-29,Decoración,140.10000000000002,28,RRSS,5.82,2024-11-27,2025-01-08,False
1375,Lavadora,78.13,5.0,2024-07-29,Electrodomésticos,390.65,46,Email,3.63,2024-05-12,2024-05-29,False
1375,Lavadora,78.13,5.0,2024-07-29,Electrodomésticos,390.65,76,TV,4.66,2024-05-26,2024-07-02,False
1375,Lavadora,78.13,5.0,2024-07-29,Electrodomésticos,390.65,16,RRSS,3.56,2024-08-14,2024-09-20,False
1413,Microondas,39.87,11.0,2024-07-29,Electrodomésticos,438.57,56,Email,4.94,2024-08-06,2024-08-25,False
1413,Microondas,39.87,11.0,2024-07-29,Electrodomésticos,438.57,26,RRSS,5.0,2024-09-25,2024-10-14,False
1413,Microondas,39.87,11.0,2024-07-29,Electrodomésticos,438.57,86,TV,4.25,2024-09-25,2024-11-15,False
1505,Lavadora,78.11,12.0,2024-07-29,Electrodomésticos,937.3199999999999,46,Email,3.63,2024-05-12,2024-05-29,False
1505,Lavadora,78.11,12.0,2024-07-29,Electrodomésticos,937.3199999999999,76,TV,4.66,2024-05-26,2024-07-02,False
1505,Lavadora,78.11,12.0,2024-07-29,Electrodomésticos,937.3199999999999,16,RRSS,3.56,2024-08-14,2024-09-20,False
1915,Lavadora,106.83,12.0,2024-07-29,Electrodomésticos,1281.96,46,Email,3.63,2024-05-12,2024-05-29,False
1915,Lavadora,106.83,12.0,2024-07-29,Electrodomésticos,1281.96,76,TV,4.66,2024-05-26,2024-07-02,False
1915,Lavadora,106.83,12.0,2024-07-29,Electrodomésticos,1281.96,16,RRSS,3.56,2024-08-14,2024-09-20,False
791,Lámpara de mesa,32.02,6.0,2024-07-30,Decoración,192.12,32,Email,5.54,2024-03-28,2024-04-20,False
791,Lámpara de mesa,32.02,6.0,2024-07-30,Decoración,192.12,2,RRSS,5.88,2024-05-30,2024-06-29,False
791,Lámpara de mesa,32.02,6.0,2024-07-30,Decoración,192.12,62,TV,4.51,2024-08-26,2024-10-07,False
826,Cortinas,61.22,1.0,2024-07-30,Decoración,61.22,43,Email,5.67,2024-05-02,2024-06-17,False
826,Cortinas,61.22,1.0,2024-07-30,Decoración,61.22,73,TV,6.47,2024-08-17,2024-09-26,False
826,Cortinas,61.22,1.0,2024-07-30,Decoración,61.22,13,RRSS,5.22,2024-09-16,2024-10-15,False
1317,Horno eléctrico,62.18,1.0,2024-07-30,Electrodomésticos,62.18,35,Email,5.65,2024-07-31,2024-09-29,False
1317,Horno eléctrico,62.18,1.0,2024-07-30,Electrodomésticos,62.18,5,RRSS,5.16,2024-08-22,2024-10-17,False
1317,Horno eléctrico,62.18,1.0,2024-07-30,Electrodomésticos,62.18,65,TV,3.08,2024-10-23,2024-12-11,False
1723,Microondas,103.6,9.0,2024-07-30,Electrodomésticos,932.4,56,Email,4.94,2024-08-06,2024-08-25,False
1723,Microondas,103.6,9.0,2024-07-30,Electrodomésticos,932.4,26,RRSS,5.0,2024-09-25,2024-10-14,False
1723,Microondas,103.6,9.0,2024-07-30,Electrodomésticos,932.4,86,TV,4.25,2024-09-25,2024-11-15,False
2054,Tablet,96.64,9.0,2024-07-30,Electrónica,869.76,12,RRSS,3.4,2024-03-26,2024-05-13,False
2054,Tablet,96.64,9.0,2024-07-30,Electrónica,869.76,72,TV,4.9,2024-07-08,2024-09-03,True
2054,Tablet,96.64,9.0,2024-07-30,Electrónica,869.76,42,Email,4.42,2024-07-14,2024-09-03,True
2318,SmartWatch,122.04,9.0,2024-07-30,Electrónica,1098.3600000000001,85,TV,5.07,2024-04-01,2024-05-05,False
2318,SmartWatch,122.04,9.0,2024-07-30,Electrónica,1098.3600000000001,55,Email,4.59,2024-10-13,2024-12-06,False
2318,SmartWatch,122.04,9.0,2024-07-30,Electrónica,1098.3600000000001,25,RRSS,4.84,2024-11-23,2024-12-29,False
2372,Televisor,36.05,7.0,2024-07-30,Electrónica,252.34999999999997,29,RRSS,3.96,2024-05-17,2024-06-28,False
2372,Televisor,36.05,7.0,2024-07-30,Electrónica,252.34999999999997,59,Email,4.19,2024-11-20,2025-01-19,False
2372,Televisor,36.05,7.0,2024-07-30,Electrónica,252.34999999999997,89,TV,4.98,2024-12-13,2025-02-08,False
2475,Auriculares,78.96,1.0,2024-07-30,Electrónica,78.96,47,Email,4.19,2024-06-02,2024-07-22,False
2475,Auriculares,78.96,1.0,2024-07-30,Electrónica,78.96,17,RRSS,6.06,2024-07-15,2024-08-15,True
2475,Auriculares,78.96,1.0,2024-07-30,Electrónica,78.96,77,TV,4.99,2024-11-11,2024-12-06,False
2628,SmartWatch,97.44,7.0,2024-07-30,Electrónica,682.0799999999999,85,TV,5.07,2024-04-01,2024-05-05,False
2628,SmartWatch,97.44,7.0,2024-07-30,Electrónica,682.0799999999999,55,Email,4.59,2024-10-13,2024-12-06,False
2628,SmartWatch,97.44,7.0,2024-07-30,Electrónica,682.0799999999999,25,RRSS,4.84,2024-11-23,2024-12-29,False
2722,Televisor,61.6,11.0,2024-07-30,Electrónica,677.6,29,RRSS,3.96,2024-05-17,2024-06-28,False
2722,Televisor,61.6,11.0,2024-07-30,Electrónica,677.6,59,Email,4.19,2024-11-20,2025-01-19,False
2722,Televisor,61.6,11.0,2024-07-30,Electrónica,677.6,89,TV,4.98,2024-12-13,2025-02-08,False
2762,Televisor,107.05,11.0,2024-07-30,Electrónica,1177.55,29,RRSS,3.96,2024-05-17,2024-06-28,False
2762,Televisor,107.05,11.0,2024-07-30,Electrónica,1177.55,59,Email,4.19,2024-11-20,2025-01-19,False
2762,Televisor,107.05,11.0,2024-07-30,Electrónica,1177.55,89,TV,4.98,2024-12-13,2025-02-08,False
1068,Cafetera,26.3,1.0,2024-07-31,Electrodomésticos,26.3,49,Email,5.2,2024-06-20,2024-07-22,False
1068,Cafetera,26.3,1.0,2024-07-31,Electrodomésticos,26.3,79,TV,7.26,2024-08-13,2024-10-11,False
1068,Cafetera,26.3,1.0,2024-07-31,Electrodomésticos,26.3,19,RRSS,5.7,2024-08-19,2024-09-15,False
1458,Cafetera,86.92,3.0,2024-07-31,Electrodomésticos,260.76,49,Email,5.2,2024-06-20,2024-07-22,False
1458,Cafetera,86.92,3.0,2024-07-31,Electrodomésticos,260.76,79,TV,7.26,2024-08-13,2024-10-11,False
1458,Cafetera,86.92,3.0,2024-07-31,Electrodomésticos,260.76,19,RRSS,5.7,2024-08-19,2024-09-15,False
1475,Lavadora,103.8,10.0,2024-07-31,Electrodomésticos,1038.0,46,Email,3.63,2024-05-12,2024-05-29,False
1475,Lavadora,103.8,10.0,2024-07-31,Electrodomésticos,1038.0,76,TV,4.66,2024-05-26,2024-07-02,False
1475,Lavadora,103.8,10.0,2024-07-31,Electrodomésticos,1038.0,16,RRSS,3.56,2024-08-14,2024-09-20,False
1944,Aspiradora,55.59,1.0,2024-07-31,Electrodomésticos,55.59,40,Email,6.24,2024-06-24,2024-08-12,True
1944,Aspiradora,55.59,1.0,2024-07-31,Electrodomésticos,55.59,10,RRSS,7.16,2024-08-19,2024-09-19,False
1944,Aspiradora,55.59,1.0,2024-07-31,Electrodomésticos,55.59,70,TV,3.06,2024-12-13,2024-12-29,False
2130,Consola de videojuegos,41.12,6.0,2024-07-31,Electrónica,246.71999999999997,50,Email,4.97,2024-05-03,2024-05-28,False
2130,Consola de videojuegos,41.12,6.0,2024-07-31,Electrónica,246.71999999999997,20,RRSS,3.16,2024-07-15,2024-08-03,True
2130,Consola de videojuegos,41.12,6.0,2024-07-31,Electrónica,246.71999999999997,80,TV,4.64,2024-11-01,2024-11-20,False
2225,Auriculares,66.16,7.0,2024-07-31,Electrónica,463.12,47,Email,4.19,2024-06-02,2024-07-22,False
2225,Auriculares,66.16,7.0,2024-07-31,Electrónica,463.12,17,RRSS,6.06,2024-07-15,2024-08-15,True
2225,Auriculares,66.16,7.0,2024-07-31,Electrónica,463.12,77,TV,4.99,2024-11-11,2024-12-06,False
2408,SmartWatch,101.54,5.0,2024-07-31,Electrónica,507.70000000000005,85,TV,5.07,2024-04-01,2024-05-05,False
2408,SmartWatch,101.54,5.0,2024-07-31,Electrónica,507.70000000000005,55,Email,4.59,2024-10-13,2024-12-06,False
2408,SmartWatch,101.54,5.0,2024-07-31,Electrónica,507.70000000000005,25,RRSS,4.84,2024-11-23,2024-12-29,False
2488,SmartWatch,71.56,5.0,2024-07-31,Electrónica,357.8,85,TV,5.07,2024-04-01,2024-05-05,False
2488,SmartWatch,71.56,5.0,2024-07-31,Electrónica,357.8,55,Email,4.59,2024-10-13,2024-12-06,False
2488,SmartWatch,71.56,5.0,2024-07-31,Electrónica,357.8,25,RRSS,4.84,2024-11-23,2024-12-29,False
139,Candelabro,114.3,2.0,2024-08-01,Decoración,228.6,69,TV,3.25,2024-05-29,2024-06-30,False
139,Candelabro,114.3,2.0,2024-08-01,Decoración,228.6,39,Email,6.08,2024-07-17,2024-08-18,True
139,Candelabro,114.3,2.0,2024-08-01,Decoración,228.6,9,RRSS,5.32,2024-10-08,2024-11-16,False
423,Espejo decorativo,115.45,4.0,2024-08-01,Decoración,461.8,83,TV,5.24,2024-05-31,2024-07-08,False
423,Espejo decorativo,115.45,4.0,2024-08-01,Decoración,461.8,53,Email,4.9,2024-07-17,2024-08-01,True
423,Espejo decorativo,115.45,4.0,2024-08-01,Decoración,461.8,23,RRSS,4.75,2024-08-28,2024-10-17,False
533,Espejo decorativo,94.06,6.0,2024-08-01,Decoración,564.36,83,TV,5.24,2024-05-31,2024-07-08,False
533,Espejo decorativo,94.06,6.0,2024-08-01,Decoración,564.36,53,Email,4.9,2024-07-17,2024-08-01,True
533,Espejo decorativo,94.06,6.0,2024-08-01,Decoración,564.36,23,RRSS,4.75,2024-08-28,2024-10-17,False
860,Adorno de pared,49.28,9.0,2024-08-01,Decoración,443.52,74,TV,4.81,2024-03-20,2024-05-03,False
860,Adorno de pared,49.28,9.0,2024-08-01,Decoración,443.52,44,Email,5.08,2024-04-13,2024-05-10,False
860,Adorno de pared,49.28,9.0,2024-08-01,Decoración,443.52,14,RRSS,4.16,2024-10-22,2024-12-21,False
1155,Lavadora,109.09,3.0,2024-08-01,Electrodomésticos,327.27,46,Email,3.63,2024-05-12,2024-05-29,False
1155,Lavadora,109.09,3.0,2024-08-01,Electrodomésticos,327.27,76,TV,4.66,2024-05-26,2024-07-02,False
1155,Lavadora,109.09,3.0,2024-08-01,Electrodomésticos,327.27,16,RRSS,3.56,2024-08-14,2024-09-20,False
1331,Freidora eléctrica,116.97,2.0,2024-08-01,Electrodomésticos,233.94,71,TV,4.37,2024-06-05,2024-07-24,False
1331,Freidora eléctrica,116.97,2.0,2024-08-01,Electrodomésticos,233.94,41,Email,3.92,2024-11-23,2025-01-01,False
1331,Freidora eléctrica,116.97,2.0,2024-08-01,Electrodomésticos,233.94,11,RRSS,5.27,2024-12-29,2025-01-21,False
1854,Aspiradora,103.99,8.0,2024-08-01,Electrodomésticos,831.92,40,Email,6.24,2024-06-24,2024-08-12,True
1854,Aspiradora,103.99,8.0,2024-08-01,Electrodomésticos,831.92,10,RRSS,7.16,2024-08-19,2024-09-19,False
1854,Aspiradora,103.99,8.0,2024-08-01,Electrodomésticos,831.92,70,TV,3.06,2024-12-13,2024-12-29,False
2050,Consola de videojuegos,88.73,12.0,2024-08-01,Electrónica,1064.76,50,Email,4.97,2024-05-03,2024-05-28,False
2050,Consola de videojuegos,88.73,12.0,2024-08-01,Electrónica,1064.76,20,RRSS,3.16,2024-07-15,2024-08-03,True
2050,Consola de videojuegos,88.73,12.0,2024-08-01,Electrónica,1064.76,80,TV,4.64,2024-11-01,2024-11-20,False
2439,Proyector,59.08,3.0,2024-08-01,Electrónica,177.24,67,TV,3.68,2024-05-22,2024-07-12,False
2439,Proyector,59.08,3.0,2024-08-01,Electrónica,177.24,37,Email,3.22,2024-07-06,2024-07-26,False
2439,Proyector,59.08,3.0,2024-08-01,Electrónica,177.24,7,RRSS,5.57,2024-07-30,2024-08-16,True
2452,Televisor,83.17,8.0,2024-08-01,Electrónica,665.36,29,RRSS,3.96,2024-05-17,2024-06-28,False
2452,Televisor,83.17,8.0,2024-08-01,Electrónica,665.36,59,Email,4.19,2024-11-20,2025-01-19,False
2452,Televisor,83.17,8.0,2024-08-01,Electrónica,665.36,89,TV,4.98,2024-12-13,2025-02-08,False
2592,Televisor,106.91,2.0,2024-08-01,Electrónica,213.82,29,RRSS,3.96,2024-05-17,2024-06-28,False
2592,Televisor,106.91,2.0,2024-08-01,Electrónica,213.82,59,Email,4.19,2024-11-20,2025-01-19,False
2592,Televisor,106.91,2.0,2024-08-01,Electrónica,213.82,89,TV,4.98,2024-12-13,2025-02-08,False
2641,Parlantes Bluetooth,47.01,11.0,2024-08-01,Electrónica,517.11,84,TV,4.42,2024-04-17,2024-05-05,False
2641,Parlantes Bluetooth,47.01,11.0,2024-08-01,Electrónica,517.11,54,Email,2.95,2024-08-09,2024-09-22,False
2641,Parlantes Bluetooth,47.01,11.0,2024-08-01,Electrónica,517.11,24,RRSS,6.0,2024-09-22,2024-10-26,False
535,Alfombra,115.82,1.0,2024-08-02,Decoración,115.82,58,Email,4.25,2024-03-31,2024-05-05,False
535,Alfombra,115.82,1.0,2024-08-02,Decoración,115.82,88,TV,7.39,2024-07-25,2024-08-31,True
535,Alfombra,115.82,1.0,2024-08-02,Decoración,115.82,28,RRSS,5.82,2024-11-27,2025-01-08,False
692,Cuadro decorativo,76.69,2.0,2024-08-02,Decoración,153.38,1,RRSS,5.27,2024-04-27,2024-06-04,False
692,Cuadro decorativo,76.69,2.0,2024-08-02,Decoración,153.38,31,Email,5.28,2024-08-15,2024-09-12,False
692,Cuadro decorativo,76.69,2.0,2024-08-02,Decoración,153.38,61,TV,5.3,2024-11-05,2024-12-23,False
1002,Microondas,62.61,8.0,2024-08-02,Electrodomésticos,500.88,56,Email,4.94,2024-08-06,2024-08-25,False
1002,Microondas,62.61,8.0,2024-08-02,Electrodomésticos,500.88,26,RRSS,5.0,2024-09-25,2024-10-14,False
1002,Microondas,62.61,8.0,2024-08-02,Electrodomésticos,500.88,86,TV,4.25,2024-09-25,2024-11-15,False
1208,Cafetera,54.34,4.0,2024-08-02,Electrodomésticos,217.36,49,Email,5.2,2024-06-20,2024-07-22,False
1208,Cafetera,54.34,4.0,2024-08-02,Electrodomésticos,217.36,79,TV,7.26,2024-08-13,2024-10-11,False
1208,Cafetera,54.34,4.0,2024-08-02,Electrodomésticos,217.36,19,RRSS,5.7,2024-08-19,2024-09-15,False
1278,Cafetera,67.33,8.0,2024-08-02,Electrodomésticos,538.64,49,Email,5.2,2024-06-20,2024-07-22,False
1278,Cafetera,67.33,8.0,2024-08-02,Electrodomésticos,538.64,79,TV,7.26,2024-08-13,2024-10-11,False
1278,Cafetera,67.33,8.0,2024-08-02,Electrodomésticos,538.64,19,RRSS,5.7,2024-08-19,2024-09-15,False
1483,Microondas,69.18,7.0,2024-08-02,Electrodomésticos,484.26000000000005,56,Email,4.94,2024-08-06,2024-08-25,False
1483,Microondas,69.18,7.0,2024-08-02,Electrodomésticos,484.26000000000005,26,RRSS,5.0,2024-09-25,2024-10-14,False
1483,Microondas,69.18,7.0,2024-08-02,Electrodomésticos,484.26000000000005,86,TV,4.25,2024-09-25,2024-11-15,False
1902,Microondas,75.91,3.0,2024-08-02,Electrodomésticos,227.73,56,Email,4.94,2024-08-06,2024-08-25,False
1902,Microondas,75.91,3.0,2024-08-02,Electrodomésticos,227.73,26,RRSS,5.0,2024-09-25,2024-10-14,False
1902,Microondas,75.91,3.0,2024-08-02,Electrodomésticos,227.73,86,TV,4.25,2024-09-25,2024-11-15,False
2216,Laptop,116.31,11.0,2024-08-02,Electrónica,1279.41,60,Email,4.89,2024-09-28,2024-10-27,False
2216,Laptop,116.31,11.0,2024-08-02,Electrónica,1279.41,30,RRSS,4.68,2024-10-23,2024-11-24,False
2216,Laptop,116.31,11.0,2024-08-02,Electrónica,1279.41,90,TV,5.62,2024-11-16,2025-01-13,False
2880,Consola de videojuegos,79.76,12.0,2024-08-02,Electrónica,957.1200000000001,50,Email,4.97,2024-05-03,2024-05-28,False
2880,Consola de videojuegos,79.76,12.0,2024-08-02,Electrónica,957.1200000000001,20,RRSS,3.16,2024-07-15,2024-08-03,True
2880,Consola de videojuegos,79.76,12.0,2024-08-02,Electrónica,957.1200000000001,80,TV,4.64,2024-11-01,2024-11-20,False
2937,Cámara digital,96.88,6.0,2024-08-02,Electrónica,581.28,18,RRSS,5.46,2024-07-16,2024-09-13,True
2937,Cámara digital,96.88,6.0,2024-08-02,Electrónica,581.28,78,TV,4.1,2024-08-02,2024-09-20,True
2937,Cámara digital,96.88,6.0,2024-08-02,Electrónica,581.28,48,Email,6.84,2024-10-31,2024-12-09,False
174,Jarrón decorativo,52.5,3.0,2024-08-03,Decoración,157.5,15,RRSS,4.65,2024-05-09,2024-06-13,False
174,Jarrón decorativo,52.5,3.0,2024-08-03,Decoración,157.5,45,Email,4.52,2024-06-05,2024-07-31,False
174,Jarrón decorativo,52.5,3.0,2024-08-03,Decoración,157.5,75,TV,4.1,2024-11-03,2024-12-25,False
525,Alfombra,29.53,12.0,2024-08-03,Decoración,354.36,58,Email,4.25,2024-03-31,2024-05-05,False
525,Alfombra,29.53,12.0,2024-08-03,Decoración,354.36,88,TV,7.39,2024-07-25,2024-08-31,True
525,Alfombra,29.53,12.0,2024-08-03,Decoración,354.36,28,RRSS,5.82,2024-11-27,2025-01-08,False
528,Rincón de plantas,83.39,6.0,2024-08-03,Decoración,500.34000000000003,38,Email,5.76,2024-06-14,2024-07-15,False
528,Rincón de plantas,83.39,6.0,2024-08-03,Decoración,500.34000000000003,8,RRSS,4.88,2024-08-03,2024-08-18,True
528,Rincón de plantas,83.39,6.0,2024-08-03,Decoración,500.34000000000003,68,TV,5.81,2024-12-17,2025-02-14,False
1398,Cafetera,26.98,10.0,2024-08-03,Electrodomésticos,269.8,49,Email,5.2,2024-06-20,2024-07-22,False
1398,Cafetera,26.98,10.0,2024-08-03,Electrodomésticos,269.8,79,TV,7.26,2024-08-13,2024-10-11,False
1398,Cafetera,26.98,10.0,2024-08-03,Electrodomésticos,269.8,19,RRSS,5.7,2024-08-19,2024-09-15,False
1531,Freidora eléctrica,43.88,9.0,2024-08-03,Electrodomésticos,394.92,71,TV,4.37,2024-06-05,2024-07-24,False
1531,Freidora eléctrica,43.88,9.0,2024-08-03,Electrodomésticos,394.92,41,Email,3.92,2024-11-23,2025-01-01,False
1531,Freidora eléctrica,43.88,9.0,2024-08-03,Electrodomésticos,394.92,11,RRSS,5.27,2024-12-29,2025-01-21,False
1717,Horno eléctrico,88.26,8.0,2024-08-03,Electrodomésticos,706.08,35,Email,5.65,2024-07-31,2024-09-29,True
1717,Horno eléctrico,88.26,8.0,2024-08-03,Electrodomésticos,706.08,5,RRSS,5.16,2024-08-22,2024-10-17,False
1717,Horno eléctrico,88.26,8.0,2024-08-03,Electrodomésticos,706.08,65,TV,3.08,2024-10-23,2024-12-11,False
2093,Smartphone,70.7,7.0,2024-08-03,Electrónica,494.90000000000003,21,RRSS,6.37,2024-03-29,2024-05-16,False
2093,Smartphone,70.7,7.0,2024-08-03,Electrónica,494.90000000000003,51,Email,4.65,2024-05-28,2024-06-15,False
2093,Smartphone,70.7,7.0,2024-08-03,Electrónica,494.90000000000003,81,TV,4.78,2024-09-28,2024-10-24,False
2514,Tablet,79.99,10.0,2024-08-03,Electrónica,799.9,12,RRSS,3.4,2024-03-26,2024-05-13,False
2514,Tablet,79.99,10.0,2024-08-03,Electrónica,799.9,72,TV,4.9,2024-07-08,2024-09-03,True
2514,Tablet,79.99,10.0,2024-08-03,Electrónica,799.9,42,Email,4.42,2024-07-14,2024-09-03,True
2563,Smartphone,90.19,1.0,2024-08-03,Electrónica,90.19,21,RRSS,6.37,2024-03-29,2024-05-16,False
2563,Smartphone,90.19,1.0,2024-08-03,Electrónica,90.19,51,Email,4.65,2024-05-28,2024-06-15,False
2563,Smartphone,90.19,1.0,2024-08-03,Electrónica,90.19,81,TV,4.78,2024-09-28,2024-10-24,False
2737,Cámara digital,60.78,8.0,2024-08-03,Electrónica,486.24,18,RRSS,5.46,2024-07-16,2024-09-13,True
2737,Cámara digital,60.78,8.0,2024-08-03,Electrónica,486.24,78,TV,4.1,2024-08-02,2024-09-20,True
2737,Cámara digital,60.78,8.0,2024-08-03,Electrónica,486.24,48,Email,6.84,2024-10-31,2024-12-09,False
264,Jarrón decorativo,53.14,5.0,2024-08-04,Decoración,265.7,15,RRSS,4.65,2024-05-09,2024-06-13,False
264,Jarrón decorativo,53.14,5.0,2024-08-04,Decoración,265.7,45,Email,4.52,2024-06-05,2024-07-31,False
264,Jarrón decorativo,53.14,5.0,2024-08-04,Decoración,265.7,75,TV,4.1,2024-11-03,2024-12-25,False
372,Cuadro decorativo,124.83,6.0,2024-08-04,Decoración,748.98,1,RRSS,5.27,2024-04-27,2024-06-04,False
372,Cuadro decorativo,124.83,6.0,2024-08-04,Decoración,748.98,31,Email,5.28,2024-08-15,2024-09-12,False
372,Cuadro decorativo,124.83,6.0,2024-08-04,Decoración,748.98,61,TV,5.3,2024-11-05,2024-12-23,False
748,Rincón de plantas,115.76,3.0,2024-08-04,Decoración,347.28000000000003,38,Email,5.76,2024-06-14,2024-07-15,False
748,Rincón de plantas,115.76,3.0,2024-08-04,Decoración,347.28000000000003,8,RRSS,4.88,2024-08-03,2024-08-18,True
748,Rincón de plantas,115.76,3.0,2024-08-04,Decoración,347.28000000000003,68,TV,5.81,2024-12-17,2025-02-14,False
1013,Microondas,67.16,1.0,2024-08-04,Electrodomésticos,67.16,56,Email,4.94,2024-08-06,2024-08-25,False
1013,Microondas,67.16,1.0,2024-08-04,Electrodomésticos,67.16,26,RRSS,5.0,2024-09-25,2024-10-14,False
1013,Microondas,67.16,1.0,2024-08-04,Electrodomésticos,67.16,86,TV,4.25,2024-09-25,2024-11-15,False
1019,Batidora,73.65,10.0,2024-08-04,Electrodomésticos,736.5,57,Email,4.48,2024-04-10,2024-06-08,False
1019,Batidora,73.65,10.0,2024-08-04,Electrodomésticos,736.5,87,TV,6.28,2024-08-27,2024-10-11,False
1019,Batidora,73.65,10.0,2024-08-04,Electrodomésticos,736.5,27,RRSS,4.52,2024-11-01,2024-12-08,False
1438,Cafetera,111.47,8.0,2024-08-04,Electrodomésticos,891.76,49,Email,5.2,2024-06-20,2024-07-22,False
1438,Cafetera,111.47,8.0,2024-08-04,Electrodomésticos,891.76,79,TV,7.26,2024-08-13,2024-10-11,False
1438,Cafetera,111.47,8.0,2024-08-04,Electrodomésticos,891.76,19,RRSS,5.7,2024-08-19,2024-09-15,False
1661,Freidora eléctrica,88.82,2.0,2024-08-04,Electrodomésticos,177.64,71,TV,4.37,2024-06-05,2024-07-24,False
1661,Freidora eléctrica,88.82,2.0,2024-08-04,Electrodomésticos,177.64,41,Email,3.92,2024-11-23,2025-01-01,False
1661,Freidora eléctrica,88.82,2.0,2024-08-04,Electrodomésticos,177.64,11,RRSS,5.27,2024-12-29,2025-01-21,False
1775,Lavadora,114.48,6.0,2024-08-04,Electrodomésticos,686.88,46,Email,3.63,2024-05-12,2024-05-29,False
1775,Lavadora,114.48,6.0,2024-08-04,Electrodomésticos,686.88,76,TV,4.66,2024-05-26,2024-07-02,False
1775,Lavadora,114.48,6.0,2024-08-04,Electrodomésticos,686.88,16,RRSS,3.56,2024-08-14,2024-09-20,False
2114,Tablet,64.99,3.0,2024-08-04,Electrónica,194.96999999999997,12,RRSS,3.4,2024-03-26,2024-05-13,False
2114,Tablet,64.99,3.0,2024-08-04,Electrónica,194.96999999999997,72,TV,4.9,2024-07-08,2024-09-03,True
2114,Tablet,64.99,3.0,2024-08-04,Electrónica,194.96999999999997,42,Email,4.42,2024-07-14,2024-09-03,True
2336,Laptop,42.58,9.0,2024-08-04,Electrónica,383.21999999999997,60,Email,4.89,2024-09-28,2024-10-27,False
2336,Laptop,42.58,9.0,2024-08-04,Electrónica,383.21999999999997,30,RRSS,4.68,2024-10-23,2024-11-24,False
2336,Laptop,42.58,9.0,2024-08-04,Electrónica,383.21999999999997,90,TV,5.62,2024-11-16,2025-01-13,False
2578,SmartWatch,26.11,7.0,2024-08-04,Electrónica,182.76999999999998,85,TV,5.07,2024-04-01,2024-05-05,False
2578,SmartWatch,26.11,7.0,2024-08-04,Electrónica,182.76999999999998,55,Email,4.59,2024-10-13,2024-12-06,False
2578,SmartWatch,26.11,7.0,2024-08-04,Electrónica,182.76999999999998,25,RRSS,4.84,2024-11-23,2024-12-29,False
2620,Consola de videojuegos,51.74,7.0,2024-08-04,Electrónica,362.18,50,Email,4.97,2024-05-03,2024-05-28,False
2620,Consola de videojuegos,51.74,7.0,2024-08-04,Electrónica,362.18,20,RRSS,3.16,2024-07-15,2024-08-03,False
2620,Consola de videojuegos,51.74,7.0,2024-08-04,Electrónica,362.18,80,TV,4.64,2024-11-01,2024-11-20,False
2717,Cámara digital,70.28,6.0,2024-08-04,Electrónica,421.68,18,RRSS,5.46,2024-07-16,2024-09-13,True
2717,Cámara digital,70.28,6.0,2024-08-04,Electrónica,421.68,78,TV,4.1,2024-08-02,2024-09-20,True
2717,Cámara digital,70.28,6.0,2024-08-04,Electrónica,421.68,48,Email,6.84,2024-10-31,2024-12-09,False
2800,Consola de videojuegos,121.62,2.0,2024-08-04,Electrónica,243.24,50,Email,4.97,2024-05-03,2024-05-28,False
2800,Consola de videojuegos,121.62,2.0,2024-08-04,Electrónica,243.24,20,RRSS,3.16,2024-07-15,2024-08-03,False
2800,Consola de videojuegos,121.62,2.0,2024-08-04,Electrónica,243.24,80,TV,4.64,2024-11-01,2024-11-20,False
1174,Aspiradora,69.14,8.0,2024-08-05,Electrodomésticos,553.12,40,Email,6.24,2024-06-24,2024-08-12,True
1174,Aspiradora,69.14,8.0,2024-08-05,Electrodomésticos,553.12,10,RRSS,7.16,2024-08-19,2024-09-19,False
1174,Aspiradora,69.14,8.0,2024-08-05,Electrodomésticos,553.12,70,TV,3.06,2024-12-13,2024-12-29,False
1405,Lavadora,68.06,10.0,2024-08-05,Electrodomésticos,680.6,46,Email,3.63,2024-05-12,2024-05-29,False
1405,Lavadora,68.06,10.0,2024-08-05,Electrodomésticos,680.6,76,TV,4.66,2024-05-26,2024-07-02,False
1405,Lavadora,68.06,10.0,2024-08-05,Electrodomésticos,680.6,16,RRSS,3.56,2024-08-14,2024-09-20,False
2042,Televisor,44.97,4.0,2024-08-05,Electrónica,179.88,29,RRSS,3.96,2024-05-17,2024-06-28,False
2042,Televisor,44.97,4.0,2024-08-05,Electrónica,179.88,59,Email,4.19,2024-11-20,2025-01-19,False
2042,Televisor,44.97,4.0,2024-08-05,Electrónica,179.88,89,TV,4.98,2024-12-13,2025-02-08,False
2549,Proyector,69.11,11.0,2024-08-05,Electrónica,760.21,67,TV,3.68,2024-05-22,2024-07-12,False
2549,Proyector,69.11,11.0,2024-08-05,Electrónica,760.21,37,Email,3.22,2024-07-06,2024-07-26,False
2549,Proyector,69.11,11.0,2024-08-05,Electrónica,760.21,7,RRSS,5.57,2024-07-30,2024-08-16,True
2729,Proyector,56.29,11.0,2024-08-05,Electrónica,619.1899999999999,67,TV,3.68,2024-05-22,2024-07-12,False
2729,Proyector,56.29,11.0,2024-08-05,Electrónica,619.1899999999999,37,Email,3.22,2024-07-06,2024-07-26,False
2729,Proyector,56.29,11.0,2024-08-05,Electrónica,619.1899999999999,7,RRSS,5.57,2024-07-30,2024-08-16,True
2790,Consola de videojuegos,83.7,1.0,2024-08-05,Electrónica,83.7,50,Email,4.97,2024-05-03,2024-05-28,False
2790,Consola de videojuegos,83.7,1.0,2024-08-05,Electrónica,83.7,20,RRSS,3.16,2024-07-15,2024-08-03,False
2790,Consola de videojuegos,83.7,1.0,2024-08-05,Electrónica,83.7,80,TV,4.64,2024-11-01,2024-11-20,False
1312,Microondas,118.1,10.0,2024-08-06,Electrodomésticos,1181.0,56,Email,4.94,2024-08-06,2024-08-25,True
1312,Microondas,118.1,10.0,2024-08-06,Electrodomésticos,1181.0,26,RRSS,5.0,2024-09-25,2024-10-14,False
1312,Microondas,118.1,10.0,2024-08-06,Electrodomésticos,1181.0,86,TV,4.25,2024-09-25,2024-11-15,False
1419,Batidora,60.56,1.0,2024-08-06,Electrodomésticos,60.56,57,Email,4.48,2024-04-10,2024-06-08,False
1419,Batidora,60.56,1.0,2024-08-06,Electrodomésticos,60.56,87,TV,6.28,2024-08-27,2024-10-11,False
1419,Batidora,60.56,1.0,2024-08-06,Electrodomésticos,60.56,27,RRSS,4.52,2024-11-01,2024-12-08,False
1500,Plancha de vapor,29.66,12.0,2024-08-06,Electrodomésticos,355.92,36,Email,5.41,2024-04-02,2024-06-01,False
1500,Plancha de vapor,29.66,12.0,2024-08-06,Electrodomésticos,355.92,6,RRSS,4.02,2024-09-24,2024-11-02,False
1500,Plancha de vapor,29.66,12.0,2024-08-06,Electrodomésticos,355.92,66,TV,4.69,2024-10-04,2024-10-23,False
1683,Microondas,120.94,2.0,2024-08-06,Electrodomésticos,241.88,56,Email,4.94,2024-08-06,2024-08-25,True
1683,Microondas,120.94,2.0,2024-08-06,Electrodomésticos,241.88,26,RRSS,5.0,2024-09-25,2024-10-14,False
1683,Microondas,120.94,2.0,2024-08-06,Electrodomésticos,241.88,86,TV,4.25,2024-09-25,2024-11-15,False
1757,Horno eléctrico,34.07,8.0,2024-08-06,Electrodomésticos,272.56,35,Email,5.65,2024-07-31,2024-09-29,True
1757,Horno eléctrico,34.07,8.0,2024-08-06,Electrodomésticos,272.56,5,RRSS,5.16,2024-08-22,2024-10-17,False
1757,Horno eléctrico,34.07,8.0,2024-08-06,Electrodomésticos,272.56,65,TV,3.08,2024-10-23,2024-12-11,False
2299,Proyector,78.69,2.0,2024-08-06,Electrónica,157.38,67,TV,3.68,2024-05-22,2024-07-12,False
2299,Proyector,78.69,2.0,2024-08-06,Electrónica,157.38,37,Email,3.22,2024-07-06,2024-07-26,False
2299,Proyector,78.69,2.0,2024-08-06,Electrónica,157.38,7,RRSS,5.57,2024-07-30,2024-08-16,True
843,Espejo decorativo,32.8,12.0,2024-08-07,Decoración,393.59999999999997,83,TV,5.24,2024-05-31,2024-07-08,False
843,Espejo decorativo,32.8,12.0,2024-08-07,Decoración,393.59999999999997,53,Email,4.9,2024-07-17,2024-08-01,False
843,Espejo decorativo,32.8,12.0,2024-08-07,Decoración,393.59999999999997,23,RRSS,4.75,2024-08-28,2024-10-17,False
1017,Horno eléctrico,114.97,8.0,2024-08-07,Electrodomésticos,919.76,35,Email,5.65,2024-07-31,2024-09-29,True
1017,Horno eléctrico,114.97,8.0,2024-08-07,Electrodomésticos,919.76,5,RRSS,5.16,2024-08-22,2024-10-17,False
1017,Horno eléctrico,114.97,8.0,2024-08-07,Electrodomésticos,919.76,65,TV,3.08,2024-10-23,2024-12-11,False
1284,Aspiradora,31.94,7.0,2024-08-07,Electrodomésticos,223.58,40,Email,6.24,2024-06-24,2024-08-12,True
1284,Aspiradora,31.94,7.0,2024-08-07,Electrodomésticos,223.58,10,RRSS,7.16,2024-08-19,2024-09-19,False
1284,Aspiradora,31.94,7.0,2024-08-07,Electrodomésticos,223.58,70,TV,3.06,2024-12-13,2024-12-29,False
2249,Proyector,78.26,9.0,2024-08-07,Electrónica,704.34,67,TV,3.68,2024-05-22,2024-07-12,False
2249,Proyector,78.26,9.0,2024-08-07,Electrónica,704.34,37,Email,3.22,2024-07-06,2024-07-26,False
2249,Proyector,78.26,9.0,2024-08-07,Electrónica,704.34,7,RRSS,5.57,2024-07-30,2024-08-16,True
2922,Televisor,115.66,12.0,2024-08-07,Electrónica,1387.92,29,RRSS,3.96,2024-05-17,2024-06-28,False
2922,Televisor,115.66,12.0,2024-08-07,Electrónica,1387.92,59,Email,4.19,2024-11-20,2025-01-19,False
2922,Televisor,115.66,12.0,2024-08-07,Electrónica,1387.92,89,TV,4.98,2024-12-13,2025-02-08,False
1406,Secadora,113.35,8.0,2024-08-08,Electrodomésticos,906.8,3,RRSS,5.1,2024-07-24,2024-08-30,True
1406,Secadora,113.35,8.0,2024-08-08,Electrodomésticos,906.8,63,TV,5.69,2024-11-03,2024-11-28,False
1406,Secadora,113.35,8.0,2024-08-08,Electrodomésticos,906.8,33,Email,3.8,2024-12-20,2025-01-07,False
1580,Plancha de vapor,103.76,7.0,2024-08-08,Electrodomésticos,726.32,36,Email,5.41,2024-04-02,2024-06-01,False
1580,Plancha de vapor,103.76,7.0,2024-08-08,Electrodomésticos,726.32,6,RRSS,4.02,2024-09-24,2024-11-02,False
1580,Plancha de vapor,103.76,7.0,2024-08-08,Electrodomésticos,726.32,66,TV,4.69,2024-10-04,2024-10-23,False
1725,Lavadora,38.16,6.0,2024-08-08,Electrodomésticos,228.95999999999998,46,Email,3.63,2024-05-12,2024-05-29,False
1725,Lavadora,38.16,6.0,2024-08-08,Electrodomésticos,228.95999999999998,76,TV,4.66,2024-05-26,2024-07-02,False
1725,Lavadora,38.16,6.0,2024-08-08,Electrodomésticos,228.95999999999998,16,RRSS,3.56,2024-08-14,2024-09-20,False
1922,Microondas,58.19,6.0,2024-08-08,Electrodomésticos,349.14,56,Email,4.94,2024-08-06,2024-08-25,True
1922,Microondas,58.19,6.0,2024-08-08,Electrodomésticos,349.14,26,RRSS,5.0,2024-09-25,2024-10-14,False
1922,Microondas,58.19,6.0,2024-08-08,Electrodomésticos,349.14,86,TV,4.25,2024-09-25,2024-11-15,False
2815,Auriculares,117.07,12.0,2024-08-08,Electrónica,1404.84,47,Email,4.19,2024-06-02,2024-07-22,False
2815,Auriculares,117.07,12.0,2024-08-08,Electrónica,1404.84,17,RRSS,6.06,2024-07-15,2024-08-15,True
2815,Auriculares,117.07,12.0,2024-08-08,Electrónica,1404.84,77,TV,4.99,2024-11-11,2024-12-06,False
2839,Proyector,41.28,12.0,2024-08-08,Electrónica,495.36,67,TV,3.68,2024-05-22,2024-07-12,False
2839,Proyector,41.28,12.0,2024-08-08,Electrónica,495.36,37,Email,3.22,2024-07-06,2024-07-26,False
2839,Proyector,41.28,12.0,2024-08-08,Electrónica,495.36,7,RRSS,5.57,2024-07-30,2024-08-16,True
586,Cortinas,31.36,7.0,2024-08-09,Decoración,219.51999999999998,43,Email,5.67,2024-05-02,2024-06-17,False
586,Cortinas,31.36,7.0,2024-08-09,Decoración,219.51999999999998,73,TV,6.47,2024-08-17,2024-09-26,False
586,Cortinas,31.36,7.0,2024-08-09,Decoración,219.51999999999998,13,RRSS,5.22,2024-09-16,2024-10-15,False
739,Candelabro,36.73,11.0,2024-08-09,Decoración,404.03,69,TV,3.25,2024-05-29,2024-06-30,False
739,Candelabro,36.73,11.0,2024-08-09,Decoración,404.03,39,Email,6.08,2024-07-17,2024-08-18,True
739,Candelabro,36.73,11.0,2024-08-09,Decoración,404.03,9,RRSS,5.32,2024-10-08,2024-11-16,False
1202,Microondas,119.25,11.0,2024-08-09,Electrodomésticos,1311.75,56,Email,4.94,2024-08-06,2024-08-25,True
1202,Microondas,119.25,11.0,2024-08-09,Electrodomésticos,1311.75,26,RRSS,5.0,2024-09-25,2024-10-14,False
1202,Microondas,119.25,11.0,2024-08-09,Electrodomésticos,1311.75,86,TV,4.25,2024-09-25,2024-11-15,False
1654,Aspiradora,83.9,1.0,2024-08-09,Electrodomésticos,83.9,40,Email,6.24,2024-06-24,2024-08-12,True
1654,Aspiradora,83.9,1.0,2024-08-09,Electrodomésticos,83.9,10,RRSS,7.16,2024-08-19,2024-09-19,False
1654,Aspiradora,83.9,1.0,2024-08-09,Electrodomésticos,83.9,70,TV,3.06,2024-12-13,2024-12-29,False
1809,Batidora,42.42,4.0,2024-08-09,Electrodomésticos,169.68,57,Email,4.48,2024-04-10,2024-06-08,False
1809,Batidora,42.42,4.0,2024-08-09,Electrodomésticos,169.68,87,TV,6.28,2024-08-27,2024-10-11,False
1809,Batidora,42.42,4.0,2024-08-09,Electrodomésticos,169.68,27,RRSS,4.52,2024-11-01,2024-12-08,False
2798,SmartWatch,56.58,12.0,2024-08-09,Electrónica,678.96,85,TV,5.07,2024-04-01,2024-05-05,False
2798,SmartWatch,56.58,12.0,2024-08-09,Electrónica,678.96,55,Email,4.59,2024-10-13,2024-12-06,False
2798,SmartWatch,56.58,12.0,2024-08-09,Electrónica,678.96,25,RRSS,4.84,2024-11-23,2024-12-29,False
2989,Televisor,79.99,4.0,2024-08-09,Electrónica,319.96,29,RRSS,3.96,2024-05-17,2024-06-28,False
2989,Televisor,79.99,4.0,2024-08-09,Electrónica,319.96,59,Email,4.19,2024-11-20,2025-01-19,False
2989,Televisor,79.99,4.0,2024-08-09,Electrónica,319.96,89,TV,4.98,2024-12-13,2025-02-08,False
295,Alfombra,38.83,10.0,2024-08-10,Decoración,388.29999999999995,58,Email,4.25,2024-03-31,2024-05-05,False
295,Alfombra,38.83,10.0,2024-08-10,Decoración,388.29999999999995,88,TV,7.39,2024-07-25,2024-08-31,True
295,Alfombra,38.83,10.0,2024-08-10,Decoración,388.29999999999995,28,RRSS,5.82,2024-11-27,2025-01-08,False
1259,Batidora,71.83,12.0,2024-08-10,Electrodomésticos,861.96,57,Email,4.48,2024-04-10,2024-06-08,False
1259,Batidora,71.83,12.0,2024-08-10,Electrodomésticos,861.96,87,TV,6.28,2024-08-27,2024-10-11,False
1259,Batidora,71.83,12.0,2024-08-10,Electrodomésticos,861.96,27,RRSS,4.52,2024-11-01,2024-12-08,False
2076,Laptop,111.86,2.0,2024-08-10,Electrónica,223.72,60,Email,4.89,2024-09-28,2024-10-27,False
2076,Laptop,111.86,2.0,2024-08-10,Electrónica,223.72,30,RRSS,4.68,2024-10-23,2024-11-24,False
2076,Laptop,111.86,2.0,2024-08-10,Electrónica,223.72,90,TV,5.62,2024-11-16,2025-01-13,False
2078,SmartWatch,107.98,8.0,2024-08-10,Electrónica,863.84,85,TV,5.07,2024-04-01,2024-05-05,False
2078,SmartWatch,107.98,8.0,2024-08-10,Electrónica,863.84,55,Email,4.59,2024-10-13,2024-12-06,False
2078,SmartWatch,107.98,8.0,2024-08-10,Electrónica,863.84,25,RRSS,4.84,2024-11-23,2024-12-29,False
2186,Laptop,55.27,5.0,2024-08-10,Electrónica,276.35,60,Email,4.89,2024-09-28,2024-10-27,False
2186,Laptop,55.27,5.0,2024-08-10,Electrónica,276.35,30,RRSS,4.68,2024-10-23,2024-11-24,False
2186,Laptop,55.27,5.0,2024-08-10,Electrónica,276.35,90,TV,5.62,2024-11-16,2025-01-13,False
289,Candelabro,52.41,1.0,2024-08-11,Decoración,52.41,69,TV,3.25,2024-05-29,2024-06-30,False
289,Candelabro,52.41,1.0,2024-08-11,Decoración,52.41,39,Email,6.08,2024-07-17,2024-08-18,True
289,Candelabro,52.41,1.0,2024-08-11,Decoración,52.41,9,RRSS,5.32,2024-10-08,2024-11-16,False
1289,Batidora,76.71,7.0,2024-08-11,Electrodomésticos,536.9699999999999,57,Email,4.48,2024-04-10,2024-06-08,False
1289,Batidora,76.71,7.0,2024-08-11,Electrodomésticos,536.9699999999999,87,TV,6.28,2024-08-27,2024-10-11,False
1289,Batidora,76.71,7.0,2024-08-11,Electrodomésticos,536.9699999999999,27,RRSS,4.52,2024-11-01,2024-12-08,False
1695,Lavadora,50.81,2.0,2024-08-11,Electrodomésticos,101.62,46,Email,3.63,2024-05-12,2024-05-29,False
1695,Lavadora,50.81,2.0,2024-08-11,Electrodomésticos,101.62,76,TV,4.66,2024-05-26,2024-07-02,False
1695,Lavadora,50.81,2.0,2024-08-11,Electrodomésticos,101.62,16,RRSS,3.56,2024-08-14,2024-09-20,False
2153,Smartphone,31.39,4.0,2024-08-11,Electrónica,125.56,21,RRSS,6.37,2024-03-29,2024-05-16,False
2153,Smartphone,31.39,4.0,2024-08-11,Electrónica,125.56,51,Email,4.65,2024-05-28,2024-06-15,False
2153,Smartphone,31.39,4.0,2024-08-11,Electrónica,125.56,81,TV,4.78,2024-09-28,2024-10-24,False
2622,Televisor,109.28,8.0,2024-08-11,Electrónica,874.24,29,RRSS,3.96,2024-05-17,2024-06-28,False
2622,Televisor,109.28,8.0,2024-08-11,Electrónica,874.24,59,Email,4.19,2024-11-20,2025-01-19,False
2622,Televisor,109.28,8.0,2024-08-11,Electrónica,874.24,89,TV,4.98,2024-12-13,2025-02-08,False
2665,Auriculares,120.36,2.0,2024-08-11,Electrónica,240.72,47,Email,4.19,2024-06-02,2024-07-22,False
2665,Auriculares,120.36,2.0,2024-08-11,Electrónica,240.72,17,RRSS,6.06,2024-07-15,2024-08-15,True
2665,Auriculares,120.36,2.0,2024-08-11,Electrónica,240.72,77,TV,4.99,2024-11-11,2024-12-06,False
126,Cortinas,113.78,1.0,2024-08-12,Decoración,113.78,43,Email,5.67,2024-05-02,2024-06-17,False
126,Cortinas,113.78,1.0,2024-08-12,Decoración,113.78,73,TV,6.47,2024-08-17,2024-09-26,False
126,Cortinas,113.78,1.0,2024-08-12,Decoración,113.78,13,RRSS,5.22,2024-09-16,2024-10-15,False
148,Rincón de plantas,105.27,6.0,2024-08-12,Decoración,631.62,38,Email,5.76,2024-06-14,2024-07-15,False
148,Rincón de plantas,105.27,6.0,2024-08-12,Decoración,631.62,8,RRSS,4.88,2024-08-03,2024-08-18,True
148,Rincón de plantas,105.27,6.0,2024-08-12,Decoración,631.62,68,TV,5.81,2024-12-17,2025-02-14,False
246,Cortinas,57.72,7.0,2024-08-12,Decoración,404.03999999999996,43,Email,5.67,2024-05-02,2024-06-17,False
246,Cortinas,57.72,7.0,2024-08-12,Decoración,404.03999999999996,73,TV,6.47,2024-08-17,2024-09-26,False
246,Cortinas,57.72,7.0,2024-08-12,Decoración,404.03999999999996,13,RRSS,5.22,2024-09-16,2024-10-15,False
700,Adorno de pared,41.59,1.0,2024-08-12,Decoración,41.59,74,TV,4.81,2024-03-20,2024-05-03,False
700,Adorno de pared,41.59,1.0,2024-08-12,Decoración,41.59,44,Email,5.08,2024-04-13,2024-05-10,False
700,Adorno de pared,41.59,1.0,2024-08-12,Decoración,41.59,14,RRSS,4.16,2024-10-22,2024-12-21,False
938,Rincón de plantas,83.79,4.0,2024-08-12,Decoración,335.16,38,Email,5.76,2024-06-14,2024-07-15,False
938,Rincón de plantas,83.79,4.0,2024-08-12,Decoración,335.16,8,RRSS,4.88,2024-08-03,2024-08-18,True
938,Rincón de plantas,83.79,4.0,2024-08-12,Decoración,335.16,68,TV,5.81,2024-12-17,2025-02-14,False
1678,Cafetera,66.74,11.0,2024-08-12,Electrodomésticos,734.14,49,Email,5.2,2024-06-20,2024-07-22,False
1678,Cafetera,66.74,11.0,2024-08-12,Electrodomésticos,734.14,79,TV,7.26,2024-08-13,2024-10-11,False
1678,Cafetera,66.74,11.0,2024-08-12,Electrodomésticos,734.14,19,RRSS,5.7,2024-08-19,2024-09-15,False
1801,Freidora eléctrica,60.25,3.0,2024-08-12,Electrodomésticos,180.75,71,TV,4.37,2024-06-05,2024-07-24,False
1801,Freidora eléctrica,60.25,3.0,2024-08-12,Electrodomésticos,180.75,41,Email,3.92,2024-11-23,2025-01-01,False
1801,Freidora eléctrica,60.25,3.0,2024-08-12,Electrodomésticos,180.75,11,RRSS,5.27,2024-12-29,2025-01-21,False
2139,Proyector,119.08,3.0,2024-08-12,Electrónica,357.24,67,TV,3.68,2024-05-22,2024-07-12,False
2139,Proyector,119.08,3.0,2024-08-12,Electrónica,357.24,37,Email,3.22,2024-07-06,2024-07-26,False
2139,Proyector,119.08,3.0,2024-08-12,Electrónica,357.24,7,RRSS,5.57,2024-07-30,2024-08-16,True
2257,Cámara digital,55.52,2.0,2024-08-12,Electrónica,111.04,18,RRSS,5.46,2024-07-16,2024-09-13,True
2257,Cámara digital,55.52,2.0,2024-08-12,Electrónica,111.04,78,TV,4.1,2024-08-02,2024-09-20,True
2257,Cámara digital,55.52,2.0,2024-08-12,Electrónica,111.04,48,Email,6.84,2024-10-31,2024-12-09,False
101,Lámpara de mesa,40.25,12.0,2024-08-13,Decoración,483.0,32,Email,5.54,2024-03-28,2024-04-20,False
101,Lámpara de mesa,40.25,12.0,2024-08-13,Decoración,483.0,2,RRSS,5.88,2024-05-30,2024-06-29,False
101,Lámpara de mesa,40.25,12.0,2024-08-13,Decoración,483.0,62,TV,4.51,2024-08-26,2024-10-07,False
1299,Batidora,93.1,3.0,2024-08-13,Electrodomésticos,279.29999999999995,57,Email,4.48,2024-04-10,2024-06-08,False
1299,Batidora,93.1,3.0,2024-08-13,Electrodomésticos,279.29999999999995,87,TV,6.28,2024-08-27,2024-10-11,False
1299,Batidora,93.1,3.0,2024-08-13,Electrodomésticos,279.29999999999995,27,RRSS,4.52,2024-11-01,2024-12-08,False
1514,Aspiradora,82.69,3.0,2024-08-13,Electrodomésticos,248.07,40,Email,6.24,2024-06-24,2024-08-12,False
1514,Aspiradora,82.69,3.0,2024-08-13,Electrodomésticos,248.07,10,RRSS,7.16,2024-08-19,2024-09-19,False
1514,Aspiradora,82.69,3.0,2024-08-13,Electrodomésticos,248.07,70,TV,3.06,2024-12-13,2024-12-29,False
1589,Batidora,36.18,7.0,2024-08-13,Electrodomésticos,253.26,57,Email,4.48,2024-04-10,2024-06-08,False
1589,Batidora,36.18,7.0,2024-08-13,Electrodomésticos,253.26,87,TV,6.28,2024-08-27,2024-10-11,False
1589,Batidora,36.18,7.0,2024-08-13,Electrodomésticos,253.26,27,RRSS,4.52,2024-11-01,2024-12-08,False
2016,Laptop,44.12,10.0,2024-08-13,Electrónica,441.2,60,Email,4.89,2024-09-28,2024-10-27,False
2016,Laptop,44.12,10.0,2024-08-13,Electrónica,441.2,30,RRSS,4.68,2024-10-23,2024-11-24,False
2016,Laptop,44.12,10.0,2024-08-13,Electrónica,441.2,90,TV,5.62,2024-11-16,2025-01-13,False
2224,Tablet,68.29,3.0,2024-08-13,Electrónica,204.87,12,RRSS,3.4,2024-03-26,2024-05-13,False
2224,Tablet,68.29,3.0,2024-08-13,Electrónica,204.87,72,TV,4.9,2024-07-08,2024-09-03,True
2224,Tablet,68.29,3.0,2024-08-13,Electrónica,204.87,42,Email,4.42,2024-07-14,2024-09-03,True
2894,Tablet,28.58,7.0,2024-08-13,Electrónica,200.06,12,RRSS,3.4,2024-03-26,2024-05-13,False
2894,Tablet,28.58,7.0,2024-08-13,Electrónica,200.06,72,TV,4.9,2024-07-08,2024-09-03,True
2894,Tablet,28.58,7.0,2024-08-13,Electrónica,200.06,42,Email,4.42,2024-07-14,2024-09-03,True
207,Elementos de cerámica,84.02,3.0,2024-08-14,Decoración,252.06,22,RRSS,5.44,2024-06-26,2024-07-15,False
207,Elementos de cerámica,84.02,3.0,2024-08-14,Decoración,252.06,82,TV,5.69,2024-09-08,2024-10-12,False
207,Elementos de cerámica,84.02,3.0,2024-08-14,Decoración,252.06,52,Email,5.74,2024-09-09,2024-09-30,False
1054,Aspiradora,86.59,2.0,2024-08-14,Electrodomésticos,173.18,40,Email,6.24,2024-06-24,2024-08-12,False
1054,Aspiradora,86.59,2.0,2024-08-14,Electrodomésticos,173.18,10,RRSS,7.16,2024-08-19,2024-09-19,False
1054,Aspiradora,86.59,2.0,2024-08-14,Electrodomésticos,173.18,70,TV,3.06,2024-12-13,2024-12-29,False
1256,Secadora,29.77,7.0,2024-08-14,Electrodomésticos,208.39,3,RRSS,5.1,2024-07-24,2024-08-30,True
1256,Secadora,29.77,7.0,2024-08-14,Electrodomésticos,208.39,63,TV,5.69,2024-11-03,2024-11-28,False
1256,Secadora,29.77,7.0,2024-08-14,Electrodomésticos,208.39,33,Email,3.8,2024-12-20,2025-01-07,False
1625,Lavadora,121.45,3.0,2024-08-14,Electrodomésticos,364.35,46,Email,3.63,2024-05-12,2024-05-29,False
1625,Lavadora,121.45,3.0,2024-08-14,Electrodomésticos,364.35,76,TV,4.66,2024-05-26,2024-07-02,False
1625,Lavadora,121.45,3.0,2024-08-14,Electrodomésticos,364.35,16,RRSS,3.56,2024-08-14,2024-09-20,True
1957,Horno eléctrico,81.89,3.0,2024-08-14,Electrodomésticos,245.67000000000002,35,Email,5.65,2024-07-31,2024-09-29,True
1957,Horno eléctrico,81.89,3.0,2024-08-14,Electrodomésticos,245.67000000000002,5,RRSS,5.16,2024-08-22,2024-10-17,False
1957,Horno eléctrico,81.89,3.0,2024-08-14,Electrodomésticos,245.67000000000002,65,TV,3.08,2024-10-23,2024-12-11,False
2072,Televisor,101.44,11.0,2024-08-14,Electrónica,1115.84,29,RRSS,3.96,2024-05-17,2024-06-28,False
2072,Televisor,101.44,11.0,2024-08-14,Electrónica,1115.84,59,Email,4.19,2024-11-20,2025-01-19,False
2072,Televisor,101.44,11.0,2024-08-14,Electrónica,1115.84,89,TV,4.98,2024-12-13,2025-02-08,False
2260,Consola de videojuegos,88.37,4.0,2024-08-14,Electrónica,353.48,50,Email,4.97,2024-05-03,2024-05-28,False
2260,Consola de videojuegos,88.37,4.0,2024-08-14,Electrónica,353.48,20,RRSS,3.16,2024-07-15,2024-08-03,False
2260,Consola de videojuegos,88.37,4.0,2024-08-14,Electrónica,353.48,80,TV,4.64,2024-11-01,2024-11-20,False
2407,Cámara digital,38.69,1.0,2024-08-14,Electrónica,38.69,18,RRSS,5.46,2024-07-16,2024-09-13,True
2407,Cámara digital,38.69,1.0,2024-08-14,Electrónica,38.69,78,TV,4.1,2024-08-02,2024-09-20,True
2407,Cámara digital,38.69,1.0,2024-08-14,Electrónica,38.69,48,Email,6.84,2024-10-31,2024-12-09,False
2637,Cámara digital,64.62,10.0,2024-08-14,Electrónica,646.2,18,RRSS,5.46,2024-07-16,2024-09-13,True
2637,Cámara digital,64.62,10.0,2024-08-14,Electrónica,646.2,78,TV,4.1,2024-08-02,2024-09-20,True
2637,Cámara digital,64.62,10.0,2024-08-14,Electrónica,646.2,48,Email,6.84,2024-10-31,2024-12-09,False
168,Rincón de plantas,115.04,9.0,2024-08-15,Decoración,1035.3600000000001,38,Email,5.76,2024-06-14,2024-07-15,False
168,Rincón de plantas,115.04,9.0,2024-08-15,Decoración,1035.3600000000001,8,RRSS,4.88,2024-08-03,2024-08-18,True
168,Rincón de plantas,115.04,9.0,2024-08-15,Decoración,1035.3600000000001,68,TV,5.81,2024-12-17,2025-02-14,False
392,Cuadro decorativo,81.56,2.0,2024-08-15,Decoración,163.12,1,RRSS,5.27,2024-04-27,2024-06-04,False
392,Cuadro decorativo,81.56,2.0,2024-08-15,Decoración,163.12,31,Email,5.28,2024-08-15,2024-09-12,True
392,Cuadro decorativo,81.56,2.0,2024-08-15,Decoración,163.12,61,TV,5.3,2024-11-05,2024-12-23,False
651,Lámpara de mesa,76.58,11.0,2024-08-15,Decoración,842.38,32,Email,5.54,2024-03-28,2024-04-20,False
651,Lámpara de mesa,76.58,11.0,2024-08-15,Decoración,842.38,2,RRSS,5.88,2024-05-30,2024-06-29,False
651,Lámpara de mesa,76.58,11.0,2024-08-15,Decoración,842.38,62,TV,4.51,2024-08-26,2024-10-07,False
1421,Freidora eléctrica,78.39,6.0,2024-08-15,Electrodomésticos,470.34000000000003,71,TV,4.37,2024-06-05,2024-07-24,False
1421,Freidora eléctrica,78.39,6.0,2024-08-15,Electrodomésticos,470.34000000000003,41,Email,3.92,2024-11-23,2025-01-01,False
1421,Freidora eléctrica,78.39,6.0,2024-08-15,Electrodomésticos,470.34000000000003,11,RRSS,5.27,2024-12-29,2025-01-21,False
1591,Freidora eléctrica,87.9,12.0,2024-08-15,Electrodomésticos,1054.8000000000002,71,TV,4.37,2024-06-05,2024-07-24,False
1591,Freidora eléctrica,87.9,12.0,2024-08-15,Electrodomésticos,1054.8000000000002,41,Email,3.92,2024-11-23,2025-01-01,False
1591,Freidora eléctrica,87.9,12.0,2024-08-15,Electrodomésticos,1054.8000000000002,11,RRSS,5.27,2024-12-29,2025-01-21,False
1894,Aspiradora,55.65,5.0,2024-08-15,Electrodomésticos,278.25,40,Email,6.24,2024-06-24,2024-08-12,False
1894,Aspiradora,55.65,5.0,2024-08-15,Electrodomésticos,278.25,10,RRSS,7.16,2024-08-19,2024-09-19,False
1894,Aspiradora,55.65,5.0,2024-08-15,Electrodomésticos,278.25,70,TV,3.06,2024-12-13,2024-12-29,False
2307,Cámara digital,50.6,6.0,2024-08-15,Electrónica,303.6,18,RRSS,5.46,2024-07-16,2024-09-13,True
2307,Cámara digital,50.6,6.0,2024-08-15,Electrónica,303.6,78,TV,4.1,2024-08-02,2024-09-20,True
2307,Cámara digital,50.6,6.0,2024-08-15,Electrónica,303.6,48,Email,6.84,2024-10-31,2024-12-09,False
2967,Cámara digital,75.37,3.0,2024-08-15,Electrónica,226.11,18,RRSS,5.46,2024-07-16,2024-09-13,True
2967,Cámara digital,75.37,3.0,2024-08-15,Electrónica,226.11,78,TV,4.1,2024-08-02,2024-09-20,True
2967,Cámara digital,75.37,3.0,2024-08-15,Electrónica,226.11,48,Email,6.84,2024-10-31,2024-12-09,False
170,Adorno de pared,36.04,11.0,2024-08-16,Decoración,396.44,74,TV,4.81,2024-03-20,2024-05-03,False
170,Adorno de pared,36.04,11.0,2024-08-16,Decoración,396.44,44,Email,5.08,2024-04-13,2024-05-10,False
170,Adorno de pared,36.04,11.0,2024-08-16,Decoración,396.44,14,RRSS,4.16,2024-10-22,2024-12-21,False
469,Candelabro,105.2,10.0,2024-08-16,Decoración,1052.0,69,TV,3.25,2024-05-29,2024-06-30,False
469,Candelabro,105.2,10.0,2024-08-16,Decoración,1052.0,39,Email,6.08,2024-07-17,2024-08-18,True
469,Candelabro,105.2,10.0,2024-08-16,Decoración,1052.0,9,RRSS,5.32,2024-10-08,2024-11-16,False
1105,Lavadora,116.72,4.0,2024-08-16,Electrodomésticos,466.88,46,Email,3.63,2024-05-12,2024-05-29,False
1105,Lavadora,116.72,4.0,2024-08-16,Electrodomésticos,466.88,76,TV,4.66,2024-05-26,2024-07-02,False
1105,Lavadora,116.72,4.0,2024-08-16,Electrodomésticos,466.88,16,RRSS,3.56,2024-08-14,2024-09-20,True
2639,Proyector,27.45,4.0,2024-08-16,Electrónica,109.8,67,TV,3.68,2024-05-22,2024-07-12,False
2639,Proyector,27.45,4.0,2024-08-16,Electrónica,109.8,37,Email,3.22,2024-07-06,2024-07-26,False
2639,Proyector,27.45,4.0,2024-08-16,Electrónica,109.8,7,RRSS,5.57,2024-07-30,2024-08-16,True
245,Alfombra,44.82,11.0,2024-08-17,Decoración,493.02,58,Email,4.25,2024-03-31,2024-05-05,False
245,Alfombra,44.82,11.0,2024-08-17,Decoración,493.02,88,TV,7.39,2024-07-25,2024-08-31,True
245,Alfombra,44.82,11.0,2024-08-17,Decoración,493.02,28,RRSS,5.82,2024-11-27,2025-01-08,False
1950,Plancha de vapor,99.29,1.0,2024-08-17,Electrodomésticos,99.29,36,Email,5.41,2024-04-02,2024-06-01,False
1950,Plancha de vapor,99.29,1.0,2024-08-17,Electrodomésticos,99.29,6,RRSS,4.02,2024-09-24,2024-11-02,False
1950,Plancha de vapor,99.29,1.0,2024-08-17,Electrodomésticos,99.29,66,TV,4.69,2024-10-04,2024-10-23,False
2395,Auriculares,74.82,11.0,2024-08-17,Electrónica,823.02,47,Email,4.19,2024-06-02,2024-07-22,False
2395,Auriculares,74.82,11.0,2024-08-17,Electrónica,823.02,17,RRSS,6.06,2024-07-15,2024-08-15,False
2395,Auriculares,74.82,11.0,2024-08-17,Electrónica,823.02,77,TV,4.99,2024-11-11,2024-12-06,False
2564,Tablet,39.66,6.0,2024-08-17,Electrónica,237.95999999999998,12,RRSS,3.4,2024-03-26,2024-05-13,False
2564,Tablet,39.66,6.0,2024-08-17,Electrónica,237.95999999999998,72,TV,4.9,2024-07-08,2024-09-03,True
2564,Tablet,39.66,6.0,2024-08-17,Electrónica,237.95999999999998,42,Email,4.42,2024-07-14,2024-09-03,True
2791,Parlantes Bluetooth,90.88,10.0,2024-08-17,Electrónica,908.8,84,TV,4.42,2024-04-17,2024-05-05,False
2791,Parlantes Bluetooth,90.88,10.0,2024-08-17,Electrónica,908.8,54,Email,2.95,2024-08-09,2024-09-22,True
2791,Parlantes Bluetooth,90.88,10.0,2024-08-17,Electrónica,908.8,24,RRSS,6.0,2024-09-22,2024-10-26,False
2963,Smartphone,62.46,6.0,2024-08-17,Electrónica,374.76,21,RRSS,6.37,2024-03-29,2024-05-16,False
2963,Smartphone,62.46,6.0,2024-08-17,Electrónica,374.76,51,Email,4.65,2024-05-28,2024-06-15,False
2963,Smartphone,62.46,6.0,2024-08-17,Electrónica,374.76,81,TV,4.78,2024-09-28,2024-10-24,False
744,Jarrón decorativo,95.38,7.0,2024-08-18,Decoración,667.66,15,RRSS,4.65,2024-05-09,2024-06-13,False
744,Jarrón decorativo,95.38,7.0,2024-08-18,Decoración,667.66,45,Email,4.52,2024-06-05,2024-07-31,False
744,Jarrón decorativo,95.38,7.0,2024-08-18,Decoración,667.66,75,TV,4.1,2024-11-03,2024-12-25,False
1153,Microondas,111.78,5.0,2024-08-18,Electrodomésticos,558.9,56,Email,4.94,2024-08-06,2024-08-25,True
1153,Microondas,111.78,5.0,2024-08-18,Electrodomésticos,558.9,26,RRSS,5.0,2024-09-25,2024-10-14,False
1153,Microondas,111.78,5.0,2024-08-18,Electrodomésticos,558.9,86,TV,4.25,2024-09-25,2024-11-15,False
1339,Batidora,105.41,1.0,2024-08-18,Electrodomésticos,105.41,57,Email,4.48,2024-04-10,2024-06-08,False
1339,Batidora,105.41,1.0,2024-08-18,Electrodomésticos,105.41,87,TV,6.28,2024-08-27,2024-10-11,False
1339,Batidora,105.41,1.0,2024-08-18,Electrodomésticos,105.41,27,RRSS,4.52,2024-11-01,2024-12-08,False
2199,Proyector,67.25,3.0,2024-08-18,Electrónica,201.75,67,TV,3.68,2024-05-22,2024-07-12,False
2199,Proyector,67.25,3.0,2024-08-18,Electrónica,201.75,37,Email,3.22,2024-07-06,2024-07-26,False
2199,Proyector,67.25,3.0,2024-08-18,Electrónica,201.75,7,RRSS,5.57,2024-07-30,2024-08-16,False
2229,Proyector,66.77,6.0,2024-08-18,Electrónica,400.62,67,TV,3.68,2024-05-22,2024-07-12,False
2229,Proyector,66.77,6.0,2024-08-18,Electrónica,400.62,37,Email,3.22,2024-07-06,2024-07-26,False
2229,Proyector,66.77,6.0,2024-08-18,Electrónica,400.62,7,RRSS,5.57,2024-07-30,2024-08-16,False
2540,Consola de videojuegos,77.43,6.0,2024-08-18,Electrónica,464.58000000000004,50,Email,4.97,2024-05-03,2024-05-28,False
2540,Consola de videojuegos,77.43,6.0,2024-08-18,Electrónica,464.58000000000004,20,RRSS,3.16,2024-07-15,2024-08-03,False
2540,Consola de videojuegos,77.43,6.0,2024-08-18,Electrónica,464.58000000000004,80,TV,4.64,2024-11-01,2024-11-20,False
271,Lámpara de mesa,107.31,2.0,2024-08-19,Decoración,214.62,32,Email,5.54,2024-03-28,2024-04-20,False
271,Lámpara de mesa,107.31,2.0,2024-08-19,Decoración,214.62,2,RRSS,5.88,2024-05-30,2024-06-29,False
271,Lámpara de mesa,107.31,2.0,2024-08-19,Decoración,214.62,62,TV,4.51,2024-08-26,2024-10-07,False
429,Candelabro,104.11,5.0,2024-08-19,Decoración,520.55,69,TV,3.25,2024-05-29,2024-06-30,False
429,Candelabro,104.11,5.0,2024-08-19,Decoración,520.55,39,Email,6.08,2024-07-17,2024-08-18,False
429,Candelabro,104.11,5.0,2024-08-19,Decoración,520.55,9,RRSS,5.32,2024-10-08,2024-11-16,False
647,Elementos de cerámica,49.52,3.0,2024-08-19,Decoración,148.56,22,RRSS,5.44,2024-06-26,2024-07-15,False
647,Elementos de cerámica,49.52,3.0,2024-08-19,Decoración,148.56,82,TV,5.69,2024-09-08,2024-10-12,False
647,Elementos de cerámica,49.52,3.0,2024-08-19,Decoración,148.56,52,Email,5.74,2024-09-09,2024-09-30,False
689,Candelabro,116.57,3.0,2024-08-19,Decoración,349.71,69,TV,3.25,2024-05-29,2024-06-30,False
689,Candelabro,116.57,3.0,2024-08-19,Decoración,349.71,39,Email,6.08,2024-07-17,2024-08-18,False
689,Candelabro,116.57,3.0,2024-08-19,Decoración,349.71,9,RRSS,5.32,2024-10-08,2024-11-16,False
115,Alfombra,54.17,6.0,2024-08-20,Decoración,325.02,58,Email,4.25,2024-03-31,2024-05-05,False
115,Alfombra,54.17,6.0,2024-08-20,Decoración,325.02,88,TV,7.39,2024-07-25,2024-08-31,True
115,Alfombra,54.17,6.0,2024-08-20,Decoración,325.02,28,RRSS,5.82,2024-11-27,2025-01-08,False
133,Espejo decorativo,76.22,11.0,2024-08-20,Decoración,838.42,83,TV,5.24,2024-05-31,2024-07-08,False
133,Espejo decorativo,76.22,11.0,2024-08-20,Decoración,838.42,53,Email,4.9,2024-07-17,2024-08-01,False
133,Espejo decorativo,76.22,11.0,2024-08-20,Decoración,838.42,23,RRSS,4.75,2024-08-28,2024-10-17,False
180,Adorno de pared,118.38,11.0,2024-08-20,Decoración,1302.1799999999998,74,TV,4.81,2024-03-20,2024-05-03,False
180,Adorno de pared,118.38,11.0,2024-08-20,Decoración,1302.1799999999998,44,Email,5.08,2024-04-13,2024-05-10,False
180,Adorno de pared,118.38,11.0,2024-08-20,Decoración,1302.1799999999998,14,RRSS,4.16,2024-10-22,2024-12-21,False
274,Jarrón decorativo,72.43,3.0,2024-08-20,Decoración,217.29000000000002,15,RRSS,4.65,2024-05-09,2024-06-13,False
274,Jarrón decorativo,72.43,3.0,2024-08-20,Decoración,217.29000000000002,45,Email,4.52,2024-06-05,2024-07-31,False
274,Jarrón decorativo,72.43,3.0,2024-08-20,Decoración,217.29000000000002,75,TV,4.1,2024-11-03,2024-12-25,False
540,Adorno de pared,110.5,3.0,2024-08-20,Decoración,331.5,74,TV,4.81,2024-03-20,2024-05-03,False
540,Adorno de pared,110.5,3.0,2024-08-20,Decoración,331.5,44,Email,5.08,2024-04-13,2024-05-10,False
540,Adorno de pared,110.5,3.0,2024-08-20,Decoración,331.5,14,RRSS,4.16,2024-10-22,2024-12-21,False
611,Lámpara de mesa,44.94,7.0,2024-08-20,Decoración,314.58,32,Email,5.54,2024-03-28,2024-04-20,False
611,Lámpara de mesa,44.94,7.0,2024-08-20,Decoración,314.58,2,RRSS,5.88,2024-05-30,2024-06-29,False
611,Lámpara de mesa,44.94,7.0,2024-08-20,Decoración,314.58,62,TV,4.51,2024-08-26,2024-10-07,False
638,Rincón de plantas,88.0,5.0,2024-08-20,Decoración,440.0,38,Email,5.76,2024-06-14,2024-07-15,False
638,Rincón de plantas,88.0,5.0,2024-08-20,Decoración,440.0,8,RRSS,4.88,2024-08-03,2024-08-18,False
638,Rincón de plantas,88.0,5.0,2024-08-20,Decoración,440.0,68,TV,5.81,2024-12-17,2025-02-14,False
710,Adorno de pared,78.73,11.0,2024-08-20,Decoración,866.0300000000001,74,TV,4.81,2024-03-20,2024-05-03,False
710,Adorno de pared,78.73,11.0,2024-08-20,Decoración,866.0300000000001,44,Email,5.08,2024-04-13,2024-05-10,False
710,Adorno de pared,78.73,11.0,2024-08-20,Decoración,866.0300000000001,14,RRSS,4.16,2024-10-22,2024-12-21,False
1609,Batidora,79.45,8.0,2024-08-20,Electrodomésticos,635.6,57,Email,4.48,2024-04-10,2024-06-08,False
1609,Batidora,79.45,8.0,2024-08-20,Electrodomésticos,635.6,87,TV,6.28,2024-08-27,2024-10-11,False
1609,Batidora,79.45,8.0,2024-08-20,Electrodomésticos,635.6,27,RRSS,4.52,2024-11-01,2024-12-08,False
1688,Cafetera,112.14,3.0,2024-08-20,Electrodomésticos,336.42,49,Email,5.2,2024-06-20,2024-07-22,False
1688,Cafetera,112.14,3.0,2024-08-20,Electrodomésticos,336.42,79,TV,7.26,2024-08-13,2024-10-11,True
1688,Cafetera,112.14,3.0,2024-08-20,Electrodomésticos,336.42,19,RRSS,5.7,2024-08-19,2024-09-15,True
2494,Tablet,94.1,1.0,2024-08-20,Electrónica,94.1,12,RRSS,3.4,2024-03-26,2024-05-13,False
2494,Tablet,94.1,1.0,2024-08-20,Electrónica,94.1,72,TV,4.9,2024-07-08,2024-09-03,True
2494,Tablet,94.1,1.0,2024-08-20,Electrónica,94.1,42,Email,4.42,2024-07-14,2024-09-03,True
2537,Cámara digital,74.1,9.0,2024-08-20,Electrónica,666.9,18,RRSS,5.46,2024-07-16,2024-09-13,True
2537,Cámara digital,74.1,9.0,2024-08-20,Electrónica,666.9,78,TV,4.1,2024-08-02,2024-09-20,True
2537,Cámara digital,74.1,9.0,2024-08-20,Electrónica,666.9,48,Email,6.84,2024-10-31,2024-12-09,False
2575,Auriculares,39.02,9.0,2024-08-20,Electrónica,351.18,47,Email,4.19,2024-06-02,2024-07-22,False
2575,Auriculares,39.02,9.0,2024-08-20,Electrónica,351.18,17,RRSS,6.06,2024-07-15,2024-08-15,False
2575,Auriculares,39.02,9.0,2024-08-20,Electrónica,351.18,77,TV,4.99,2024-11-11,2024-12-06,False
2862,Televisor,62.63,8.0,2024-08-20,Electrónica,501.04,29,RRSS,3.96,2024-05-17,2024-06-28,False
2862,Televisor,62.63,8.0,2024-08-20,Electrónica,501.04,59,Email,4.19,2024-11-20,2025-01-19,False
2862,Televisor,62.63,8.0,2024-08-20,Electrónica,501.04,89,TV,4.98,2024-12-13,2025-02-08,False
35,Alfombra,65.8,11.0,2024-08-21,Decoración,723.8,58,Email,4.25,2024-03-31,2024-05-05,False
35,Alfombra,65.8,11.0,2024-08-21,Decoración,723.8,88,TV,7.39,2024-07-25,2024-08-31,True
35,Alfombra,65.8,11.0,2024-08-21,Decoración,723.8,28,RRSS,5.82,2024-11-27,2025-01-08,False
508,Rincón de plantas,36.76,2.0,2024-08-21,Decoración,73.52,38,Email,5.76,2024-06-14,2024-07-15,False
508,Rincón de plantas,36.76,2.0,2024-08-21,Decoración,73.52,8,RRSS,4.88,2024-08-03,2024-08-18,False
508,Rincón de plantas,36.76,2.0,2024-08-21,Decoración,73.52,68,TV,5.81,2024-12-17,2025-02-14,False
940,Adorno de pared,67.34,4.0,2024-08-21,Decoración,269.36,74,TV,4.81,2024-03-20,2024-05-03,False
940,Adorno de pared,67.34,4.0,2024-08-21,Decoración,269.36,44,Email,5.08,2024-04-13,2024-05-10,False
940,Adorno de pared,67.34,4.0,2024-08-21,Decoración,269.36,14,RRSS,4.16,2024-10-22,2024-12-21,False
1022,Microondas,56.15,5.0,2024-08-21,Electrodomésticos,280.75,56,Email,4.94,2024-08-06,2024-08-25,True
1022,Microondas,56.15,5.0,2024-08-21,Electrodomésticos,280.75,26,RRSS,5.0,2024-09-25,2024-10-14,False
1022,Microondas,56.15,5.0,2024-08-21,Electrodomésticos,280.75,86,TV,4.25,2024-09-25,2024-11-15,False
1124,Aspiradora,92.55,4.0,2024-08-21,Electrodomésticos,370.2,40,Email,6.24,2024-06-24,2024-08-12,False
1124,Aspiradora,92.55,4.0,2024-08-21,Electrodomésticos,370.2,10,RRSS,7.16,2024-08-19,2024-09-19,True
1124,Aspiradora,92.55,4.0,2024-08-21,Electrodomésticos,370.2,70,TV,3.06,2024-12-13,2024-12-29,False
1143,Microondas,52.36,7.0,2024-08-21,Electrodomésticos,366.52,56,Email,4.94,2024-08-06,2024-08-25,True
1143,Microondas,52.36,7.0,2024-08-21,Electrodomésticos,366.52,26,RRSS,5.0,2024-09-25,2024-10-14,False
1143,Microondas,52.36,7.0,2024-08-21,Electrodomésticos,366.52,86,TV,4.25,2024-09-25,2024-11-15,False
1665,Lavadora,102.79,9.0,2024-08-21,Electrodomésticos,925.11,46,Email,3.63,2024-05-12,2024-05-29,False
1665,Lavadora,102.79,9.0,2024-08-21,Electrodomésticos,925.11,76,TV,4.66,2024-05-26,2024-07-02,False
1665,Lavadora,102.79,9.0,2024-08-21,Electrodomésticos,925.11,16,RRSS,3.56,2024-08-14,2024-09-20,True
1693,Microondas,91.88,5.0,2024-08-21,Electrodomésticos,459.4,56,Email,4.94,2024-08-06,2024-08-25,True
1693,Microondas,91.88,5.0,2024-08-21,Electrodomésticos,459.4,26,RRSS,5.0,2024-09-25,2024-10-14,False
1693,Microondas,91.88,5.0,2024-08-21,Electrodomésticos,459.4,86,TV,4.25,2024-09-25,2024-11-15,False
2021,Parlantes Bluetooth,82.26,2.0,2024-08-21,Electrónica,164.52,84,TV,4.42,2024-04-17,2024-05-05,False
2021,Parlantes Bluetooth,82.26,2.0,2024-08-21,Electrónica,164.52,54,Email,2.95,2024-08-09,2024-09-22,True
2021,Parlantes Bluetooth,82.26,2.0,2024-08-21,Electrónica,164.52,24,RRSS,6.0,2024-09-22,2024-10-26,False
2160,Consola de videojuegos,92.56,3.0,2024-08-21,Electrónica,277.68,50,Email,4.97,2024-05-03,2024-05-28,False
2160,Consola de videojuegos,92.56,3.0,2024-08-21,Electrónica,277.68,20,RRSS,3.16,2024-07-15,2024-08-03,False
2160,Consola de videojuegos,92.56,3.0,2024-08-21,Electrónica,277.68,80,TV,4.64,2024-11-01,2024-11-20,False
2338,SmartWatch,36.21,1.0,2024-08-21,Electrónica,36.21,85,TV,5.07,2024-04-01,2024-05-05,False
2338,SmartWatch,36.21,1.0,2024-08-21,Electrónica,36.21,55,Email,4.59,2024-10-13,2024-12-06,False
2338,SmartWatch,36.21,1.0,2024-08-21,Electrónica,36.21,25,RRSS,4.84,2024-11-23,2024-12-29,False
203,Espejo decorativo,28.98,6.0,2024-08-22,Decoración,173.88,83,TV,5.24,2024-05-31,2024-07-08,False
203,Espejo decorativo,28.98,6.0,2024-08-22,Decoración,173.88,53,Email,4.9,2024-07-17,2024-08-01,False
203,Espejo decorativo,28.98,6.0,2024-08-22,Decoración,173.88,23,RRSS,4.75,2024-08-28,2024-10-17,False
404,Jarrón decorativo,45.82,8.0,2024-08-22,Decoración,366.56,15,RRSS,4.65,2024-05-09,2024-06-13,False
404,Jarrón decorativo,45.82,8.0,2024-08-22,Decoración,366.56,45,Email,4.52,2024-06-05,2024-07-31,False
404,Jarrón decorativo,45.82,8.0,2024-08-22,Decoración,366.56,75,TV,4.1,2024-11-03,2024-12-25,False
490,Adorno de pared,108.27,8.0,2024-08-22,Decoración,866.16,74,TV,4.81,2024-03-20,2024-05-03,False
490,Adorno de pared,108.27,8.0,2024-08-22,Decoración,866.16,44,Email,5.08,2024-04-13,2024-05-10,False
490,Adorno de pared,108.27,8.0,2024-08-22,Decoración,866.16,14,RRSS,4.16,2024-10-22,2024-12-21,False
504,Jarrón decorativo,54.62,3.0,2024-08-22,Decoración,163.85999999999999,15,RRSS,4.65,2024-05-09,2024-06-13,False
504,Jarrón decorativo,54.62,3.0,2024-08-22,Decoración,163.85999999999999,45,Email,4.52,2024-06-05,2024-07-31,False
504,Jarrón decorativo,54.62,3.0,2024-08-22,Decoración,163.85999999999999,75,TV,4.1,2024-11-03,2024-12-25,False
747,Elementos de cerámica,32.85,10.0,2024-08-22,Decoración,328.5,22,RRSS,5.44,2024-06-26,2024-07-15,False
747,Elementos de cerámica,32.85,10.0,2024-08-22,Decoración,328.5,82,TV,5.69,2024-09-08,2024-10-12,False
747,Elementos de cerámica,32.85,10.0,2024-08-22,Decoración,328.5,52,Email,5.74,2024-09-09,2024-09-30,False
1060,Plancha de vapor,59.64,12.0,2024-08-22,Electrodomésticos,715.6800000000001,36,Email,5.41,2024-04-02,2024-06-01,False
1060,Plancha de vapor,59.64,12.0,2024-08-22,Electrodomésticos,715.6800000000001,6,RRSS,4.02,2024-09-24,2024-11-02,False
1060,Plancha de vapor,59.64,12.0,2024-08-22,Electrodomésticos,715.6800000000001,66,TV,4.69,2024-10-04,2024-10-23,False
1467,Horno eléctrico,74.55,10.0,2024-08-22,Electrodomésticos,745.5,35,Email,5.65,2024-07-31,2024-09-29,True
1467,Horno eléctrico,74.55,10.0,2024-08-22,Electrodomésticos,745.5,5,RRSS,5.16,2024-08-22,2024-10-17,True
1467,Horno eléctrico,74.55,10.0,2024-08-22,Electrodomésticos,745.5,65,TV,3.08,2024-10-23,2024-12-11,False
2156,Laptop,62.54,7.0,2024-08-22,Electrónica,437.78,60,Email,4.89,2024-09-28,2024-10-27,False
2156,Laptop,62.54,7.0,2024-08-22,Electrónica,437.78,30,RRSS,4.68,2024-10-23,2024-11-24,False
2156,Laptop,62.54,7.0,2024-08-22,Electrónica,437.78,90,TV,5.62,2024-11-16,2025-01-13,False
2215,Auriculares,124.96,8.0,2024-08-22,Electrónica,999.68,47,Email,4.19,2024-06-02,2024-07-22,False
2215,Auriculares,124.96,8.0,2024-08-22,Electrónica,999.68,17,RRSS,6.06,2024-07-15,2024-08-15,False
2215,Auriculares,124.96,8.0,2024-08-22,Electrónica,999.68,77,TV,4.99,2024-11-11,2024-12-06,False
2508,SmartWatch,63.29,3.0,2024-08-22,Electrónica,189.87,85,TV,5.07,2024-04-01,2024-05-05,False
2508,SmartWatch,63.29,3.0,2024-08-22,Electrónica,189.87,55,Email,4.59,2024-10-13,2024-12-06,False
2508,SmartWatch,63.29,3.0,2024-08-22,Electrónica,189.87,25,RRSS,4.84,2024-11-23,2024-12-29,False
2517,Cámara digital,68.19,6.0,2024-08-22,Electrónica,409.14,18,RRSS,5.46,2024-07-16,2024-09-13,True
2517,Cámara digital,68.19,6.0,2024-08-22,Electrónica,409.14,78,TV,4.1,2024-08-02,2024-09-20,True
2517,Cámara digital,68.19,6.0,2024-08-22,Electrónica,409.14,48,Email,6.84,2024-10-31,2024-12-09,False
2892,Televisor,76.02,9.0,2024-08-22,Electrónica,684.18,29,RRSS,3.96,2024-05-17,2024-06-28,False
2892,Televisor,76.02,9.0,2024-08-22,Electrónica,684.18,59,Email,4.19,2024-11-20,2025-01-19,False
2892,Televisor,76.02,9.0,2024-08-22,Electrónica,684.18,89,TV,4.98,2024-12-13,2025-02-08,False
230,Adorno de pared,88.01,1.0,2024-08-23,Decoración,88.01,74,TV,4.81,2024-03-20,2024-05-03,False
230,Adorno de pared,88.01,1.0,2024-08-23,Decoración,88.01,44,Email,5.08,2024-04-13,2024-05-10,False
230,Adorno de pared,88.01,1.0,2024-08-23,Decoración,88.01,14,RRSS,4.16,2024-10-22,2024-12-21,False
869,Candelabro,124.78,4.0,2024-08-23,Decoración,499.12,69,TV,3.25,2024-05-29,2024-06-30,False
869,Candelabro,124.78,4.0,2024-08-23,Decoración,499.12,39,Email,6.08,2024-07-17,2024-08-18,False
869,Candelabro,124.78,4.0,2024-08-23,Decoración,499.12,9,RRSS,5.32,2024-10-08,2024-11-16,False
955,Alfombra,93.23,7.0,2024-08-23,Decoración,652.61,58,Email,4.25,2024-03-31,2024-05-05,False
955,Alfombra,93.23,7.0,2024-08-23,Decoración,652.61,88,TV,7.39,2024-07-25,2024-08-31,True
955,Alfombra,93.23,7.0,2024-08-23,Decoración,652.61,28,RRSS,5.82,2024-11-27,2025-01-08,False
1039,Batidora,55.47,1.0,2024-08-23,Electrodomésticos,55.47,57,Email,4.48,2024-04-10,2024-06-08,False
1039,Batidora,55.47,1.0,2024-08-23,Electrodomésticos,55.47,87,TV,6.28,2024-08-27,2024-10-11,False
1039,Batidora,55.47,1.0,2024-08-23,Electrodomésticos,55.47,27,RRSS,4.52,2024-11-01,2024-12-08,False
1635,Lavadora,99.24,7.0,2024-08-23,Electrodomésticos,694.68,46,Email,3.63,2024-05-12,2024-05-29,False
1635,Lavadora,99.24,7.0,2024-08-23,Electrodomésticos,694.68,76,TV,4.66,2024-05-26,2024-07-02,False
1635,Lavadora,99.24,7.0,2024-08-23,Electrodomésticos,694.68,16,RRSS,3.56,2024-08-14,2024-09-20,True
1939,Batidora,74.11,10.0,2024-08-23,Electrodomésticos,741.1,57,Email,4.48,2024-04-10,2024-06-08,False
1939,Batidora,74.11,10.0,2024-08-23,Electrodomésticos,741.1,87,TV,6.28,2024-08-27,2024-10-11,False
1939,Batidora,74.11,10.0,2024-08-23,Electrodomésticos,741.1,27,RRSS,4.52,2024-11-01,2024-12-08,False
2048,SmartWatch,53.91,2.0,2024-08-23,Electrónica,107.82,85,TV,5.07,2024-04-01,2024-05-05,False
2048,SmartWatch,53.91,2.0,2024-08-23,Electrónica,107.82,55,Email,4.59,2024-10-13,2024-12-06,False
2048,SmartWatch,53.91,2.0,2024-08-23,Electrónica,107.82,25,RRSS,4.84,2024-11-23,2024-12-29,False
2241,Parlantes Bluetooth,48.93,8.0,2024-08-23,Electrónica,391.44,84,TV,4.42,2024-04-17,2024-05-05,False
2241,Parlantes Bluetooth,48.93,8.0,2024-08-23,Electrónica,391.44,54,Email,2.95,2024-08-09,2024-09-22,True
2241,Parlantes Bluetooth,48.93,8.0,2024-08-23,Electrónica,391.44,24,RRSS,6.0,2024-09-22,2024-10-26,False
2535,Auriculares,95.54,11.0,2024-08-23,Electrónica,1050.94,47,Email,4.19,2024-06-02,2024-07-22,False
2535,Auriculares,95.54,11.0,2024-08-23,Electrónica,1050.94,17,RRSS,6.06,2024-07-15,2024-08-15,False
2535,Auriculares,95.54,11.0,2024-08-23,Electrónica,1050.94,77,TV,4.99,2024-11-11,2024-12-06,False
412,Cuadro decorativo,67.79,9.0,2024-08-24,Decoración,610.11,1,RRSS,5.27,2024-04-27,2024-06-04,False
412,Cuadro decorativo,67.79,9.0,2024-08-24,Decoración,610.11,31,Email,5.28,2024-08-15,2024-09-12,True
412,Cuadro decorativo,67.79,9.0,2024-08-24,Decoración,610.11,61,TV,5.3,2024-11-05,2024-12-23,False
450,Adorno de pared,79.85,6.0,2024-08-24,Decoración,479.09999999999997,74,TV,4.81,2024-03-20,2024-05-03,False
450,Adorno de pared,79.85,6.0,2024-08-24,Decoración,479.09999999999997,44,Email,5.08,2024-04-13,2024-05-10,False
450,Adorno de pared,79.85,6.0,2024-08-24,Decoración,479.09999999999997,14,RRSS,4.16,2024-10-22,2024-12-21,False
604,Jarrón decorativo,124.57,11.0,2024-08-24,Decoración,1370.27,15,RRSS,4.65,2024-05-09,2024-06-13,False
604,Jarrón decorativo,124.57,11.0,2024-08-24,Decoración,1370.27,45,Email,4.52,2024-06-05,2024-07-31,False
604,Jarrón decorativo,124.57,11.0,2024-08-24,Decoración,1370.27,75,TV,4.1,2024-11-03,2024-12-25,False
823,Espejo decorativo,99.07,6.0,2024-08-24,Decoración,594.42,83,TV,5.24,2024-05-31,2024-07-08,False
823,Espejo decorativo,99.07,6.0,2024-08-24,Decoración,594.42,53,Email,4.9,2024-07-17,2024-08-01,False
823,Espejo decorativo,99.07,6.0,2024-08-24,Decoración,594.42,23,RRSS,4.75,2024-08-28,2024-10-17,False
1074,Aspiradora,31.76,8.0,2024-08-24,Electrodomésticos,254.08,40,Email,6.24,2024-06-24,2024-08-12,False
1074,Aspiradora,31.76,8.0,2024-08-24,Electrodomésticos,254.08,10,RRSS,7.16,2024-08-19,2024-09-19,True
1074,Aspiradora,31.76,8.0,2024-08-24,Electrodomésticos,254.08,70,TV,3.06,2024-12-13,2024-12-29,False
1114,Aspiradora,86.38,10.0,2024-08-24,Electrodomésticos,863.8,40,Email,6.24,2024-06-24,2024-08-12,False
1114,Aspiradora,86.38,10.0,2024-08-24,Electrodomésticos,863.8,10,RRSS,7.16,2024-08-19,2024-09-19,True
1114,Aspiradora,86.38,10.0,2024-08-24,Electrodomésticos,863.8,70,TV,3.06,2024-12-13,2024-12-29,False
2161,Parlantes Bluetooth,63.4,8.0,2024-08-24,Electrónica,507.2,84,TV,4.42,2024-04-17,2024-05-05,False
2161,Parlantes Bluetooth,63.4,8.0,2024-08-24,Electrónica,507.2,54,Email,2.95,2024-08-09,2024-09-22,True
2161,Parlantes Bluetooth,63.4,8.0,2024-08-24,Electrónica,507.2,24,RRSS,6.0,2024-09-22,2024-10-26,False
2382,Televisor,94.9,4.0,2024-08-24,Electrónica,379.6,29,RRSS,3.96,2024-05-17,2024-06-28,False
2382,Televisor,94.9,4.0,2024-08-24,Electrónica,379.6,59,Email,4.19,2024-11-20,2025-01-19,False
2382,Televisor,94.9,4.0,2024-08-24,Electrónica,379.6,89,TV,4.98,2024-12-13,2025-02-08,False
2648,SmartWatch,77.68,2.0,2024-08-24,Electrónica,155.36,85,TV,5.07,2024-04-01,2024-05-05,False
2648,SmartWatch,77.68,2.0,2024-08-24,Electrónica,155.36,55,Email,4.59,2024-10-13,2024-12-06,False
2648,SmartWatch,77.68,2.0,2024-08-24,Electrónica,155.36,25,RRSS,4.84,2024-11-23,2024-12-29,False
2966,Laptop,69.21,2.0,2024-08-24,Electrónica,138.42,60,Email,4.89,2024-09-28,2024-10-27,False
2966,Laptop,69.21,2.0,2024-08-24,Electrónica,138.42,30,RRSS,4.68,2024-10-23,2024-11-24,False
2966,Laptop,69.21,2.0,2024-08-24,Electrónica,138.42,90,TV,5.62,2024-11-16,2025-01-13,False
803,Espejo decorativo,91.66,1.0,2024-08-25,Decoración,91.66,83,TV,5.24,2024-05-31,2024-07-08,False
803,Espejo decorativo,91.66,1.0,2024-08-25,Decoración,91.66,53,Email,4.9,2024-07-17,2024-08-01,False
803,Espejo decorativo,91.66,1.0,2024-08-25,Decoración,91.66,23,RRSS,4.75,2024-08-28,2024-10-17,False
1162,Microondas,63.69,11.0,2024-08-25,Electrodomésticos,700.5899999999999,56,Email,4.94,2024-08-06,2024-08-25,True
1162,Microondas,63.69,11.0,2024-08-25,Electrodomésticos,700.5899999999999,26,RRSS,5.0,2024-09-25,2024-10-14,False
1162,Microondas,63.69,11.0,2024-08-25,Electrodomésticos,700.5899999999999,86,TV,4.25,2024-09-25,2024-11-15,False
1338,Cafetera,37.1,7.0,2024-08-25,Electrodomésticos,259.7,49,Email,5.2,2024-06-20,2024-07-22,False
1338,Cafetera,37.1,7.0,2024-08-25,Electrodomésticos,259.7,79,TV,7.26,2024-08-13,2024-10-11,True
1338,Cafetera,37.1,7.0,2024-08-25,Electrodomésticos,259.7,19,RRSS,5.7,2024-08-19,2024-09-15,True
1935,Lavadora,109.94,2.0,2024-08-25,Electrodomésticos,219.88,46,Email,3.63,2024-05-12,2024-05-29,False
1935,Lavadora,109.94,2.0,2024-08-25,Electrodomésticos,219.88,76,TV,4.66,2024-05-26,2024-07-02,False
1935,Lavadora,109.94,2.0,2024-08-25,Electrodomésticos,219.88,16,RRSS,3.56,2024-08-14,2024-09-20,True
1962,Microondas,93.59,6.0,2024-08-25,Electrodomésticos,561.54,56,Email,4.94,2024-08-06,2024-08-25,True
1962,Microondas,93.59,6.0,2024-08-25,Electrodomésticos,561.54,26,RRSS,5.0,2024-09-25,2024-10-14,False
1962,Microondas,93.59,6.0,2024-08-25,Electrodomésticos,561.54,86,TV,4.25,2024-09-25,2024-11-15,False
2527,Cámara digital,60.1,7.0,2024-08-25,Electrónica,420.7,18,RRSS,5.46,2024-07-16,2024-09-13,True
2527,Cámara digital,60.1,7.0,2024-08-25,Electrónica,420.7,78,TV,4.1,2024-08-02,2024-09-20,True
2527,Cámara digital,60.1,7.0,2024-08-25,Electrónica,420.7,48,Email,6.84,2024-10-31,2024-12-09,False
2681,Parlantes Bluetooth,91.54,12.0,2024-08-25,Electrónica,1098.48,84,TV,4.42,2024-04-17,2024-05-05,False
2681,Parlantes Bluetooth,91.54,12.0,2024-08-25,Electrónica,1098.48,54,Email,2.95,2024-08-09,2024-09-22,True
2681,Parlantes Bluetooth,91.54,12.0,2024-08-25,Electrónica,1098.48,24,RRSS,6.0,2024-09-22,2024-10-26,False
675,Alfombra,64.25,10.0,2024-08-26,Decoración,642.5,58,Email,4.25,2024-03-31,2024-05-05,False
675,Alfombra,64.25,10.0,2024-08-26,Decoración,642.5,88,TV,7.39,2024-07-25,2024-08-31,True
675,Alfombra,64.25,10.0,2024-08-26,Decoración,642.5,28,RRSS,5.82,2024-11-27,2025-01-08,False
807,Elementos de cerámica,52.14,9.0,2024-08-26,Decoración,469.26,22,RRSS,5.44,2024-06-26,2024-07-15,False
807,Elementos de cerámica,52.14,9.0,2024-08-26,Decoración,469.26,82,TV,5.69,2024-09-08,2024-10-12,False
807,Elementos de cerámica,52.14,9.0,2024-08-26,Decoración,469.26,52,Email,5.74,2024-09-09,2024-09-30,False
866,Cortinas,100.33,8.0,2024-08-26,Decoración,802.64,43,Email,5.67,2024-05-02,2024-06-17,False
866,Cortinas,100.33,8.0,2024-08-26,Decoración,802.64,73,TV,6.47,2024-08-17,2024-09-26,True
866,Cortinas,100.33,8.0,2024-08-26,Decoración,802.64,13,RRSS,5.22,2024-09-16,2024-10-15,False
1130,Plancha de vapor,81.76,11.0,2024-08-26,Electrodomésticos,899.36,36,Email,5.41,2024-04-02,2024-06-01,False
1130,Plancha de vapor,81.76,11.0,2024-08-26,Electrodomésticos,899.36,6,RRSS,4.02,2024-09-24,2024-11-02,False
1130,Plancha de vapor,81.76,11.0,2024-08-26,Electrodomésticos,899.36,66,TV,4.69,2024-10-04,2024-10-23,False
1612,Microondas,54.26,5.0,2024-08-26,Electrodomésticos,271.3,56,Email,4.94,2024-08-06,2024-08-25,False
1612,Microondas,54.26,5.0,2024-08-26,Electrodomésticos,271.3,26,RRSS,5.0,2024-09-25,2024-10-14,False
1612,Microondas,54.26,5.0,2024-08-26,Electrodomésticos,271.3,86,TV,4.25,2024-09-25,2024-11-15,False
2300,Consola de videojuegos,51.18,8.0,2024-08-26,Electrónica,409.44,50,Email,4.97,2024-05-03,2024-05-28,False
2300,Consola de videojuegos,51.18,8.0,2024-08-26,Electrónica,409.44,20,RRSS,3.16,2024-07-15,2024-08-03,False
2300,Consola de videojuegos,51.18,8.0,2024-08-26,Electrónica,409.44,80,TV,4.64,2024-11-01,2024-11-20,False
2423,Smartphone,110.79,1.0,2024-08-26,Electrónica,110.79,21,RRSS,6.37,2024-03-29,2024-05-16,False
2423,Smartphone,110.79,1.0,2024-08-26,Electrónica,110.79,51,Email,4.65,2024-05-28,2024-06-15,False
2423,Smartphone,110.79,1.0,2024-08-26,Electrónica,110.79,81,TV,4.78,2024-09-28,2024-10-24,False
2804,Tablet,90.14,11.0,2024-08-26,Electrónica,991.54,12,RRSS,3.4,2024-03-26,2024-05-13,False
2804,Tablet,90.14,11.0,2024-08-26,Electrónica,991.54,72,TV,4.9,2024-07-08,2024-09-03,True
2804,Tablet,90.14,11.0,2024-08-26,Electrónica,991.54,42,Email,4.42,2024-07-14,2024-09-03,True
248,Rincón de plantas,81.89,4.0,2024-08-27,Decoración,327.56,38,Email,5.76,2024-06-14,2024-07-15,False
248,Rincón de plantas,81.89,4.0,2024-08-27,Decoración,327.56,8,RRSS,4.88,2024-08-03,2024-08-18,False
248,Rincón de plantas,81.89,4.0,2024-08-27,Decoración,327.56,68,TV,5.81,2024-12-17,2025-02-14,False
789,Candelabro,44.07,5.0,2024-08-27,Decoración,220.35,69,TV,3.25,2024-05-29,2024-06-30,False
789,Candelabro,44.07,5.0,2024-08-27,Decoración,220.35,39,Email,6.08,2024-07-17,2024-08-18,False
789,Candelabro,44.07,5.0,2024-08-27,Decoración,220.35,9,RRSS,5.32,2024-10-08,2024-11-16,False
1869,Batidora,46.9,7.0,2024-08-27,Electrodomésticos,328.3,57,Email,4.48,2024-04-10,2024-06-08,False
1869,Batidora,46.9,7.0,2024-08-27,Electrodomésticos,328.3,87,TV,6.28,2024-08-27,2024-10-11,True
1869,Batidora,46.9,7.0,2024-08-27,Electrodomésticos,328.3,27,RRSS,4.52,2024-11-01,2024-12-08,False
2243,Smartphone,101.0,1.0,2024-08-27,Electrónica,101.0,21,RRSS,6.37,2024-03-29,2024-05-16,False
2243,Smartphone,101.0,1.0,2024-08-27,Electrónica,101.0,51,Email,4.65,2024-05-28,2024-06-15,False
2243,Smartphone,101.0,1.0,2024-08-27,Electrónica,101.0,81,TV,4.78,2024-09-28,2024-10-24,False
2298,SmartWatch,51.84,1.0,2024-08-27,Electrónica,51.84,85,TV,5.07,2024-04-01,2024-05-05,False
2298,SmartWatch,51.84,1.0,2024-08-27,Electrónica,51.84,55,Email,4.59,2024-10-13,2024-12-06,False
2298,SmartWatch,51.84,1.0,2024-08-27,Electrónica,51.84,25,RRSS,4.84,2024-11-23,2024-12-29,False
2539,Proyector,33.87,7.0,2024-08-27,Electrónica,237.08999999999997,67,TV,3.68,2024-05-22,2024-07-12,False
2539,Proyector,33.87,7.0,2024-08-27,Electrónica,237.08999999999997,37,Email,3.22,2024-07-06,2024-07-26,False
2539,Proyector,33.87,7.0,2024-08-27,Electrónica,237.08999999999997,7,RRSS,5.57,2024-07-30,2024-08-16,False
2806,Laptop,124.86,5.0,2024-08-27,Electrónica,624.3,60,Email,4.89,2024-09-28,2024-10-27,False
2806,Laptop,124.86,5.0,2024-08-27,Electrónica,624.3,30,RRSS,4.68,2024-10-23,2024-11-24,False
2806,Laptop,124.86,5.0,2024-08-27,Electrónica,624.3,90,TV,5.62,2024-11-16,2025-01-13,False
2928,SmartWatch,50.23,8.0,2024-08-27,Electrónica,401.84,85,TV,5.07,2024-04-01,2024-05-05,False
2928,SmartWatch,50.23,8.0,2024-08-27,Electrónica,401.84,55,Email,4.59,2024-10-13,2024-12-06,False
2928,SmartWatch,50.23,8.0,2024-08-27,Electrónica,401.84,25,RRSS,4.84,2024-11-23,2024-12-29,False
11,Lámpara de mesa,82.36,12.0,2024-08-28,Decoración,988.3199999999999,32,Email,5.54,2024-03-28,2024-04-20,False
11,Lámpara de mesa,82.36,12.0,2024-08-28,Decoración,988.3199999999999,2,RRSS,5.88,2024-05-30,2024-06-29,False
11,Lámpara de mesa,82.36,12.0,2024-08-28,Decoración,988.3199999999999,62,TV,4.51,2024-08-26,2024-10-07,True
397,Elementos de cerámica,40.29,2.0,2024-08-28,Decoración,80.58,22,RRSS,5.44,2024-06-26,2024-07-15,False
397,Elementos de cerámica,40.29,2.0,2024-08-28,Decoración,80.58,82,TV,5.69,2024-09-08,2024-10-12,False
397,Elementos de cerámica,40.29,2.0,2024-08-28,Decoración,80.58,52,Email,5.74,2024-09-09,2024-09-30,False
480,Adorno de pared,117.68,10.0,2024-08-28,Decoración,1176.8000000000002,74,TV,4.81,2024-03-20,2024-05-03,False
480,Adorno de pared,117.68,10.0,2024-08-28,Decoración,1176.8000000000002,44,Email,5.08,2024-04-13,2024-05-10,False
480,Adorno de pared,117.68,10.0,2024-08-28,Decoración,1176.8000000000002,14,RRSS,4.16,2024-10-22,2024-12-21,False
579,Lámpara de mesa,92.26,7.0,2024-08-28,Decoración,645.82,32,Email,5.54,2024-03-28,2024-04-20,False
579,Lámpara de mesa,92.26,7.0,2024-08-28,Decoración,645.82,2,RRSS,5.88,2024-05-30,2024-06-29,False
579,Lámpara de mesa,92.26,7.0,2024-08-28,Decoración,645.82,62,TV,4.51,2024-08-26,2024-10-07,True
1342,Microondas,113.71,12.0,2024-08-28,Electrodomésticos,1364.52,56,Email,4.94,2024-08-06,2024-08-25,False
1342,Microondas,113.71,12.0,2024-08-28,Electrodomésticos,1364.52,26,RRSS,5.0,2024-09-25,2024-10-14,False
1342,Microondas,113.71,12.0,2024-08-28,Electrodomésticos,1364.52,86,TV,4.25,2024-09-25,2024-11-15,False
1507,Horno eléctrico,68.25,5.0,2024-08-28,Electrodomésticos,341.25,35,Email,5.65,2024-07-31,2024-09-29,True
1507,Horno eléctrico,68.25,5.0,2024-08-28,Electrodomésticos,341.25,5,RRSS,5.16,2024-08-22,2024-10-17,True
1507,Horno eléctrico,68.25,5.0,2024-08-28,Electrodomésticos,341.25,65,TV,3.08,2024-10-23,2024-12-11,False
1994,Aspiradora,109.08,7.0,2024-08-28,Electrodomésticos,763.56,40,Email,6.24,2024-06-24,2024-08-12,False
1994,Aspiradora,109.08,7.0,2024-08-28,Electrodomésticos,763.56,10,RRSS,7.16,2024-08-19,2024-09-19,True
1994,Aspiradora,109.08,7.0,2024-08-28,Electrodomésticos,763.56,70,TV,3.06,2024-12-13,2024-12-29,False
2460,Consola de videojuegos,31.43,12.0,2024-08-28,Electrónica,377.15999999999997,50,Email,4.97,2024-05-03,2024-05-28,False
2460,Consola de videojuegos,31.43,12.0,2024-08-28,Electrónica,377.15999999999997,20,RRSS,3.16,2024-07-15,2024-08-03,False
2460,Consola de videojuegos,31.43,12.0,2024-08-28,Electrónica,377.15999999999997,80,TV,4.64,2024-11-01,2024-11-20,False
2531,Parlantes Bluetooth,34.04,4.0,2024-08-28,Electrónica,136.16,84,TV,4.42,2024-04-17,2024-05-05,False
2531,Parlantes Bluetooth,34.04,4.0,2024-08-28,Electrónica,136.16,54,Email,2.95,2024-08-09,2024-09-22,True
2531,Parlantes Bluetooth,34.04,4.0,2024-08-28,Electrónica,136.16,24,RRSS,6.0,2024-09-22,2024-10-26,False
302,Cuadro decorativo,80.71,11.0,2024-08-29,Decoración,887.81,1,RRSS,5.27,2024-04-27,2024-06-04,False
302,Cuadro decorativo,80.71,11.0,2024-08-29,Decoración,887.81,31,Email,5.28,2024-08-15,2024-09-12,True
302,Cuadro decorativo,80.71,11.0,2024-08-29,Decoración,887.81,61,TV,5.3,2024-11-05,2024-12-23,False
551,Lámpara de mesa,67.16,6.0,2024-08-29,Decoración,402.96,32,Email,5.54,2024-03-28,2024-04-20,False
551,Lámpara de mesa,67.16,6.0,2024-08-29,Decoración,402.96,2,RRSS,5.88,2024-05-30,2024-06-29,False
551,Lámpara de mesa,67.16,6.0,2024-08-29,Decoración,402.96,62,TV,4.51,2024-08-26,2024-10-07,True
1737,Horno eléctrico,67.71,7.0,2024-08-29,Electrodomésticos,473.96999999999997,35,Email,5.65,2024-07-31,2024-09-29,True
1737,Horno eléctrico,67.71,7.0,2024-08-29,Electrodomésticos,473.96999999999997,5,RRSS,5.16,2024-08-22,2024-10-17,True
1737,Horno eléctrico,67.71,7.0,2024-08-29,Electrodomésticos,473.96999999999997,65,TV,3.08,2024-10-23,2024-12-11,False
2032,Televisor,50.36,12.0,2024-08-29,Electrónica,604.3199999999999,29,RRSS,3.96,2024-05-17,2024-06-28,False
2032,Televisor,50.36,12.0,2024-08-29,Electrónica,604.3199999999999,59,Email,4.19,2024-11-20,2025-01-19,False
2032,Televisor,50.36,12.0,2024-08-29,Electrónica,604.3199999999999,89,TV,4.98,2024-12-13,2025-02-08,False
2142,Televisor,85.48,10.0,2024-08-29,Electrónica,854.8000000000001,29,RRSS,3.96,2024-05-17,2024-06-28,False
2142,Televisor,85.48,10.0,2024-08-29,Electrónica,854.8000000000001,59,Email,4.19,2024-11-20,2025-01-19,False
2142,Televisor,85.48,10.0,2024-08-29,Electrónica,854.8000000000001,89,TV,4.98,2024-12-13,2025-02-08,False
2261,Parlantes Bluetooth,95.41,3.0,2024-08-29,Electrónica,286.23,84,TV,4.42,2024-04-17,2024-05-05,False
2261,Parlantes Bluetooth,95.41,3.0,2024-08-29,Electrónica,286.23,54,Email,2.95,2024-08-09,2024-09-22,True
2261,Parlantes Bluetooth,95.41,3.0,2024-08-29,Electrónica,286.23,24,RRSS,6.0,2024-09-22,2024-10-26,False
279,Lámpara de mesa,28.85,4.0,2024-08-30,Decoración,115.4,32,Email,5.54,2024-03-28,2024-04-20,False
279,Lámpara de mesa,28.85,4.0,2024-08-30,Decoración,115.4,2,RRSS,5.88,2024-05-30,2024-06-29,False
279,Lámpara de mesa,28.85,4.0,2024-08-30,Decoración,115.4,62,TV,4.51,2024-08-26,2024-10-07,True
484,Jarrón decorativo,80.57,6.0,2024-08-30,Decoración,483.41999999999996,15,RRSS,4.65,2024-05-09,2024-06-13,False
484,Jarrón decorativo,80.57,6.0,2024-08-30,Decoración,483.41999999999996,45,Email,4.52,2024-06-05,2024-07-31,False
484,Jarrón decorativo,80.57,6.0,2024-08-30,Decoración,483.41999999999996,75,TV,4.1,2024-11-03,2024-12-25,False
723,Espejo decorativo,77.38,1.0,2024-08-30,Decoración,77.38,83,TV,5.24,2024-05-31,2024-07-08,False
723,Espejo decorativo,77.38,1.0,2024-08-30,Decoración,77.38,53,Email,4.9,2024-07-17,2024-08-01,False
723,Espejo decorativo,77.38,1.0,2024-08-30,Decoración,77.38,23,RRSS,4.75,2024-08-28,2024-10-17,True
726,Cortinas,119.16,6.0,2024-08-30,Decoración,714.96,43,Email,5.67,2024-05-02,2024-06-17,False
726,Cortinas,119.16,6.0,2024-08-30,Decoración,714.96,73,TV,6.47,2024-08-17,2024-09-26,True
726,Cortinas,119.16,6.0,2024-08-30,Decoración,714.96,13,RRSS,5.22,2024-09-16,2024-10-15,False
1035,Lavadora,75.44,2.0,2024-08-30,Electrodomésticos,150.88,46,Email,3.63,2024-05-12,2024-05-29,False
1035,Lavadora,75.44,2.0,2024-08-30,Electrodomésticos,150.88,76,TV,4.66,2024-05-26,2024-07-02,False
1035,Lavadora,75.44,2.0,2024-08-30,Electrodomésticos,150.88,16,RRSS,3.56,2024-08-14,2024-09-20,True
1341,Freidora eléctrica,38.42,1.0,2024-08-30,Electrodomésticos,38.42,71,TV,4.37,2024-06-05,2024-07-24,False
1341,Freidora eléctrica,38.42,1.0,2024-08-30,Electrodomésticos,38.42,41,Email,3.92,2024-11-23,2025-01-01,False
1341,Freidora eléctrica,38.42,1.0,2024-08-30,Electrodomésticos,38.42,11,RRSS,5.27,2024-12-29,2025-01-21,False
1472,Microondas,74.36,10.0,2024-08-30,Electrodomésticos,743.6,56,Email,4.94,2024-08-06,2024-08-25,False
1472,Microondas,74.36,10.0,2024-08-30,Electrodomésticos,743.6,26,RRSS,5.0,2024-09-25,2024-10-14,False
1472,Microondas,74.36,10.0,2024-08-30,Electrodomésticos,743.6,86,TV,4.25,2024-09-25,2024-11-15,False
1863,Microondas,88.86,9.0,2024-08-30,Electrodomésticos,799.74,56,Email,4.94,2024-08-06,2024-08-25,False
1863,Microondas,88.86,9.0,2024-08-30,Electrodomésticos,799.74,26,RRSS,5.0,2024-09-25,2024-10-14,False
1863,Microondas,88.86,9.0,2024-08-30,Electrodomésticos,799.74,86,TV,4.25,2024-09-25,2024-11-15,False
1960,Plancha de vapor,109.54,12.0,2024-08-30,Electrodomésticos,1314.48,36,Email,5.41,2024-04-02,2024-06-01,False
1960,Plancha de vapor,109.54,12.0,2024-08-30,Electrodomésticos,1314.48,6,RRSS,4.02,2024-09-24,2024-11-02,False
1960,Plancha de vapor,109.54,12.0,2024-08-30,Electrodomésticos,1314.48,66,TV,4.69,2024-10-04,2024-10-23,False
2655,Auriculares,56.28,9.0,2024-08-30,Electrónica,506.52,47,Email,4.19,2024-06-02,2024-07-22,False
2655,Auriculares,56.28,9.0,2024-08-30,Electrónica,506.52,17,RRSS,6.06,2024-07-15,2024-08-15,False
2655,Auriculares,56.28,9.0,2024-08-30,Electrónica,506.52,77,TV,4.99,2024-11-11,2024-12-06,False
193,Espejo decorativo,121.37,6.0,2024-08-31,Decoración,728.22,83,TV,5.24,2024-05-31,2024-07-08,False
193,Espejo decorativo,121.37,6.0,2024-08-31,Decoración,728.22,53,Email,4.9,2024-07-17,2024-08-01,False
193,Espejo decorativo,121.37,6.0,2024-08-31,Decoración,728.22,23,RRSS,4.75,2024-08-28,2024-10-17,True
325,Alfombra,84.56,3.0,2024-08-31,Decoración,253.68,58,Email,4.25,2024-03-31,2024-05-05,False
325,Alfombra,84.56,3.0,2024-08-31,Decoración,253.68,88,TV,7.39,2024-07-25,2024-08-31,True
325,Alfombra,84.56,3.0,2024-08-31,Decoración,253.68,28,RRSS,5.82,2024-11-27,2025-01-08,False
444,Jarrón decorativo,36.35,5.0,2024-08-31,Decoración,181.75,15,RRSS,4.65,2024-05-09,2024-06-13,False
444,Jarrón decorativo,36.35,5.0,2024-08-31,Decoración,181.75,45,Email,4.52,2024-06-05,2024-07-31,False
444,Jarrón decorativo,36.35,5.0,2024-08-31,Decoración,181.75,75,TV,4.1,2024-11-03,2024-12-25,False
847,Elementos de cerámica,69.36,1.0,2024-08-31,Decoración,69.36,22,RRSS,5.44,2024-06-26,2024-07-15,False
847,Elementos de cerámica,69.36,1.0,2024-08-31,Decoración,69.36,82,TV,5.69,2024-09-08,2024-10-12,False
847,Elementos de cerámica,69.36,1.0,2024-08-31,Decoración,69.36,52,Email,5.74,2024-09-09,2024-09-30,False
922,Cuadro decorativo,45.81,7.0,2024-08-31,Decoración,320.67,1,RRSS,5.27,2024-04-27,2024-06-04,False
922,Cuadro decorativo,45.81,7.0,2024-08-31,Decoración,320.67,31,Email,5.28,2024-08-15,2024-09-12,True
922,Cuadro decorativo,45.81,7.0,2024-08-31,Decoración,320.67,61,TV,5.3,2024-11-05,2024-12-23,False
1026,Secadora,121.19,10.0,2024-08-31,Electrodomésticos,1211.9,3,RRSS,5.1,2024-07-24,2024-08-30,False
1026,Secadora,121.19,10.0,2024-08-31,Electrodomésticos,1211.9,63,TV,5.69,2024-11-03,2024-11-28,False
1026,Secadora,121.19,10.0,2024-08-31,Electrodomésticos,1211.9,33,Email,3.8,2024-12-20,2025-01-07,False
1282,Microondas,39.87,10.0,2024-08-31,Electrodomésticos,398.7,56,Email,4.94,2024-08-06,2024-08-25,False
1282,Microondas,39.87,10.0,2024-08-31,Electrodomésticos,398.7,26,RRSS,5.0,2024-09-25,2024-10-14,False
1282,Microondas,39.87,10.0,2024-08-31,Electrodomésticos,398.7,86,TV,4.25,2024-09-25,2024-11-15,False
1523,Microondas,91.78,10.0,2024-08-31,Electrodomésticos,917.8,56,Email,4.94,2024-08-06,2024-08-25,False
1523,Microondas,91.78,10.0,2024-08-31,Electrodomésticos,917.8,26,RRSS,5.0,2024-09-25,2024-10-14,False
1523,Microondas,91.78,10.0,2024-08-31,Electrodomésticos,917.8,86,TV,4.25,2024-09-25,2024-11-15,False
2361,Parlantes Bluetooth,112.56,8.0,2024-08-31,Electrónica,900.48,84,TV,4.42,2024-04-17,2024-05-05,False
2361,Parlantes Bluetooth,112.56,8.0,2024-08-31,Electrónica,900.48,54,Email,2.95,2024-08-09,2024-09-22,True
2361,Parlantes Bluetooth,112.56,8.0,2024-08-31,Electrónica,900.48,24,RRSS,6.0,2024-09-22,2024-10-26,False
2642,Televisor,98.01,5.0,2024-08-31,Electrónica,490.05,29,RRSS,3.96,2024-05-17,2024-06-28,False
2642,Televisor,98.01,5.0,2024-08-31,Electrónica,490.05,59,Email,4.19,2024-11-20,2025-01-19,False
2642,Televisor,98.01,5.0,2024-08-31,Electrónica,490.05,89,TV,4.98,2024-12-13,2025-02-08,False
280,Adorno de pared,29.81,9.0,2024-09-01,Decoración,268.28999999999996,74,TV,4.81,2024-03-20,2024-05-03,False
280,Adorno de pared,29.81,9.0,2024-09-01,Decoración,268.28999999999996,44,Email,5.08,2024-04-13,2024-05-10,False
280,Adorno de pared,29.81,9.0,2024-09-01,Decoración,268.28999999999996,14,RRSS,4.16,2024-10-22,2024-12-21,False
487,Elementos de cerámica,30.94,5.0,2024-09-01,Decoración,154.70000000000002,22,RRSS,5.44,2024-06-26,2024-07-15,False
487,Elementos de cerámica,30.94,5.0,2024-09-01,Decoración,154.70000000000002,82,TV,5.69,2024-09-08,2024-10-12,False
487,Elementos de cerámica,30.94,5.0,2024-09-01,Decoración,154.70000000000002,52,Email,5.74,2024-09-09,2024-09-30,False
732,Cuadro decorativo,84.51,9.0,2024-09-01,Decoración,760.59,1,RRSS,5.27,2024-04-27,2024-06-04,False
732,Cuadro decorativo,84.51,9.0,2024-09-01,Decoración,760.59,31,Email,5.28,2024-08-15,2024-09-12,True
732,Cuadro decorativo,84.51,9.0,2024-09-01,Decoración,760.59,61,TV,5.3,2024-11-05,2024-12-23,False
921,Lámpara de mesa,82.78,4.0,2024-09-01,Decoración,331.12,32,Email,5.54,2024-03-28,2024-04-20,False
921,Lámpara de mesa,82.78,4.0,2024-09-01,Decoración,331.12,2,RRSS,5.88,2024-05-30,2024-06-29,False
921,Lámpara de mesa,82.78,4.0,2024-09-01,Decoración,331.12,62,TV,4.51,2024-08-26,2024-10-07,True
1218,Cafetera,38.45,9.0,2024-09-01,Electrodomésticos,346.05,49,Email,5.2,2024-06-20,2024-07-22,False
1218,Cafetera,38.45,9.0,2024-09-01,Electrodomésticos,346.05,79,TV,7.26,2024-08-13,2024-10-11,True
1218,Cafetera,38.45,9.0,2024-09-01,Electrodomésticos,346.05,19,RRSS,5.7,2024-08-19,2024-09-15,True
1684,Aspiradora,58.65,2.0,2024-09-01,Electrodomésticos,117.3,40,Email,6.24,2024-06-24,2024-08-12,False
1684,Aspiradora,58.65,2.0,2024-09-01,Electrodomésticos,117.3,10,RRSS,7.16,2024-08-19,2024-09-19,True
1684,Aspiradora,58.65,2.0,2024-09-01,Electrodomésticos,117.3,70,TV,3.06,2024-12-13,2024-12-29,False
2015,Auriculares,87.91,5.0,2024-09-01,Electrónica,439.54999999999995,47,Email,4.19,2024-06-02,2024-07-22,False
2015,Auriculares,87.91,5.0,2024-09-01,Electrónica,439.54999999999995,17,RRSS,6.06,2024-07-15,2024-08-15,False
2015,Auriculares,87.91,5.0,2024-09-01,Electrónica,439.54999999999995,77,TV,4.99,2024-11-11,2024-12-06,False
2313,Smartphone,103.95,1.0,2024-09-01,Electrónica,103.95,21,RRSS,6.37,2024-03-29,2024-05-16,False
2313,Smartphone,103.95,1.0,2024-09-01,Electrónica,103.95,51,Email,4.65,2024-05-28,2024-06-15,False
2313,Smartphone,103.95,1.0,2024-09-01,Electrónica,103.95,81,TV,4.78,2024-09-28,2024-10-24,False
2464,Tablet,69.17,9.0,2024-09-01,Electrónica,622.53,12,RRSS,3.4,2024-03-26,2024-05-13,False
2464,Tablet,69.17,9.0,2024-09-01,Electrónica,622.53,72,TV,4.9,2024-07-08,2024-09-03,True
2464,Tablet,69.17,9.0,2024-09-01,Electrónica,622.53,42,Email,4.42,2024-07-14,2024-09-03,True
78,Rincón de plantas,92.57,5.0,2024-09-02,Decoración,462.84999999999997,38,Email,5.76,2024-06-14,2024-07-15,False
78,Rincón de plantas,92.57,5.0,2024-09-02,Decoración,462.84999999999997,8,RRSS,4.88,2024-08-03,2024-08-18,False
78,Rincón de plantas,92.57,5.0,2024-09-02,Decoración,462.84999999999997,68,TV,5.81,2024-12-17,2025-02-14,False
2534,Tablet,38.12,5.0,2024-09-02,Electrónica,190.6,12,RRSS,3.4,2024-03-26,2024-05-13,False
2534,Tablet,38.12,5.0,2024-09-02,Electrónica,190.6,72,TV,4.9,2024-07-08,2024-09-03,True
2534,Tablet,38.12,5.0,2024-09-02,Electrónica,190.6,42,Email,4.42,2024-07-14,2024-09-03,True
2599,Proyector,78.72,6.0,2024-09-02,Electrónica,472.32,67,TV,3.68,2024-05-22,2024-07-12,False
2599,Proyector,78.72,6.0,2024-09-02,Electrónica,472.32,37,Email,3.22,2024-07-06,2024-07-26,False
2599,Proyector,78.72,6.0,2024-09-02,Electrónica,472.32,7,RRSS,5.57,2024-07-30,2024-08-16,False
2630,Consola de videojuegos,79.88,1.0,2024-09-02,Electrónica,79.88,50,Email,4.97,2024-05-03,2024-05-28,False
2630,Consola de videojuegos,79.88,1.0,2024-09-02,Electrónica,79.88,20,RRSS,3.16,2024-07-15,2024-08-03,False
2630,Consola de videojuegos,79.88,1.0,2024-09-02,Electrónica,79.88,80,TV,4.64,2024-11-01,2024-11-20,False
2654,Tablet,47.46,12.0,2024-09-02,Electrónica,569.52,12,RRSS,3.4,2024-03-26,2024-05-13,False
2654,Tablet,47.46,12.0,2024-09-02,Electrónica,569.52,72,TV,4.9,2024-07-08,2024-09-03,True
2654,Tablet,47.46,12.0,2024-09-02,Electrónica,569.52,42,Email,4.42,2024-07-14,2024-09-03,True
2751,Parlantes Bluetooth,70.38,8.0,2024-09-02,Electrónica,563.04,84,TV,4.42,2024-04-17,2024-05-05,False
2751,Parlantes Bluetooth,70.38,8.0,2024-09-02,Electrónica,563.04,54,Email,2.95,2024-08-09,2024-09-22,True
2751,Parlantes Bluetooth,70.38,8.0,2024-09-02,Electrónica,563.04,24,RRSS,6.0,2024-09-22,2024-10-26,False
2779,Proyector,121.82,8.0,2024-09-02,Electrónica,974.56,67,TV,3.68,2024-05-22,2024-07-12,False
2779,Proyector,121.82,8.0,2024-09-02,Electrónica,974.56,37,Email,3.22,2024-07-06,2024-07-26,False
2779,Proyector,121.82,8.0,2024-09-02,Electrónica,974.56,7,RRSS,5.57,2024-07-30,2024-08-16,False
447,Elementos de cerámica,88.98,1.0,2024-09-03,Decoración,88.98,22,RRSS,5.44,2024-06-26,2024-07-15,False
447,Elementos de cerámica,88.98,1.0,2024-09-03,Decoración,88.98,82,TV,5.69,2024-09-08,2024-10-12,False
447,Elementos de cerámica,88.98,1.0,2024-09-03,Decoración,88.98,52,Email,5.74,2024-09-09,2024-09-30,False
644,Jarrón decorativo,72.73,2.0,2024-09-03,Decoración,145.46,15,RRSS,4.65,2024-05-09,2024-06-13,False
644,Jarrón decorativo,72.73,2.0,2024-09-03,Decoración,145.46,45,Email,4.52,2024-06-05,2024-07-31,False
644,Jarrón decorativo,72.73,2.0,2024-09-03,Decoración,145.46,75,TV,4.1,2024-11-03,2024-12-25,False
2049,Proyector,80.4,7.0,2024-09-03,Electrónica,562.8000000000001,67,TV,3.68,2024-05-22,2024-07-12,False
2049,Proyector,80.4,7.0,2024-09-03,Electrónica,562.8000000000001,37,Email,3.22,2024-07-06,2024-07-26,False
2049,Proyector,80.4,7.0,2024-09-03,Electrónica,562.8000000000001,7,RRSS,5.57,2024-07-30,2024-08-16,False
2195,Auriculares,122.51,11.0,2024-09-03,Electrónica,1347.6100000000001,47,Email,4.19,2024-06-02,2024-07-22,False
2195,Auriculares,122.51,11.0,2024-09-03,Electrónica,1347.6100000000001,17,RRSS,6.06,2024-07-15,2024-08-15,False
2195,Auriculares,122.51,11.0,2024-09-03,Electrónica,1347.6100000000001,77,TV,4.99,2024-11-11,2024-12-06,False
2796,Laptop,58.48,6.0,2024-09-03,Electrónica,350.88,60,Email,4.89,2024-09-28,2024-10-27,False
2796,Laptop,58.48,6.0,2024-09-03,Electrónica,350.88,30,RRSS,4.68,2024-10-23,2024-11-24,False
2796,Laptop,58.48,6.0,2024-09-03,Electrónica,350.88,90,TV,5.62,2024-11-16,2025-01-13,False
2969,Proyector,26.99,2.0,2024-09-03,Electrónica,53.98,67,TV,3.68,2024-05-22,2024-07-12,False
2969,Proyector,26.99,2.0,2024-09-03,Electrónica,53.98,37,Email,3.22,2024-07-06,2024-07-26,False
2969,Proyector,26.99,2.0,2024-09-03,Electrónica,53.98,7,RRSS,5.57,2024-07-30,2024-08-16,False
2760,Consola de videojuegos,78.13,7.0,2024-09-04,Electrónica,546.91,50,Email,4.97,2024-05-03,2024-05-28,False
2760,Consola de videojuegos,78.13,7.0,2024-09-04,Electrónica,546.91,20,RRSS,3.16,2024-07-15,2024-08-03,False
2760,Consola de videojuegos,78.13,7.0,2024-09-04,Electrónica,546.91,80,TV,4.64,2024-11-01,2024-11-20,False
664,Jarrón decorativo,100.66,6.0,2024-09-05,Decoración,603.96,15,RRSS,4.65,2024-05-09,2024-06-13,False
664,Jarrón decorativo,100.66,6.0,2024-09-05,Decoración,603.96,45,Email,4.52,2024-06-05,2024-07-31,False
664,Jarrón decorativo,100.66,6.0,2024-09-05,Decoración,603.96,75,TV,4.1,2024-11-03,2024-12-25,False
1149,Batidora,34.05,8.0,2024-09-05,Electrodomésticos,272.4,57,Email,4.48,2024-04-10,2024-06-08,False
1149,Batidora,34.05,8.0,2024-09-05,Electrodomésticos,272.4,87,TV,6.28,2024-08-27,2024-10-11,True
1149,Batidora,34.05,8.0,2024-09-05,Electrodomésticos,272.4,27,RRSS,4.52,2024-11-01,2024-12-08,False
1207,Horno eléctrico,39.34,3.0,2024-09-05,Electrodomésticos,118.02000000000001,35,Email,5.65,2024-07-31,2024-09-29,True
1207,Horno eléctrico,39.34,3.0,2024-09-05,Electrodomésticos,118.02000000000001,5,RRSS,5.16,2024-08-22,2024-10-17,True
1207,Horno eléctrico,39.34,3.0,2024-09-05,Electrodomésticos,118.02000000000001,65,TV,3.08,2024-10-23,2024-12-11,False
1285,Lavadora,103.55,5.0,2024-09-05,Electrodomésticos,517.75,46,Email,3.63,2024-05-12,2024-05-29,False
1285,Lavadora,103.55,5.0,2024-09-05,Electrodomésticos,517.75,76,TV,4.66,2024-05-26,2024-07-02,False
1285,Lavadora,103.55,5.0,2024-09-05,Electrodomésticos,517.75,16,RRSS,3.56,2024-08-14,2024-09-20,True
1861,Freidora eléctrica,110.19,7.0,2024-09-05,Electrodomésticos,771.3299999999999,71,TV,4.37,2024-06-05,2024-07-24,False
1861,Freidora eléctrica,110.19,7.0,2024-09-05,Electrodomésticos,771.3299999999999,41,Email,3.92,2024-11-23,2025-01-01,False
1861,Freidora eléctrica,110.19,7.0,2024-09-05,Electrodomésticos,771.3299999999999,11,RRSS,5.27,2024-12-29,2025-01-21,False
2219,Proyector,65.3,5.0,2024-09-05,Electrónica,326.5,67,TV,3.68,2024-05-22,2024-07-12,False
2219,Proyector,65.3,5.0,2024-09-05,Electrónica,326.5,37,Email,3.22,2024-07-06,2024-07-26,False
2219,Proyector,65.3,5.0,2024-09-05,Electrónica,326.5,7,RRSS,5.57,2024-07-30,2024-08-16,False
2434,Tablet,28.32,9.0,2024-09-05,Electrónica,254.88,12,RRSS,3.4,2024-03-26,2024-05-13,False
2434,Tablet,28.32,9.0,2024-09-05,Electrónica,254.88,72,TV,4.9,2024-07-08,2024-09-03,False
2434,Tablet,28.32,9.0,2024-09-05,Electrónica,254.88,42,Email,4.42,2024-07-14,2024-09-03,False
2936,Laptop,124.04,3.0,2024-09-05,Electrónica,372.12,60,Email,4.89,2024-09-28,2024-10-27,False
2936,Laptop,124.04,3.0,2024-09-05,Electrónica,372.12,30,RRSS,4.68,2024-10-23,2024-11-24,False
2936,Laptop,124.04,3.0,2024-09-05,Electrónica,372.12,90,TV,5.62,2024-11-16,2025-01-13,False
176,Cortinas,56.9,6.0,2024-09-06,Decoración,341.4,43,Email,5.67,2024-05-02,2024-06-17,False
176,Cortinas,56.9,6.0,2024-09-06,Decoración,341.4,73,TV,6.47,2024-08-17,2024-09-26,True
176,Cortinas,56.9,6.0,2024-09-06,Decoración,341.4,13,RRSS,5.22,2024-09-16,2024-10-15,False
216,Cortinas,124.97,6.0,2024-09-06,Decoración,749.8199999999999,43,Email,5.67,2024-05-02,2024-06-17,False
216,Cortinas,124.97,6.0,2024-09-06,Decoración,749.8199999999999,73,TV,6.47,2024-08-17,2024-09-26,True
216,Cortinas,124.97,6.0,2024-09-06,Decoración,749.8199999999999,13,RRSS,5.22,2024-09-16,2024-10-15,False
467,Elementos de cerámica,120.79,12.0,2024-09-06,Decoración,1449.48,22,RRSS,5.44,2024-06-26,2024-07-15,False
467,Elementos de cerámica,120.79,12.0,2024-09-06,Decoración,1449.48,82,TV,5.69,2024-09-08,2024-10-12,False
467,Elementos de cerámica,120.79,12.0,2024-09-06,Decoración,1449.48,52,Email,5.74,2024-09-09,2024-09-30,False
515,Alfombra,34.54,10.0,2024-09-06,Decoración,345.4,58,Email,4.25,2024-03-31,2024-05-05,False
515,Alfombra,34.54,10.0,2024-09-06,Decoración,345.4,88,TV,7.39,2024-07-25,2024-08-31,False
515,Alfombra,34.54,10.0,2024-09-06,Decoración,345.4,28,RRSS,5.82,2024-11-27,2025-01-08,False
665,Alfombra,60.18,7.0,2024-09-06,Decoración,421.26,58,Email,4.25,2024-03-31,2024-05-05,False
665,Alfombra,60.18,7.0,2024-09-06,Decoración,421.26,88,TV,7.39,2024-07-25,2024-08-31,False
665,Alfombra,60.18,7.0,2024-09-06,Decoración,421.26,28,RRSS,5.82,2024-11-27,2025-01-08,False
1255,Lavadora,27.12,7.0,2024-09-06,Electrodomésticos,189.84,46,Email,3.63,2024-05-12,2024-05-29,False
1255,Lavadora,27.12,7.0,2024-09-06,Electrodomésticos,189.84,76,TV,4.66,2024-05-26,2024-07-02,False
1255,Lavadora,27.12,7.0,2024-09-06,Electrodomésticos,189.84,16,RRSS,3.56,2024-08-14,2024-09-20,True
1760,Plancha de vapor,60.45,6.0,2024-09-06,Electrodomésticos,362.70000000000005,36,Email,5.41,2024-04-02,2024-06-01,False
1760,Plancha de vapor,60.45,6.0,2024-09-06,Electrodomésticos,362.70000000000005,6,RRSS,4.02,2024-09-24,2024-11-02,False
1760,Plancha de vapor,60.45,6.0,2024-09-06,Electrodomésticos,362.70000000000005,66,TV,4.69,2024-10-04,2024-10-23,False
1895,Lavadora,30.3,9.0,2024-09-06,Electrodomésticos,272.7,46,Email,3.63,2024-05-12,2024-05-29,False
1895,Lavadora,30.3,9.0,2024-09-06,Electrodomésticos,272.7,76,TV,4.66,2024-05-26,2024-07-02,False
1895,Lavadora,30.3,9.0,2024-09-06,Electrodomésticos,272.7,16,RRSS,3.56,2024-08-14,2024-09-20,True
2405,Auriculares,109.22,8.0,2024-09-06,Electrónica,873.76,47,Email,4.19,2024-06-02,2024-07-22,False
2405,Auriculares,109.22,8.0,2024-09-06,Electrónica,873.76,17,RRSS,6.06,2024-07-15,2024-08-15,False
2405,Auriculares,109.22,8.0,2024-09-06,Electrónica,873.76,77,TV,4.99,2024-11-11,2024-12-06,False
2453,Smartphone,116.35,6.0,2024-09-06,Electrónica,698.0999999999999,21,RRSS,6.37,2024-03-29,2024-05-16,False
2453,Smartphone,116.35,6.0,2024-09-06,Electrónica,698.0999999999999,51,Email,4.65,2024-05-28,2024-06-15,False
2453,Smartphone,116.35,6.0,2024-09-06,Electrónica,698.0999999999999,81,TV,4.78,2024-09-28,2024-10-24,False
2616,Laptop,79.05,4.0,2024-09-06,Electrónica,316.2,60,Email,4.89,2024-09-28,2024-10-27,False
2616,Laptop,79.05,4.0,2024-09-06,Electrónica,316.2,30,RRSS,4.68,2024-10-23,2024-11-24,False
2616,Laptop,79.05,4.0,2024-09-06,Electrónica,316.2,90,TV,5.62,2024-11-16,2025-01-13,False
2644,Tablet,80.89,8.0,2024-09-06,Electrónica,647.12,12,RRSS,3.4,2024-03-26,2024-05-13,False
2644,Tablet,80.89,8.0,2024-09-06,Electrónica,647.12,72,TV,4.9,2024-07-08,2024-09-03,False
2644,Tablet,80.89,8.0,2024-09-06,Electrónica,647.12,42,Email,4.42,2024-07-14,2024-09-03,False
2702,Televisor,32.05,6.0,2024-09-06,Electrónica,192.29999999999998,29,RRSS,3.96,2024-05-17,2024-06-28,False
2702,Televisor,32.05,6.0,2024-09-06,Electrónica,192.29999999999998,59,Email,4.19,2024-11-20,2025-01-19,False
2702,Televisor,32.05,6.0,2024-09-06,Electrónica,192.29999999999998,89,TV,4.98,2024-12-13,2025-02-08,False
99,Lámpara de mesa,51.99,6.0,2024-09-07,Decoración,311.94,32,Email,5.54,2024-03-28,2024-04-20,False
99,Lámpara de mesa,51.99,6.0,2024-09-07,Decoración,311.94,2,RRSS,5.88,2024-05-30,2024-06-29,False
99,Lámpara de mesa,51.99,6.0,2024-09-07,Decoración,311.94,62,TV,4.51,2024-08-26,2024-10-07,True
519,Lámpara de mesa,70.62,3.0,2024-09-07,Decoración,211.86,32,Email,5.54,2024-03-28,2024-04-20,False
519,Lámpara de mesa,70.62,3.0,2024-09-07,Decoración,211.86,2,RRSS,5.88,2024-05-30,2024-06-29,False
519,Lámpara de mesa,70.62,3.0,2024-09-07,Decoración,211.86,62,TV,4.51,2024-08-26,2024-10-07,True
593,Espejo decorativo,54.7,6.0,2024-09-07,Decoración,328.20000000000005,83,TV,5.24,2024-05-31,2024-07-08,False
593,Espejo decorativo,54.7,6.0,2024-09-07,Decoración,328.20000000000005,53,Email,4.9,2024-07-17,2024-08-01,False
593,Espejo decorativo,54.7,6.0,2024-09-07,Decoración,328.20000000000005,23,RRSS,4.75,2024-08-28,2024-10-17,True
607,Elementos de cerámica,52.8,4.0,2024-09-07,Decoración,211.2,22,RRSS,5.44,2024-06-26,2024-07-15,False
607,Elementos de cerámica,52.8,4.0,2024-09-07,Decoración,211.2,82,TV,5.69,2024-09-08,2024-10-12,False
607,Elementos de cerámica,52.8,4.0,2024-09-07,Decoración,211.2,52,Email,5.74,2024-09-09,2024-09-30,False
1171,Freidora eléctrica,47.85,9.0,2024-09-07,Electrodomésticos,430.65000000000003,71,TV,4.37,2024-06-05,2024-07-24,False
1171,Freidora eléctrica,47.85,9.0,2024-09-07,Electrodomésticos,430.65000000000003,41,Email,3.92,2024-11-23,2025-01-01,False
1171,Freidora eléctrica,47.85,9.0,2024-09-07,Electrodomésticos,430.65000000000003,11,RRSS,5.27,2024-12-29,2025-01-21,False
1383,Microondas,91.39,6.0,2024-09-07,Electrodomésticos,548.34,56,Email,4.94,2024-08-06,2024-08-25,False
1383,Microondas,91.39,6.0,2024-09-07,Electrodomésticos,548.34,26,RRSS,5.0,2024-09-25,2024-10-14,False
1383,Microondas,91.39,6.0,2024-09-07,Electrodomésticos,548.34,86,TV,4.25,2024-09-25,2024-11-15,False
2716,Laptop,28.73,3.0,2024-09-07,Electrónica,86.19,60,Email,4.89,2024-09-28,2024-10-27,False
2716,Laptop,28.73,3.0,2024-09-07,Electrónica,86.19,30,RRSS,4.68,2024-10-23,2024-11-24,False
2716,Laptop,28.73,3.0,2024-09-07,Electrónica,86.19,90,TV,5.62,2024-11-16,2025-01-13,False
1184,Aspiradora,69.85,3.0,2024-09-08,Electrodomésticos,209.54999999999998,40,Email,6.24,2024-06-24,2024-08-12,False
1184,Aspiradora,69.85,3.0,2024-09-08,Electrodomésticos,209.54999999999998,10,RRSS,7.16,2024-08-19,2024-09-19,True
1184,Aspiradora,69.85,3.0,2024-09-08,Electrodomésticos,209.54999999999998,70,TV,3.06,2024-12-13,2024-12-29,False
1399,Batidora,110.91,8.0,2024-09-08,Electrodomésticos,887.28,57,Email,4.48,2024-04-10,2024-06-08,False
1399,Batidora,110.91,8.0,2024-09-08,Electrodomésticos,887.28,87,TV,6.28,2024-08-27,2024-10-11,True
1399,Batidora,110.91,8.0,2024-09-08,Electrodomésticos,887.28,27,RRSS,4.52,2024-11-01,2024-12-08,False
1440,Plancha de vapor,118.21,7.0,2024-09-08,Electrodomésticos,827.4699999999999,36,Email,5.41,2024-04-02,2024-06-01,False
1440,Plancha de vapor,118.21,7.0,2024-09-08,Electrodomésticos,827.4699999999999,6,RRSS,4.02,2024-09-24,2024-11-02,False
1440,Plancha de vapor,118.21,7.0,2024-09-08,Electrodomésticos,827.4699999999999,66,TV,4.69,2024-10-04,2024-10-23,False
1486,Secadora,90.49,5.0,2024-09-08,Electrodomésticos,452.45,3,RRSS,5.1,2024-07-24,2024-08-30,False
1486,Secadora,90.49,5.0,2024-09-08,Electrodomésticos,452.45,63,TV,5.69,2024-11-03,2024-11-28,False
1486,Secadora,90.49,5.0,2024-09-08,Electrodomésticos,452.45,33,Email,3.8,2024-12-20,2025-01-07,False
2181,Parlantes Bluetooth,56.03,12.0,2024-09-08,Electrónica,672.36,84,TV,4.42,2024-04-17,2024-05-05,False
2181,Parlantes Bluetooth,56.03,12.0,2024-09-08,Electrónica,672.36,54,Email,2.95,2024-08-09,2024-09-22,True
2181,Parlantes Bluetooth,56.03,12.0,2024-09-08,Electrónica,672.36,24,RRSS,6.0,2024-09-22,2024-10-26,False
2193,Smartphone,55.63,3.0,2024-09-08,Electrónica,166.89000000000001,21,RRSS,6.37,2024-03-29,2024-05-16,False
2193,Smartphone,55.63,3.0,2024-09-08,Electrónica,166.89000000000001,51,Email,4.65,2024-05-28,2024-06-15,False
2193,Smartphone,55.63,3.0,2024-09-08,Electrónica,166.89000000000001,81,TV,4.78,2024-09-28,2024-10-24,False
2205,Auriculares,70.24,6.0,2024-09-08,Electrónica,421.43999999999994,47,Email,4.19,2024-06-02,2024-07-22,False
2205,Auriculares,70.24,6.0,2024-09-08,Electrónica,421.43999999999994,17,RRSS,6.06,2024-07-15,2024-08-15,False
2205,Auriculares,70.24,6.0,2024-09-08,Electrónica,421.43999999999994,77,TV,4.99,2024-11-11,2024-12-06,False
2360,Consola de videojuegos,43.59,7.0,2024-09-08,Electrónica,305.13,50,Email,4.97,2024-05-03,2024-05-28,False
2360,Consola de videojuegos,43.59,7.0,2024-09-08,Electrónica,305.13,20,RRSS,3.16,2024-07-15,2024-08-03,False
2360,Consola de videojuegos,43.59,7.0,2024-09-08,Electrónica,305.13,80,TV,4.64,2024-11-01,2024-11-20,False
2723,Smartphone,119.21,11.0,2024-09-08,Electrónica,1311.31,21,RRSS,6.37,2024-03-29,2024-05-16,False
2723,Smartphone,119.21,11.0,2024-09-08,Electrónica,1311.31,51,Email,4.65,2024-05-28,2024-06-15,False
2723,Smartphone,119.21,11.0,2024-09-08,Electrónica,1311.31,81,TV,4.78,2024-09-28,2024-10-24,False
118,Rincón de plantas,107.62,6.0,2024-09-09,Decoración,645.72,38,Email,5.76,2024-06-14,2024-07-15,False
118,Rincón de plantas,107.62,6.0,2024-09-09,Decoración,645.72,8,RRSS,4.88,2024-08-03,2024-08-18,False
118,Rincón de plantas,107.62,6.0,2024-09-09,Decoración,645.72,68,TV,5.81,2024-12-17,2025-02-14,False
399,Lámpara de mesa,35.92,10.0,2024-09-09,Decoración,359.20000000000005,32,Email,5.54,2024-03-28,2024-04-20,False
399,Lámpara de mesa,35.92,10.0,2024-09-09,Decoración,359.20000000000005,2,RRSS,5.88,2024-05-30,2024-06-29,False
399,Lámpara de mesa,35.92,10.0,2024-09-09,Decoración,359.20000000000005,62,TV,4.51,2024-08-26,2024-10-07,True
402,Cuadro decorativo,66.46,9.0,2024-09-09,Decoración,598.14,1,RRSS,5.27,2024-04-27,2024-06-04,False
402,Cuadro decorativo,66.46,9.0,2024-09-09,Decoración,598.14,31,Email,5.28,2024-08-15,2024-09-12,True
402,Cuadro decorativo,66.46,9.0,2024-09-09,Decoración,598.14,61,TV,5.3,2024-11-05,2024-12-23,False
958,Rincón de plantas,118.75,1.0,2024-09-09,Decoración,118.75,38,Email,5.76,2024-06-14,2024-07-15,False
958,Rincón de plantas,118.75,1.0,2024-09-09,Decoración,118.75,8,RRSS,4.88,2024-08-03,2024-08-18,False
958,Rincón de plantas,118.75,1.0,2024-09-09,Decoración,118.75,68,TV,5.81,2024-12-17,2025-02-14,False
1053,Microondas,112.78,10.0,2024-09-09,Electrodomésticos,1127.8,56,Email,4.94,2024-08-06,2024-08-25,False
1053,Microondas,112.78,10.0,2024-09-09,Electrodomésticos,1127.8,26,RRSS,5.0,2024-09-25,2024-10-14,False
1053,Microondas,112.78,10.0,2024-09-09,Electrodomésticos,1127.8,86,TV,4.25,2024-09-25,2024-11-15,False
1954,Aspiradora,79.88,3.0,2024-09-09,Electrodomésticos,239.64,40,Email,6.24,2024-06-24,2024-08-12,False
1954,Aspiradora,79.88,3.0,2024-09-09,Electrodomésticos,239.64,10,RRSS,7.16,2024-08-19,2024-09-19,True
1954,Aspiradora,79.88,3.0,2024-09-09,Electrodomésticos,239.64,70,TV,3.06,2024-12-13,2024-12-29,False
2066,Laptop,113.84,2.0,2024-09-09,Electrónica,227.68,60,Email,4.89,2024-09-28,2024-10-27,False
2066,Laptop,113.84,2.0,2024-09-09,Electrónica,227.68,30,RRSS,4.68,2024-10-23,2024-11-24,False
2066,Laptop,113.84,2.0,2024-09-09,Electrónica,227.68,90,TV,5.62,2024-11-16,2025-01-13,False
2384,Tablet,70.83,6.0,2024-09-09,Electrónica,424.98,12,RRSS,3.4,2024-03-26,2024-05-13,False
2384,Tablet,70.83,6.0,2024-09-09,Electrónica,424.98,72,TV,4.9,2024-07-08,2024-09-03,False
2384,Tablet,70.83,6.0,2024-09-09,Electrónica,424.98,42,Email,4.42,2024-07-14,2024-09-03,False
34,Jarrón decorativo,124.77,1.0,2024-09-10,Decoración,124.77,15,RRSS,4.65,2024-05-09,2024-06-13,False
34,Jarrón decorativo,124.77,1.0,2024-09-10,Decoración,124.77,45,Email,4.52,2024-06-05,2024-07-31,False
34,Jarrón decorativo,124.77,1.0,2024-09-10,Decoración,124.77,75,TV,4.1,2024-11-03,2024-12-25,False
468,Rincón de plantas,48.64,11.0,2024-09-10,Decoración,535.04,38,Email,5.76,2024-06-14,2024-07-15,False
468,Rincón de plantas,48.64,11.0,2024-09-10,Decoración,535.04,8,RRSS,4.88,2024-08-03,2024-08-18,False
468,Rincón de plantas,48.64,11.0,2024-09-10,Decoración,535.04,68,TV,5.81,2024-12-17,2025-02-14,False
574,Jarrón decorativo,60.15,3.0,2024-09-10,Decoración,180.45,15,RRSS,4.65,2024-05-09,2024-06-13,False
574,Jarrón decorativo,60.15,3.0,2024-09-10,Decoración,180.45,45,Email,4.52,2024-06-05,2024-07-31,False
574,Jarrón decorativo,60.15,3.0,2024-09-10,Decoración,180.45,75,TV,4.1,2024-11-03,2024-12-25,False
818,Rincón de plantas,51.02,6.0,2024-09-10,Decoración,306.12,38,Email,5.76,2024-06-14,2024-07-15,False
818,Rincón de plantas,51.02,6.0,2024-09-10,Decoración,306.12,8,RRSS,4.88,2024-08-03,2024-08-18,False
818,Rincón de plantas,51.02,6.0,2024-09-10,Decoración,306.12,68,TV,5.81,2024-12-17,2025-02-14,False
1391,Freidora eléctrica,56.75,2.0,2024-09-10,Electrodomésticos,113.5,71,TV,4.37,2024-06-05,2024-07-24,False
1391,Freidora eléctrica,56.75,2.0,2024-09-10,Electrodomésticos,113.5,41,Email,3.92,2024-11-23,2025-01-01,False
1391,Freidora eléctrica,56.75,2.0,2024-09-10,Electrodomésticos,113.5,11,RRSS,5.27,2024-12-29,2025-01-21,False
1490,Plancha de vapor,57.93,6.0,2024-09-10,Electrodomésticos,347.58,36,Email,5.41,2024-04-02,2024-06-01,False
1490,Plancha de vapor,57.93,6.0,2024-09-10,Electrodomésticos,347.58,6,RRSS,4.02,2024-09-24,2024-11-02,False
1490,Plancha de vapor,57.93,6.0,2024-09-10,Electrodomésticos,347.58,66,TV,4.69,2024-10-04,2024-10-23,False
1573,Microondas,121.44,4.0,2024-09-10,Electrodomésticos,485.76,56,Email,4.94,2024-08-06,2024-08-25,False
1573,Microondas,121.44,4.0,2024-09-10,Electrodomésticos,485.76,26,RRSS,5.0,2024-09-25,2024-10-14,False
1573,Microondas,121.44,4.0,2024-09-10,Electrodomésticos,485.76,86,TV,4.25,2024-09-25,2024-11-15,False
41,Lámpara de mesa,66.37,8.0,2024-09-11,Decoración,530.96,32,Email,5.54,2024-03-28,2024-04-20,False
41,Lámpara de mesa,66.37,8.0,2024-09-11,Decoración,530.96,2,RRSS,5.88,2024-05-30,2024-06-29,False
41,Lámpara de mesa,66.37,8.0,2024-09-11,Decoración,530.96,62,TV,4.51,2024-08-26,2024-10-07,True
572,Cuadro decorativo,35.88,5.0,2024-09-11,Decoración,179.4,1,RRSS,5.27,2024-04-27,2024-06-04,False
572,Cuadro decorativo,35.88,5.0,2024-09-11,Decoración,179.4,31,Email,5.28,2024-08-15,2024-09-12,True
572,Cuadro decorativo,35.88,5.0,2024-09-11,Decoración,179.4,61,TV,5.3,2024-11-05,2024-12-23,False
814,Jarrón decorativo,67.08,12.0,2024-09-11,Decoración,804.96,15,RRSS,4.65,2024-05-09,2024-06-13,False
814,Jarrón decorativo,67.08,12.0,2024-09-11,Decoración,804.96,45,Email,4.52,2024-06-05,2024-07-31,False
814,Jarrón decorativo,67.08,12.0,2024-09-11,Decoración,804.96,75,TV,4.1,2024-11-03,2024-12-25,False
1404,Aspiradora,76.1,11.0,2024-09-11,Electrodomésticos,837.0999999999999,40,Email,6.24,2024-06-24,2024-08-12,False
1404,Aspiradora,76.1,11.0,2024-09-11,Electrodomésticos,837.0999999999999,10,RRSS,7.16,2024-08-19,2024-09-19,True
1404,Aspiradora,76.1,11.0,2024-09-11,Electrodomésticos,837.0999999999999,70,TV,3.06,2024-12-13,2024-12-29,False
1643,Microondas,32.4,12.0,2024-09-11,Electrodomésticos,388.79999999999995,56,Email,4.94,2024-08-06,2024-08-25,False
1643,Microondas,32.4,12.0,2024-09-11,Electrodomésticos,388.79999999999995,26,RRSS,5.0,2024-09-25,2024-10-14,False
1643,Microondas,32.4,12.0,2024-09-11,Electrodomésticos,388.79999999999995,86,TV,4.25,2024-09-25,2024-11-15,False
2327,Cámara digital,100.2,12.0,2024-09-11,Electrónica,1202.4,18,RRSS,5.46,2024-07-16,2024-09-13,True
2327,Cámara digital,100.2,12.0,2024-09-11,Electrónica,1202.4,78,TV,4.1,2024-08-02,2024-09-20,True
2327,Cámara digital,100.2,12.0,2024-09-11,Electrónica,1202.4,48,Email,6.84,2024-10-31,2024-12-09,False
2346,Laptop,104.85,3.0,2024-09-11,Electrónica,314.54999999999995,60,Email,4.89,2024-09-28,2024-10-27,False
2346,Laptop,104.85,3.0,2024-09-11,Electrónica,314.54999999999995,30,RRSS,4.68,2024-10-23,2024-11-24,False
2346,Laptop,104.85,3.0,2024-09-11,Electrónica,314.54999999999995,90,TV,5.62,2024-11-16,2025-01-13,False
377,Elementos de cerámica,73.34,9.0,2024-09-12,Decoración,660.0600000000001,22,RRSS,5.44,2024-06-26,2024-07-15,False
377,Elementos de cerámica,73.34,9.0,2024-09-12,Decoración,660.0600000000001,82,TV,5.69,2024-09-08,2024-10-12,True
377,Elementos de cerámica,73.34,9.0,2024-09-12,Decoración,660.0600000000001,52,Email,5.74,2024-09-09,2024-09-30,True
724,Jarrón decorativo,76.28,11.0,2024-09-12,Decoración,839.08,15,RRSS,4.65,2024-05-09,2024-06-13,False
724,Jarrón decorativo,76.28,11.0,2024-09-12,Decoración,839.08,45,Email,4.52,2024-06-05,2024-07-31,False
724,Jarrón decorativo,76.28,11.0,2024-09-12,Decoración,839.08,75,TV,4.1,2024-11-03,2024-12-25,False
856,Cortinas,86.85,2.0,2024-09-12,Decoración,173.7,43,Email,5.67,2024-05-02,2024-06-17,False
856,Cortinas,86.85,2.0,2024-09-12,Decoración,173.7,73,TV,6.47,2024-08-17,2024-09-26,True
856,Cortinas,86.85,2.0,2024-09-12,Decoración,173.7,13,RRSS,5.22,2024-09-16,2024-10-15,False
935,Alfombra,97.17,5.0,2024-09-12,Decoración,485.85,58,Email,4.25,2024-03-31,2024-05-05,False
935,Alfombra,97.17,5.0,2024-09-12,Decoración,485.85,88,TV,7.39,2024-07-25,2024-08-31,False
935,Alfombra,97.17,5.0,2024-09-12,Decoración,485.85,28,RRSS,5.82,2024-11-27,2025-01-08,False
1166,Secadora,26.96,2.0,2024-09-12,Electrodomésticos,53.92,3,RRSS,5.1,2024-07-24,2024-08-30,False
1166,Secadora,26.96,2.0,2024-09-12,Electrodomésticos,53.92,63,TV,5.69,2024-11-03,2024-11-28,False
1166,Secadora,26.96,2.0,2024-09-12,Electrodomésticos,53.92,33,Email,3.8,2024-12-20,2025-01-07,False
1270,Plancha de vapor,74.28,1.0,2024-09-12,Electrodomésticos,74.28,36,Email,5.41,2024-04-02,2024-06-01,False
1270,Plancha de vapor,74.28,1.0,2024-09-12,Electrodomésticos,74.28,6,RRSS,4.02,2024-09-24,2024-11-02,False
1270,Plancha de vapor,74.28,1.0,2024-09-12,Electrodomésticos,74.28,66,TV,4.69,2024-10-04,2024-10-23,False
1432,Microondas,78.03,8.0,2024-09-12,Electrodomésticos,624.24,56,Email,4.94,2024-08-06,2024-08-25,False
1432,Microondas,78.03,8.0,2024-09-12,Electrodomésticos,624.24,26,RRSS,5.0,2024-09-25,2024-10-14,False
1432,Microondas,78.03,8.0,2024-09-12,Electrodomésticos,624.24,86,TV,4.25,2024-09-25,2024-11-15,False
2279,Proyector,85.53,10.0,2024-09-12,Electrónica,855.3,67,TV,3.68,2024-05-22,2024-07-12,False
2279,Proyector,85.53,10.0,2024-09-12,Electrónica,855.3,37,Email,3.22,2024-07-06,2024-07-26,False
2279,Proyector,85.53,10.0,2024-09-12,Electrónica,855.3,7,RRSS,5.57,2024-07-30,2024-08-16,False
2471,Parlantes Bluetooth,108.48,1.0,2024-09-12,Electrónica,108.48,84,TV,4.42,2024-04-17,2024-05-05,False
2471,Parlantes Bluetooth,108.48,1.0,2024-09-12,Electrónica,108.48,54,Email,2.95,2024-08-09,2024-09-22,True
2471,Parlantes Bluetooth,108.48,1.0,2024-09-12,Electrónica,108.48,24,RRSS,6.0,2024-09-22,2024-10-26,False
2497,Cámara digital,49.95,5.0,2024-09-12,Electrónica,249.75,18,RRSS,5.46,2024-07-16,2024-09-13,True
2497,Cámara digital,49.95,5.0,2024-09-12,Electrónica,249.75,78,TV,4.1,2024-08-02,2024-09-20,True
2497,Cámara digital,49.95,5.0,2024-09-12,Electrónica,249.75,48,Email,6.84,2024-10-31,2024-12-09,False
2720,Consola de videojuegos,73.08,7.0,2024-09-12,Electrónica,511.56,50,Email,4.97,2024-05-03,2024-05-28,False
2720,Consola de videojuegos,73.08,7.0,2024-09-12,Electrónica,511.56,20,RRSS,3.16,2024-07-15,2024-08-03,False
2720,Consola de videojuegos,73.08,7.0,2024-09-12,Electrónica,511.56,80,TV,4.64,2024-11-01,2024-11-20,False
2828,SmartWatch,35.18,12.0,2024-09-12,Electrónica,422.15999999999997,85,TV,5.07,2024-04-01,2024-05-05,False
2828,SmartWatch,35.18,12.0,2024-09-12,Electrónica,422.15999999999997,55,Email,4.59,2024-10-13,2024-12-06,False
2828,SmartWatch,35.18,12.0,2024-09-12,Electrónica,422.15999999999997,25,RRSS,4.84,2024-11-23,2024-12-29,False
357,Elementos de cerámica,45.05,7.0,2024-09-13,Decoración,315.34999999999997,22,RRSS,5.44,2024-06-26,2024-07-15,False
357,Elementos de cerámica,45.05,7.0,2024-09-13,Decoración,315.34999999999997,82,TV,5.69,2024-09-08,2024-10-12,True
357,Elementos de cerámica,45.05,7.0,2024-09-13,Decoración,315.34999999999997,52,Email,5.74,2024-09-09,2024-09-30,True
682,Cuadro decorativo,111.41,11.0,2024-09-13,Decoración,1225.51,1,RRSS,5.27,2024-04-27,2024-06-04,False
682,Cuadro decorativo,111.41,11.0,2024-09-13,Decoración,1225.51,31,Email,5.28,2024-08-15,2024-09-12,False
682,Cuadro decorativo,111.41,11.0,2024-09-13,Decoración,1225.51,61,TV,5.3,2024-11-05,2024-12-23,False
943,Espejo decorativo,59.88,4.0,2024-09-13,Decoración,239.52,83,TV,5.24,2024-05-31,2024-07-08,False
943,Espejo decorativo,59.88,4.0,2024-09-13,Decoración,239.52,53,Email,4.9,2024-07-17,2024-08-01,False
943,Espejo decorativo,59.88,4.0,2024-09-13,Decoración,239.52,23,RRSS,4.75,2024-08-28,2024-10-17,True
1412,Microondas,124.18,9.0,2024-09-13,Electrodomésticos,1117.6200000000001,56,Email,4.94,2024-08-06,2024-08-25,False
1412,Microondas,124.18,9.0,2024-09-13,Electrodomésticos,1117.6200000000001,26,RRSS,5.0,2024-09-25,2024-10-14,False
1412,Microondas,124.18,9.0,2024-09-13,Electrodomésticos,1117.6200000000001,86,TV,4.25,2024-09-25,2024-11-15,False
1551,Freidora eléctrica,49.4,9.0,2024-09-13,Electrodomésticos,444.59999999999997,71,TV,4.37,2024-06-05,2024-07-24,False
1551,Freidora eléctrica,49.4,9.0,2024-09-13,Electrodomésticos,444.59999999999997,41,Email,3.92,2024-11-23,2025-01-01,False
1551,Freidora eléctrica,49.4,9.0,2024-09-13,Electrodomésticos,444.59999999999997,11,RRSS,5.27,2024-12-29,2025-01-21,False
1706,Secadora,66.86,5.0,2024-09-13,Electrodomésticos,334.3,3,RRSS,5.1,2024-07-24,2024-08-30,False
1706,Secadora,66.86,5.0,2024-09-13,Electrodomésticos,334.3,63,TV,5.69,2024-11-03,2024-11-28,False
1706,Secadora,66.86,5.0,2024-09-13,Electrodomésticos,334.3,33,Email,3.8,2024-12-20,2025-01-07,False
1851,Freidora eléctrica,26.03,5.0,2024-09-13,Electrodomésticos,130.15,71,TV,4.37,2024-06-05,2024-07-24,False
1851,Freidora eléctrica,26.03,5.0,2024-09-13,Electrodomésticos,130.15,41,Email,3.92,2024-11-23,2025-01-01,False
1851,Freidora eléctrica,26.03,5.0,2024-09-13,Electrodomésticos,130.15,11,RRSS,5.27,2024-12-29,2025-01-21,False
2795,Auriculares,71.49,5.0,2024-09-13,Electrónica,357.45,47,Email,4.19,2024-06-02,2024-07-22,False
2795,Auriculares,71.49,5.0,2024-09-13,Electrónica,357.45,17,RRSS,6.06,2024-07-15,2024-08-15,False
2795,Auriculares,71.49,5.0,2024-09-13,Electrónica,357.45,77,TV,4.99,2024-11-11,2024-12-06,False
2805,Auriculares,32.81,7.0,2024-09-13,Electrónica,229.67000000000002,47,Email,4.19,2024-06-02,2024-07-22,False
2805,Auriculares,32.81,7.0,2024-09-13,Electrónica,229.67000000000002,17,RRSS,6.06,2024-07-15,2024-08-15,False
2805,Auriculares,32.81,7.0,2024-09-13,Electrónica,229.67000000000002,77,TV,4.99,2024-11-11,2024-12-06,False
2902,Televisor,118.89,2.0,2024-09-13,Electrónica,237.78,29,RRSS,3.96,2024-05-17,2024-06-28,False
2902,Televisor,118.89,2.0,2024-09-13,Electrónica,237.78,59,Email,4.19,2024-11-20,2025-01-19,False
2902,Televisor,118.89,2.0,2024-09-13,Electrónica,237.78,89,TV,4.98,2024-12-13,2025-02-08,False
81,Lámpara de mesa,47.34,9.0,2024-09-14,Decoración,426.06000000000006,32,Email,5.54,2024-03-28,2024-04-20,False
81,Lámpara de mesa,47.34,9.0,2024-09-14,Decoración,426.06000000000006,2,RRSS,5.88,2024-05-30,2024-06-29,False
81,Lámpara de mesa,47.34,9.0,2024-09-14,Decoración,426.06000000000006,62,TV,4.51,2024-08-26,2024-10-07,True
192,Cuadro decorativo,86.21,5.0,2024-09-14,Decoración,431.04999999999995,1,RRSS,5.27,2024-04-27,2024-06-04,False
192,Cuadro decorativo,86.21,5.0,2024-09-14,Decoración,431.04999999999995,31,Email,5.28,2024-08-15,2024-09-12,False
192,Cuadro decorativo,86.21,5.0,2024-09-14,Decoración,431.04999999999995,61,TV,5.3,2024-11-05,2024-12-23,False
456,Cortinas,70.41,10.0,2024-09-14,Decoración,704.0999999999999,43,Email,5.67,2024-05-02,2024-06-17,False
456,Cortinas,70.41,10.0,2024-09-14,Decoración,704.0999999999999,73,TV,6.47,2024-08-17,2024-09-26,True
456,Cortinas,70.41,10.0,2024-09-14,Decoración,704.0999999999999,13,RRSS,5.22,2024-09-16,2024-10-15,False
877,Elementos de cerámica,40.82,12.0,2024-09-14,Decoración,489.84000000000003,22,RRSS,5.44,2024-06-26,2024-07-15,False
877,Elementos de cerámica,40.82,12.0,2024-09-14,Decoración,489.84000000000003,82,TV,5.69,2024-09-08,2024-10-12,True
877,Elementos de cerámica,40.82,12.0,2024-09-14,Decoración,489.84000000000003,52,Email,5.74,2024-09-09,2024-09-30,True
1539,Batidora,77.73,4.0,2024-09-14,Electrodomésticos,310.92,57,Email,4.48,2024-04-10,2024-06-08,False
1539,Batidora,77.73,4.0,2024-09-14,Electrodomésticos,310.92,87,TV,6.28,2024-08-27,2024-10-11,True
1539,Batidora,77.73,4.0,2024-09-14,Electrodomésticos,310.92,27,RRSS,4.52,2024-11-01,2024-12-08,False
1673,Microondas,118.55,12.0,2024-09-14,Electrodomésticos,1422.6,56,Email,4.94,2024-08-06,2024-08-25,False
1673,Microondas,118.55,12.0,2024-09-14,Electrodomésticos,1422.6,26,RRSS,5.0,2024-09-25,2024-10-14,False
1673,Microondas,118.55,12.0,2024-09-14,Electrodomésticos,1422.6,86,TV,4.25,2024-09-25,2024-11-15,False
1689,Batidora,96.25,7.0,2024-09-14,Electrodomésticos,673.75,57,Email,4.48,2024-04-10,2024-06-08,False
1689,Batidora,96.25,7.0,2024-09-14,Electrodomésticos,673.75,87,TV,6.28,2024-08-27,2024-10-11,True
1689,Batidora,96.25,7.0,2024-09-14,Electrodomésticos,673.75,27,RRSS,4.52,2024-11-01,2024-12-08,False
1838,Cafetera,53.01,9.0,2024-09-14,Electrodomésticos,477.09,49,Email,5.2,2024-06-20,2024-07-22,False
1838,Cafetera,53.01,9.0,2024-09-14,Electrodomésticos,477.09,79,TV,7.26,2024-08-13,2024-10-11,True
1838,Cafetera,53.01,9.0,2024-09-14,Electrodomésticos,477.09,19,RRSS,5.7,2024-08-19,2024-09-15,True
1986,Secadora,34.34,6.0,2024-09-14,Electrodomésticos,206.04000000000002,3,RRSS,5.1,2024-07-24,2024-08-30,False
1986,Secadora,34.34,6.0,2024-09-14,Electrodomésticos,206.04000000000002,63,TV,5.69,2024-11-03,2024-11-28,False
1986,Secadora,34.34,6.0,2024-09-14,Electrodomésticos,206.04000000000002,33,Email,3.8,2024-12-20,2025-01-07,False
2296,Laptop,78.1,9.0,2024-09-14,Electrónica,702.9,60,Email,4.89,2024-09-28,2024-10-27,False
2296,Laptop,78.1,9.0,2024-09-14,Electrónica,702.9,30,RRSS,4.68,2024-10-23,2024-11-24,False
2296,Laptop,78.1,9.0,2024-09-14,Electrónica,702.9,90,TV,5.62,2024-11-16,2025-01-13,False
2521,Parlantes Bluetooth,88.72,2.0,2024-09-14,Electrónica,177.44,84,TV,4.42,2024-04-17,2024-05-05,False
2521,Parlantes Bluetooth,88.72,2.0,2024-09-14,Electrónica,177.44,54,Email,2.95,2024-08-09,2024-09-22,True
2521,Parlantes Bluetooth,88.72,2.0,2024-09-14,Electrónica,177.44,24,RRSS,6.0,2024-09-22,2024-10-26,False
2755,Auriculares,118.0,8.0,2024-09-14,Electrónica,944.0,47,Email,4.19,2024-06-02,2024-07-22,False
2755,Auriculares,118.0,8.0,2024-09-14,Electrónica,944.0,17,RRSS,6.06,2024-07-15,2024-08-15,False
2755,Auriculares,118.0,8.0,2024-09-14,Electrónica,944.0,77,TV,4.99,2024-11-11,2024-12-06,False
2986,Laptop,75.78,8.0,2024-09-14,Electrónica,606.24,60,Email,4.89,2024-09-28,2024-10-27,False
2986,Laptop,75.78,8.0,2024-09-14,Electrónica,606.24,30,RRSS,4.68,2024-10-23,2024-11-24,False
2986,Laptop,75.78,8.0,2024-09-14,Electrónica,606.24,90,TV,5.62,2024-11-16,2025-01-13,False
247,Elementos de cerámica,53.23,5.0,2024-09-15,Decoración,266.15,22,RRSS,5.44,2024-06-26,2024-07-15,False
247,Elementos de cerámica,53.23,5.0,2024-09-15,Decoración,266.15,82,TV,5.69,2024-09-08,2024-10-12,True
247,Elementos de cerámica,53.23,5.0,2024-09-15,Decoración,266.15,52,Email,5.74,2024-09-09,2024-09-30,True
927,Elementos de cerámica,53.69,12.0,2024-09-15,Decoración,644.28,22,RRSS,5.44,2024-06-26,2024-07-15,False
927,Elementos de cerámica,53.69,12.0,2024-09-15,Decoración,644.28,82,TV,5.69,2024-09-08,2024-10-12,True
927,Elementos de cerámica,53.69,12.0,2024-09-15,Decoración,644.28,52,Email,5.74,2024-09-09,2024-09-30,True
1593,Microondas,46.1,3.0,2024-09-15,Electrodomésticos,138.3,56,Email,4.94,2024-08-06,2024-08-25,False
1593,Microondas,46.1,3.0,2024-09-15,Electrodomésticos,138.3,26,RRSS,5.0,2024-09-25,2024-10-14,False
1593,Microondas,46.1,3.0,2024-09-15,Electrodomésticos,138.3,86,TV,4.25,2024-09-25,2024-11-15,False
2505,Auriculares,71.47,7.0,2024-09-15,Electrónica,500.28999999999996,47,Email,4.19,2024-06-02,2024-07-22,False
2505,Auriculares,71.47,7.0,2024-09-15,Electrónica,500.28999999999996,17,RRSS,6.06,2024-07-15,2024-08-15,False
2505,Auriculares,71.47,7.0,2024-09-15,Electrónica,500.28999999999996,77,TV,4.99,2024-11-11,2024-12-06,False
2557,Cámara digital,107.02,5.0,2024-09-15,Electrónica,535.1,18,RRSS,5.46,2024-07-16,2024-09-13,False
2557,Cámara digital,107.02,5.0,2024-09-15,Electrónica,535.1,78,TV,4.1,2024-08-02,2024-09-20,True
2557,Cámara digital,107.02,5.0,2024-09-15,Electrónica,535.1,48,Email,6.84,2024-10-31,2024-12-09,False
7,Elementos de cerámica,123.38,1.0,2024-09-16,Decoración,123.38,22,RRSS,5.44,2024-06-26,2024-07-15,False
7,Elementos de cerámica,123.38,1.0,2024-09-16,Decoración,123.38,82,TV,5.69,2024-09-08,2024-10-12,True
7,Elementos de cerámica,123.38,1.0,2024-09-16,Decoración,123.38,52,Email,5.74,2024-09-09,2024-09-30,True
713,Espejo decorativo,104.89,5.0,2024-09-16,Decoración,524.45,83,TV,5.24,2024-05-31,2024-07-08,False
713,Espejo decorativo,104.89,5.0,2024-09-16,Decoración,524.45,53,Email,4.9,2024-07-17,2024-08-01,False
713,Espejo decorativo,104.89,5.0,2024-09-16,Decoración,524.45,23,RRSS,4.75,2024-08-28,2024-10-17,True
1266,Secadora,77.49,9.0,2024-09-16,Electrodomésticos,697.41,3,RRSS,5.1,2024-07-24,2024-08-30,False
1266,Secadora,77.49,9.0,2024-09-16,Electrodomésticos,697.41,63,TV,5.69,2024-11-03,2024-11-28,False
1266,Secadora,77.49,9.0,2024-09-16,Electrodomésticos,697.41,33,Email,3.8,2024-12-20,2025-01-07,False
1426,Secadora,104.23,4.0,2024-09-16,Electrodomésticos,416.92,3,RRSS,5.1,2024-07-24,2024-08-30,False
1426,Secadora,104.23,4.0,2024-09-16,Electrodomésticos,416.92,63,TV,5.69,2024-11-03,2024-11-28,False
1426,Secadora,104.23,4.0,2024-09-16,Electrodomésticos,416.92,33,Email,3.8,2024-12-20,2025-01-07,False
1587,Horno eléctrico,52.21,2.0,2024-09-16,Electrodomésticos,104.42,35,Email,5.65,2024-07-31,2024-09-29,True
1587,Horno eléctrico,52.21,2.0,2024-09-16,Electrodomésticos,104.42,5,RRSS,5.16,2024-08-22,2024-10-17,True
1587,Horno eléctrico,52.21,2.0,2024-09-16,Electrodomésticos,104.42,65,TV,3.08,2024-10-23,2024-12-11,False
1783,Microondas,51.23,3.0,2024-09-16,Electrodomésticos,153.69,56,Email,4.94,2024-08-06,2024-08-25,False
1783,Microondas,51.23,3.0,2024-09-16,Electrodomésticos,153.69,26,RRSS,5.0,2024-09-25,2024-10-14,False
1783,Microondas,51.23,3.0,2024-09-16,Electrodomésticos,153.69,86,TV,4.25,2024-09-25,2024-11-15,False
2278,SmartWatch,50.2,5.0,2024-09-16,Electrónica,251.0,85,TV,5.07,2024-04-01,2024-05-05,False
2278,SmartWatch,50.2,5.0,2024-09-16,Electrónica,251.0,55,Email,4.59,2024-10-13,2024-12-06,False
2278,SmartWatch,50.2,5.0,2024-09-16,Electrónica,251.0,25,RRSS,4.84,2024-11-23,2024-12-29,False
2366,Laptop,91.93,4.0,2024-09-16,Electrónica,367.72,60,Email,4.89,2024-09-28,2024-10-27,False
2366,Laptop,91.93,4.0,2024-09-16,Electrónica,367.72,30,RRSS,4.68,2024-10-23,2024-11-24,False
2366,Laptop,91.93,4.0,2024-09-16,Electrónica,367.72,90,TV,5.62,2024-11-16,2025-01-13,False
2526,Laptop,64.72,7.0,2024-09-16,Electrónica,453.03999999999996,60,Email,4.89,2024-09-28,2024-10-27,False
2526,Laptop,64.72,7.0,2024-09-16,Electrónica,453.03999999999996,30,RRSS,4.68,2024-10-23,2024-11-24,False
2526,Laptop,64.72,7.0,2024-09-16,Electrónica,453.03999999999996,90,TV,5.62,2024-11-16,2025-01-13,False
2848,SmartWatch,33.56,5.0,2024-09-16,Electrónica,167.8,85,TV,5.07,2024-04-01,2024-05-05,False
2848,SmartWatch,33.56,5.0,2024-09-16,Electrónica,167.8,55,Email,4.59,2024-10-13,2024-12-06,False
2848,SmartWatch,33.56,5.0,2024-09-16,Electrónica,167.8,25,RRSS,4.84,2024-11-23,2024-12-29,False
2939,Proyector,83.38,9.0,2024-09-16,Electrónica,750.42,67,TV,3.68,2024-05-22,2024-07-12,False
2939,Proyector,83.38,9.0,2024-09-16,Electrónica,750.42,37,Email,3.22,2024-07-06,2024-07-26,False
2939,Proyector,83.38,9.0,2024-09-16,Electrónica,750.42,7,RRSS,5.57,2024-07-30,2024-08-16,False
254,Jarrón decorativo,80.33,9.0,2024-09-17,Decoración,722.97,15,RRSS,4.65,2024-05-09,2024-06-13,False
254,Jarrón decorativo,80.33,9.0,2024-09-17,Decoración,722.97,45,Email,4.52,2024-06-05,2024-07-31,False
254,Jarrón decorativo,80.33,9.0,2024-09-17,Decoración,722.97,75,TV,4.1,2024-11-03,2024-12-25,False
1038,Cafetera,117.28,10.0,2024-09-17,Electrodomésticos,1172.8,49,Email,5.2,2024-06-20,2024-07-22,False
1038,Cafetera,117.28,10.0,2024-09-17,Electrodomésticos,1172.8,79,TV,7.26,2024-08-13,2024-10-11,True
1038,Cafetera,117.28,10.0,2024-09-17,Electrodomésticos,1172.8,19,RRSS,5.7,2024-08-19,2024-09-15,False
1044,Aspiradora,47.53,1.0,2024-09-17,Electrodomésticos,47.53,40,Email,6.24,2024-06-24,2024-08-12,False
1044,Aspiradora,47.53,1.0,2024-09-17,Electrodomésticos,47.53,10,RRSS,7.16,2024-08-19,2024-09-19,True
1044,Aspiradora,47.53,1.0,2024-09-17,Electrodomésticos,47.53,70,TV,3.06,2024-12-13,2024-12-29,False
1191,Freidora eléctrica,69.8,6.0,2024-09-17,Electrodomésticos,418.79999999999995,71,TV,4.37,2024-06-05,2024-07-24,False
1191,Freidora eléctrica,69.8,6.0,2024-09-17,Electrodomésticos,418.79999999999995,41,Email,3.92,2024-11-23,2025-01-01,False
1191,Freidora eléctrica,69.8,6.0,2024-09-17,Electrodomésticos,418.79999999999995,11,RRSS,5.27,2024-12-29,2025-01-21,False
1363,Microondas,104.9,6.0,2024-09-17,Electrodomésticos,629.4000000000001,56,Email,4.94,2024-08-06,2024-08-25,False
1363,Microondas,104.9,6.0,2024-09-17,Electrodomésticos,629.4000000000001,26,RRSS,5.0,2024-09-25,2024-10-14,False
1363,Microondas,104.9,6.0,2024-09-17,Electrodomésticos,629.4000000000001,86,TV,4.25,2024-09-25,2024-11-15,False
2148,SmartWatch,84.06,9.0,2024-09-17,Electrónica,756.54,85,TV,5.07,2024-04-01,2024-05-05,False
2148,SmartWatch,84.06,9.0,2024-09-17,Electrónica,756.54,55,Email,4.59,2024-10-13,2024-12-06,False
2148,SmartWatch,84.06,9.0,2024-09-17,Electrónica,756.54,25,RRSS,4.84,2024-11-23,2024-12-29,False
2234,Tablet,83.61,5.0,2024-09-17,Electrónica,418.05,12,RRSS,3.4,2024-03-26,2024-05-13,False
2234,Tablet,83.61,5.0,2024-09-17,Electrónica,418.05,72,TV,4.9,2024-07-08,2024-09-03,False
2234,Tablet,83.61,5.0,2024-09-17,Electrónica,418.05,42,Email,4.42,2024-07-14,2024-09-03,False
2236,Laptop,34.56,1.0,2024-09-17,Electrónica,34.56,60,Email,4.89,2024-09-28,2024-10-27,False
2236,Laptop,34.56,1.0,2024-09-17,Electrónica,34.56,30,RRSS,4.68,2024-10-23,2024-11-24,False
2236,Laptop,34.56,1.0,2024-09-17,Electrónica,34.56,90,TV,5.62,2024-11-16,2025-01-13,False
2485,Auriculares,95.27,8.0,2024-09-17,Electrónica,762.16,47,Email,4.19,2024-06-02,2024-07-22,False
2485,Auriculares,95.27,8.0,2024-09-17,Electrónica,762.16,17,RRSS,6.06,2024-07-15,2024-08-15,False
2485,Auriculares,95.27,8.0,2024-09-17,Electrónica,762.16,77,TV,4.99,2024-11-11,2024-12-06,False
2711,Parlantes Bluetooth,75.11,9.0,2024-09-17,Electrónica,675.99,84,TV,4.42,2024-04-17,2024-05-05,False
2711,Parlantes Bluetooth,75.11,9.0,2024-09-17,Electrónica,675.99,54,Email,2.95,2024-08-09,2024-09-22,True
2711,Parlantes Bluetooth,75.11,9.0,2024-09-17,Electrónica,675.99,24,RRSS,6.0,2024-09-22,2024-10-26,False
1232,Microondas,65.14,6.0,2024-09-18,Electrodomésticos,390.84000000000003,56,Email,4.94,2024-08-06,2024-08-25,False
1232,Microondas,65.14,6.0,2024-09-18,Electrodomésticos,390.84000000000003,26,RRSS,5.0,2024-09-25,2024-10-14,False
1232,Microondas,65.14,6.0,2024-09-18,Electrodomésticos,390.84000000000003,86,TV,4.25,2024-09-25,2024-11-15,False
242,Cuadro decorativo,30.31,11.0,2024-09-19,Decoración,333.40999999999997,1,RRSS,5.27,2024-04-27,2024-06-04,False
242,Cuadro decorativo,30.31,11.0,2024-09-19,Decoración,333.40999999999997,31,Email,5.28,2024-08-15,2024-09-12,False
242,Cuadro decorativo,30.31,11.0,2024-09-19,Decoración,333.40999999999997,61,TV,5.3,2024-11-05,2024-12-23,False
512,Cuadro decorativo,66.98,7.0,2024-09-19,Decoración,468.86,1,RRSS,5.27,2024-04-27,2024-06-04,False
512,Cuadro decorativo,66.98,7.0,2024-09-19,Decoración,468.86,31,Email,5.28,2024-08-15,2024-09-12,False
512,Cuadro decorativo,66.98,7.0,2024-09-19,Decoración,468.86,61,TV,5.3,2024-11-05,2024-12-23,False
900,Adorno de pared,78.06,9.0,2024-09-19,Decoración,702.54,74,TV,4.81,2024-03-20,2024-05-03,False
900,Adorno de pared,78.06,9.0,2024-09-19,Decoración,702.54,44,Email,5.08,2024-04-13,2024-05-10,False
900,Adorno de pared,78.06,9.0,2024-09-19,Decoración,702.54,14,RRSS,4.16,2024-10-22,2024-12-21,False
1129,Batidora,71.39,3.0,2024-09-19,Electrodomésticos,214.17000000000002,57,Email,4.48,2024-04-10,2024-06-08,False
1129,Batidora,71.39,3.0,2024-09-19,Electrodomésticos,214.17000000000002,87,TV,6.28,2024-08-27,2024-10-11,True
1129,Batidora,71.39,3.0,2024-09-19,Electrodomésticos,214.17000000000002,27,RRSS,4.52,2024-11-01,2024-12-08,False
1389,Batidora,71.36,9.0,2024-09-19,Electrodomésticos,642.24,57,Email,4.48,2024-04-10,2024-06-08,False
1389,Batidora,71.36,9.0,2024-09-19,Electrodomésticos,642.24,87,TV,6.28,2024-08-27,2024-10-11,True
1389,Batidora,71.36,9.0,2024-09-19,Electrodomésticos,642.24,27,RRSS,4.52,2024-11-01,2024-12-08,False
1585,Lavadora,64.23,8.0,2024-09-19,Electrodomésticos,513.84,46,Email,3.63,2024-05-12,2024-05-29,False
1585,Lavadora,64.23,8.0,2024-09-19,Electrodomésticos,513.84,76,TV,4.66,2024-05-26,2024-07-02,False
1585,Lavadora,64.23,8.0,2024-09-19,Electrodomésticos,513.84,16,RRSS,3.56,2024-08-14,2024-09-20,True
1699,Batidora,48.45,5.0,2024-09-19,Electrodomésticos,242.25,57,Email,4.48,2024-04-10,2024-06-08,False
1699,Batidora,48.45,5.0,2024-09-19,Electrodomésticos,242.25,87,TV,6.28,2024-08-27,2024-10-11,True
1699,Batidora,48.45,5.0,2024-09-19,Electrodomésticos,242.25,27,RRSS,4.52,2024-11-01,2024-12-08,False
2152,Televisor,84.19,3.0,2024-09-19,Electrónica,252.57,29,RRSS,3.96,2024-05-17,2024-06-28,False
2152,Televisor,84.19,3.0,2024-09-19,Electrónica,252.57,59,Email,4.19,2024-11-20,2025-01-19,False
2152,Televisor,84.19,3.0,2024-09-19,Electrónica,252.57,89,TV,4.98,2024-12-13,2025-02-08,False
2330,Consola de videojuegos,122.43,4.0,2024-09-19,Electrónica,489.72,50,Email,4.97,2024-05-03,2024-05-28,False
2330,Consola de videojuegos,122.43,4.0,2024-09-19,Electrónica,489.72,20,RRSS,3.16,2024-07-15,2024-08-03,False
2330,Consola de videojuegos,122.43,4.0,2024-09-19,Electrónica,489.72,80,TV,4.64,2024-11-01,2024-11-20,False
2606,Laptop,87.31,2.0,2024-09-19,Electrónica,174.62,60,Email,4.89,2024-09-28,2024-10-27,False
2606,Laptop,87.31,2.0,2024-09-19,Electrónica,174.62,30,RRSS,4.68,2024-10-23,2024-11-24,False
2606,Laptop,87.31,2.0,2024-09-19,Electrónica,174.62,90,TV,5.62,2024-11-16,2025-01-13,False
2753,Smartphone,60.87,12.0,2024-09-19,Electrónica,730.4399999999999,21,RRSS,6.37,2024-03-29,2024-05-16,False
2753,Smartphone,60.87,12.0,2024-09-19,Electrónica,730.4399999999999,51,Email,4.65,2024-05-28,2024-06-15,False
2753,Smartphone,60.87,12.0,2024-09-19,Electrónica,730.4399999999999,81,TV,4.78,2024-09-28,2024-10-24,False
1258,Cafetera,77.56,6.0,2024-09-20,Electrodomésticos,465.36,49,Email,5.2,2024-06-20,2024-07-22,False
1258,Cafetera,77.56,6.0,2024-09-20,Electrodomésticos,465.36,79,TV,7.26,2024-08-13,2024-10-11,True
1258,Cafetera,77.56,6.0,2024-09-20,Electrodomésticos,465.36,19,RRSS,5.7,2024-08-19,2024-09-15,False
441,Lámpara de mesa,120.13,11.0,2024-09-21,Decoración,1321.4299999999998,32,Email,5.54,2024-03-28,2024-04-20,False
441,Lámpara de mesa,120.13,11.0,2024-09-21,Decoración,1321.4299999999998,2,RRSS,5.88,2024-05-30,2024-06-29,False
441,Lámpara de mesa,120.13,11.0,2024-09-21,Decoración,1321.4299999999998,62,TV,4.51,2024-08-26,2024-10-07,True
1538,Cafetera,120.8,7.0,2024-09-21,Electrodomésticos,845.6,49,Email,5.2,2024-06-20,2024-07-22,False
1538,Cafetera,120.8,7.0,2024-09-21,Electrodomésticos,845.6,79,TV,7.26,2024-08-13,2024-10-11,True
1538,Cafetera,120.8,7.0,2024-09-21,Electrodomésticos,845.6,19,RRSS,5.7,2024-08-19,2024-09-15,False
1763,Microondas,67.94,12.0,2024-09-21,Electrodomésticos,815.28,56,Email,4.94,2024-08-06,2024-08-25,False
1763,Microondas,67.94,12.0,2024-09-21,Electrodomésticos,815.28,26,RRSS,5.0,2024-09-25,2024-10-14,False
1763,Microondas,67.94,12.0,2024-09-21,Electrodomésticos,815.28,86,TV,4.25,2024-09-25,2024-11-15,False
1945,Lavadora,62.12,10.0,2024-09-21,Electrodomésticos,621.1999999999999,46,Email,3.63,2024-05-12,2024-05-29,False
1945,Lavadora,62.12,10.0,2024-09-21,Electrodomésticos,621.1999999999999,76,TV,4.66,2024-05-26,2024-07-02,False
1945,Lavadora,62.12,10.0,2024-09-21,Electrodomésticos,621.1999999999999,16,RRSS,3.56,2024-08-14,2024-09-20,False
2430,Consola de videojuegos,62.77,7.0,2024-09-21,Electrónica,439.39000000000004,50,Email,4.97,2024-05-03,2024-05-28,False
2430,Consola de videojuegos,62.77,7.0,2024-09-21,Electrónica,439.39000000000004,20,RRSS,3.16,2024-07-15,2024-08-03,False
2430,Consola de videojuegos,62.77,7.0,2024-09-21,Electrónica,439.39000000000004,80,TV,4.64,2024-11-01,2024-11-20,False
3,Espejo decorativo,51.32,1.0,2024-09-22,Decoración,51.32,83,TV,5.24,2024-05-31,2024-07-08,False
3,Espejo decorativo,51.32,1.0,2024-09-22,Decoración,51.32,53,Email,4.9,2024-07-17,2024-08-01,False
3,Espejo decorativo,51.32,1.0,2024-09-22,Decoración,51.32,23,RRSS,4.75,2024-08-28,2024-10-17,True
250,Adorno de pared,104.58,7.0,2024-09-22,Decoración,732.06,74,TV,4.81,2024-03-20,2024-05-03,False
250,Adorno de pared,104.58,7.0,2024-09-22,Decoración,732.06,44,Email,5.08,2024-04-13,2024-05-10,False
250,Adorno de pared,104.58,7.0,2024-09-22,Decoración,732.06,14,RRSS,4.16,2024-10-22,2024-12-21,False
573,Espejo decorativo,115.17,4.0,2024-09-22,Decoración,460.68,83,TV,5.24,2024-05-31,2024-07-08,False
573,Espejo decorativo,115.17,4.0,2024-09-22,Decoración,460.68,53,Email,4.9,2024-07-17,2024-08-01,False
573,Espejo decorativo,115.17,4.0,2024-09-22,Decoración,460.68,23,RRSS,4.75,2024-08-28,2024-10-17,True
1681,Freidora eléctrica,82.95,4.0,2024-09-22,Electrodomésticos,331.8,71,TV,4.37,2024-06-05,2024-07-24,False
1681,Freidora eléctrica,82.95,4.0,2024-09-22,Electrodomésticos,331.8,41,Email,3.92,2024-11-23,2025-01-01,False
1681,Freidora eléctrica,82.95,4.0,2024-09-22,Electrodomésticos,331.8,11,RRSS,5.27,2024-12-29,2025-01-21,False
1949,Batidora,33.51,5.0,2024-09-22,Electrodomésticos,167.54999999999998,57,Email,4.48,2024-04-10,2024-06-08,False
1949,Batidora,33.51,5.0,2024-09-22,Electrodomésticos,167.54999999999998,87,TV,6.28,2024-08-27,2024-10-11,True
1949,Batidora,33.51,5.0,2024-09-22,Electrodomésticos,167.54999999999998,27,RRSS,4.52,2024-11-01,2024-12-08,False
68,Rincón de plantas,109.6,4.0,2024-09-23,Decoración,438.4,38,Email,5.76,2024-06-14,2024-07-15,False
68,Rincón de plantas,109.6,4.0,2024-09-23,Decoración,438.4,8,RRSS,4.88,2024-08-03,2024-08-18,False
68,Rincón de plantas,109.6,4.0,2024-09-23,Decoración,438.4,68,TV,5.81,2024-12-17,2025-02-14,False
194,Jarrón decorativo,31.14,11.0,2024-09-23,Decoración,342.54,15,RRSS,4.65,2024-05-09,2024-06-13,False
194,Jarrón decorativo,31.14,11.0,2024-09-23,Decoración,342.54,45,Email,4.52,2024-06-05,2024-07-31,False
194,Jarrón decorativo,31.14,11.0,2024-09-23,Decoración,342.54,75,TV,4.1,2024-11-03,2024-12-25,False
461,Lámpara de mesa,121.83,3.0,2024-09-23,Decoración,365.49,32,Email,5.54,2024-03-28,2024-04-20,False
461,Lámpara de mesa,121.83,3.0,2024-09-23,Decoración,365.49,2,RRSS,5.88,2024-05-30,2024-06-29,False
461,Lámpara de mesa,121.83,3.0,2024-09-23,Decoración,365.49,62,TV,4.51,2024-08-26,2024-10-07,True
717,Elementos de cerámica,35.39,11.0,2024-09-23,Decoración,389.29,22,RRSS,5.44,2024-06-26,2024-07-15,False
717,Elementos de cerámica,35.39,11.0,2024-09-23,Decoración,389.29,82,TV,5.69,2024-09-08,2024-10-12,True
717,Elementos de cerámica,35.39,11.0,2024-09-23,Decoración,389.29,52,Email,5.74,2024-09-09,2024-09-30,True
932,Cuadro decorativo,78.45,4.0,2024-09-23,Decoración,313.8,1,RRSS,5.27,2024-04-27,2024-06-04,False
932,Cuadro decorativo,78.45,4.0,2024-09-23,Decoración,313.8,31,Email,5.28,2024-08-15,2024-09-12,False
932,Cuadro decorativo,78.45,4.0,2024-09-23,Decoración,313.8,61,TV,5.3,2024-11-05,2024-12-23,False
1782,Heladera,99.66,12.0,2024-09-23,Electrodomésticos,1195.92,34,Email,4.2,2024-05-06,2024-07-05,False
1782,Heladera,99.66,12.0,2024-09-23,Electrodomésticos,1195.92,4,RRSS,4.53,2024-05-31,2024-07-15,False
1782,Heladera,99.66,12.0,2024-09-23,Electrodomésticos,1195.92,64,TV,4.38,2024-07-10,2024-08-09,False
2331,Parlantes Bluetooth,26.24,6.0,2024-09-23,Electrónica,157.44,84,TV,4.42,2024-04-17,2024-05-05,False
2331,Parlantes Bluetooth,26.24,6.0,2024-09-23,Electrónica,157.44,54,Email,2.95,2024-08-09,2024-09-22,False
2331,Parlantes Bluetooth,26.24,6.0,2024-09-23,Electrónica,157.44,24,RRSS,6.0,2024-09-22,2024-10-26,True
2632,Televisor,40.39,2.0,2024-09-23,Electrónica,80.78,29,RRSS,3.96,2024-05-17,2024-06-28,False
2632,Televisor,40.39,2.0,2024-09-23,Electrónica,80.78,59,Email,4.19,2024-11-20,2025-01-19,False
2632,Televisor,40.39,2.0,2024-09-23,Electrónica,80.78,89,TV,4.98,2024-12-13,2025-02-08,False
478,Rincón de plantas,44.03,10.0,2024-09-24,Decoración,440.3,38,Email,5.76,2024-06-14,2024-07-15,False
478,Rincón de plantas,44.03,10.0,2024-09-24,Decoración,440.3,8,RRSS,4.88,2024-08-03,2024-08-18,False
478,Rincón de plantas,44.03,10.0,2024-09-24,Decoración,440.3,68,TV,5.81,2024-12-17,2025-02-14,False
531,Lámpara de mesa,66.98,4.0,2024-09-24,Decoración,267.92,32,Email,5.54,2024-03-28,2024-04-20,False
531,Lámpara de mesa,66.98,4.0,2024-09-24,Decoración,267.92,2,RRSS,5.88,2024-05-30,2024-06-29,False
531,Lámpara de mesa,66.98,4.0,2024-09-24,Decoración,267.92,62,TV,4.51,2024-08-26,2024-10-07,True
580,Adorno de pared,41.81,12.0,2024-09-24,Decoración,501.72,74,TV,4.81,2024-03-20,2024-05-03,False
580,Adorno de pared,41.81,12.0,2024-09-24,Decoración,501.72,44,Email,5.08,2024-04-13,2024-05-10,False
580,Adorno de pared,41.81,12.0,2024-09-24,Decoración,501.72,14,RRSS,4.16,2024-10-22,2024-12-21,False
960,Adorno de pared,56.56,8.0,2024-09-24,Decoración,452.48,74,TV,4.81,2024-03-20,2024-05-03,False
960,Adorno de pared,56.56,8.0,2024-09-24,Decoración,452.48,44,Email,5.08,2024-04-13,2024-05-10,False
960,Adorno de pared,56.56,8.0,2024-09-24,Decoración,452.48,14,RRSS,4.16,2024-10-22,2024-12-21,False
1298,Cafetera,60.68,6.0,2024-09-24,Electrodomésticos,364.08,49,Email,5.2,2024-06-20,2024-07-22,False
1298,Cafetera,60.68,6.0,2024-09-24,Electrodomésticos,364.08,79,TV,7.26,2024-08-13,2024-10-11,True
1298,Cafetera,60.68,6.0,2024-09-24,Electrodomésticos,364.08,19,RRSS,5.7,2024-08-19,2024-09-15,False
1461,Freidora eléctrica,108.58,12.0,2024-09-24,Electrodomésticos,1302.96,71,TV,4.37,2024-06-05,2024-07-24,False
1461,Freidora eléctrica,108.58,12.0,2024-09-24,Electrodomésticos,1302.96,41,Email,3.92,2024-11-23,2025-01-01,False
1461,Freidora eléctrica,108.58,12.0,2024-09-24,Electrodomésticos,1302.96,11,RRSS,5.27,2024-12-29,2025-01-21,False
2446,Laptop,114.74,2.0,2024-09-24,Electrónica,229.48,60,Email,4.89,2024-09-28,2024-10-27,False
2446,Laptop,114.74,2.0,2024-09-24,Electrónica,229.48,30,RRSS,4.68,2024-10-23,2024-11-24,False
2446,Laptop,114.74,2.0,2024-09-24,Electrónica,229.48,90,TV,5.62,2024-11-16,2025-01-13,False
93,Espejo decorativo,44.57,9.0,2024-09-25,Decoración,401.13,83,TV,5.24,2024-05-31,2024-07-08,False
93,Espejo decorativo,44.57,9.0,2024-09-25,Decoración,401.13,53,Email,4.9,2024-07-17,2024-08-01,False
93,Espejo decorativo,44.57,9.0,2024-09-25,Decoración,401.13,23,RRSS,4.75,2024-08-28,2024-10-17,True
437,Elementos de cerámica,35.83,9.0,2024-09-25,Decoración,322.46999999999997,22,RRSS,5.44,2024-06-26,2024-07-15,False
437,Elementos de cerámica,35.83,9.0,2024-09-25,Decoración,322.46999999999997,82,TV,5.69,2024-09-08,2024-10-12,True
437,Elementos de cerámica,35.83,9.0,2024-09-25,Decoración,322.46999999999997,52,Email,5.74,2024-09-09,2024-09-30,True
750,Adorno de pared,108.77,2.0,2024-09-25,Decoración,217.54,74,TV,4.81,2024-03-20,2024-05-03,False
750,Adorno de pared,108.77,2.0,2024-09-25,Decoración,217.54,44,Email,5.08,2024-04-13,2024-05-10,False
750,Adorno de pared,108.77,2.0,2024-09-25,Decoración,217.54,14,RRSS,4.16,2024-10-22,2024-12-21,False
956,Cortinas,37.35,2.0,2024-09-25,Decoración,74.7,43,Email,5.67,2024-05-02,2024-06-17,False
956,Cortinas,37.35,2.0,2024-09-25,Decoración,74.7,73,TV,6.47,2024-08-17,2024-09-26,True
956,Cortinas,37.35,2.0,2024-09-25,Decoración,74.7,13,RRSS,5.22,2024-09-16,2024-10-15,True
1359,Batidora,121.44,11.0,2024-09-25,Electrodomésticos,1335.84,57,Email,4.48,2024-04-10,2024-06-08,False
1359,Batidora,121.44,11.0,2024-09-25,Electrodomésticos,1335.84,87,TV,6.28,2024-08-27,2024-10-11,True
1359,Batidora,121.44,11.0,2024-09-25,Electrodomésticos,1335.84,27,RRSS,4.52,2024-11-01,2024-12-08,False
1482,Heladera,86.99,12.0,2024-09-25,Electrodomésticos,1043.8799999999999,34,Email,4.2,2024-05-06,2024-07-05,False
1482,Heladera,86.99,12.0,2024-09-25,Electrodomésticos,1043.8799999999999,4,RRSS,4.53,2024-05-31,2024-07-15,False
1482,Heladera,86.99,12.0,2024-09-25,Electrodomésticos,1043.8799999999999,64,TV,4.38,2024-07-10,2024-08-09,False
2202,Televisor,31.84,7.0,2024-09-25,Electrónica,222.88,29,RRSS,3.96,2024-05-17,2024-06-28,False
2202,Televisor,31.84,7.0,2024-09-25,Electrónica,222.88,59,Email,4.19,2024-11-20,2025-01-19,False
2202,Televisor,31.84,7.0,2024-09-25,Electrónica,222.88,89,TV,4.98,2024-12-13,2025-02-08,False
2248,SmartWatch,88.46,8.0,2024-09-25,Electrónica,707.68,85,TV,5.07,2024-04-01,2024-05-05,False
2248,SmartWatch,88.46,8.0,2024-09-25,Electrónica,707.68,55,Email,4.59,2024-10-13,2024-12-06,False
2248,SmartWatch,88.46,8.0,2024-09-25,Electrónica,707.68,25,RRSS,4.84,2024-11-23,2024-12-29,False
2317,Cámara digital,56.34,7.0,2024-09-25,Electrónica,394.38,18,RRSS,5.46,2024-07-16,2024-09-13,False
2317,Cámara digital,56.34,7.0,2024-09-25,Electrónica,394.38,78,TV,4.1,2024-08-02,2024-09-20,False
2317,Cámara digital,56.34,7.0,2024-09-25,Electrónica,394.38,48,Email,6.84,2024-10-31,2024-12-09,False
2500,Consola de videojuegos,53.64,8.0,2024-09-25,Electrónica,429.12,50,Email,4.97,2024-05-03,2024-05-28,False
2500,Consola de videojuegos,53.64,8.0,2024-09-25,Electrónica,429.12,20,RRSS,3.16,2024-07-15,2024-08-03,False
2500,Consola de videojuegos,53.64,8.0,2024-09-25,Electrónica,429.12,80,TV,4.64,2024-11-01,2024-11-20,False
103,Espejo decorativo,43.78,11.0,2024-09-26,Decoración,481.58000000000004,83,TV,5.24,2024-05-31,2024-07-08,False
103,Espejo decorativo,43.78,11.0,2024-09-26,Decoración,481.58000000000004,53,Email,4.9,2024-07-17,2024-08-01,False
103,Espejo decorativo,43.78,11.0,2024-09-26,Decoración,481.58000000000004,23,RRSS,4.75,2024-08-28,2024-10-17,True
666,Cortinas,29.89,4.0,2024-09-26,Decoración,119.56,43,Email,5.67,2024-05-02,2024-06-17,False
666,Cortinas,29.89,4.0,2024-09-26,Decoración,119.56,73,TV,6.47,2024-08-17,2024-09-26,True
666,Cortinas,29.89,4.0,2024-09-26,Decoración,119.56,13,RRSS,5.22,2024-09-16,2024-10-15,True
698,Rincón de plantas,93.59,10.0,2024-09-26,Decoración,935.9000000000001,38,Email,5.76,2024-06-14,2024-07-15,False
698,Rincón de plantas,93.59,10.0,2024-09-26,Decoración,935.9000000000001,8,RRSS,4.88,2024-08-03,2024-08-18,False
698,Rincón de plantas,93.59,10.0,2024-09-26,Decoración,935.9000000000001,68,TV,5.81,2024-12-17,2025-02-14,False
1228,Cafetera,115.89,4.0,2024-09-26,Electrodomésticos,463.56,49,Email,5.2,2024-06-20,2024-07-22,False
1228,Cafetera,115.89,4.0,2024-09-26,Electrodomésticos,463.56,79,TV,7.26,2024-08-13,2024-10-11,True
1228,Cafetera,115.89,4.0,2024-09-26,Electrodomésticos,463.56,19,RRSS,5.7,2024-08-19,2024-09-15,False
2400,Consola de videojuegos,84.09,12.0,2024-09-26,Electrónica,1009.08,50,Email,4.97,2024-05-03,2024-05-28,False
2400,Consola de videojuegos,84.09,12.0,2024-09-26,Electrónica,1009.08,20,RRSS,3.16,2024-07-15,2024-08-03,False
2400,Consola de videojuegos,84.09,12.0,2024-09-26,Electrónica,1009.08,80,TV,4.64,2024-11-01,2024-11-20,False
2793,Smartphone,91.37,8.0,2024-09-26,Electrónica,730.96,21,RRSS,6.37,2024-03-29,2024-05-16,False
2793,Smartphone,91.37,8.0,2024-09-26,Electrónica,730.96,51,Email,4.65,2024-05-28,2024-06-15,False
2793,Smartphone,91.37,8.0,2024-09-26,Electrónica,730.96,81,TV,4.78,2024-09-28,2024-10-24,False
2994,Auriculares,94.36,9.0,2024-09-26,Electrónica,849.24,47,Email,4.19,2024-06-02,2024-07-22,False
2994,Auriculares,94.36,9.0,2024-09-26,Electrónica,849.24,17,RRSS,6.06,2024-07-15,2024-08-15,False
2994,Auriculares,94.36,9.0,2024-09-26,Electrónica,849.24,77,TV,4.99,2024-11-11,2024-12-06,False
379,Lámpara de mesa,49.43,7.0,2024-09-27,Decoración,346.01,32,Email,5.54,2024-03-28,2024-04-20,False
379,Lámpara de mesa,49.43,7.0,2024-09-27,Decoración,346.01,2,RRSS,5.88,2024-05-30,2024-06-29,False
379,Lámpara de mesa,49.43,7.0,2024-09-27,Decoración,346.01,62,TV,4.51,2024-08-26,2024-10-07,True
409,Lámpara de mesa,53.65,5.0,2024-09-27,Decoración,268.25,32,Email,5.54,2024-03-28,2024-04-20,False
409,Lámpara de mesa,53.65,5.0,2024-09-27,Decoración,268.25,2,RRSS,5.88,2024-05-30,2024-06-29,False
409,Lámpara de mesa,53.65,5.0,2024-09-27,Decoración,268.25,62,TV,4.51,2024-08-26,2024-10-07,True
445,Alfombra,70.36,12.0,2024-09-27,Decoración,844.3199999999999,58,Email,4.25,2024-03-31,2024-05-05,False
445,Alfombra,70.36,12.0,2024-09-27,Decoración,844.3199999999999,88,TV,7.39,2024-07-25,2024-08-31,False
445,Alfombra,70.36,12.0,2024-09-27,Decoración,844.3199999999999,28,RRSS,5.82,2024-11-27,2025-01-08,False
842,Cuadro decorativo,71.4,2.0,2024-09-27,Decoración,142.8,1,RRSS,5.27,2024-04-27,2024-06-04,False
842,Cuadro decorativo,71.4,2.0,2024-09-27,Decoración,142.8,31,Email,5.28,2024-08-15,2024-09-12,False
842,Cuadro decorativo,71.4,2.0,2024-09-27,Decoración,142.8,61,TV,5.3,2024-11-05,2024-12-23,False
1674,Aspiradora,40.59,8.0,2024-09-27,Electrodomésticos,324.72,40,Email,6.24,2024-06-24,2024-08-12,False
1674,Aspiradora,40.59,8.0,2024-09-27,Electrodomésticos,324.72,10,RRSS,7.16,2024-08-19,2024-09-19,False
1674,Aspiradora,40.59,8.0,2024-09-27,Electrodomésticos,324.72,70,TV,3.06,2024-12-13,2024-12-29,False
2000,Plancha de vapor,105.5,3.0,2024-09-27,Electrodomésticos,316.5,36,Email,5.41,2024-04-02,2024-06-01,False
2000,Plancha de vapor,105.5,3.0,2024-09-27,Electrodomésticos,316.5,6,RRSS,4.02,2024-09-24,2024-11-02,True
2000,Plancha de vapor,105.5,3.0,2024-09-27,Electrodomésticos,316.5,66,TV,4.69,2024-10-04,2024-10-23,False
2190,Consola de videojuegos,48.86,3.0,2024-09-27,Electrónica,146.57999999999998,50,Email,4.97,2024-05-03,2024-05-28,False
2190,Consola de videojuegos,48.86,3.0,2024-09-27,Electrónica,146.57999999999998,20,RRSS,3.16,2024-07-15,2024-08-03,False
2190,Consola de videojuegos,48.86,3.0,2024-09-27,Electrónica,146.57999999999998,80,TV,4.64,2024-11-01,2024-11-20,False
2686,Laptop,64.56,11.0,2024-09-27,Electrónica,710.1600000000001,60,Email,4.89,2024-09-28,2024-10-27,False
2686,Laptop,64.56,11.0,2024-09-27,Electrónica,710.1600000000001,30,RRSS,4.68,2024-10-23,2024-11-24,False
2686,Laptop,64.56,11.0,2024-09-27,Electrónica,710.1600000000001,90,TV,5.62,2024-11-16,2025-01-13,False
304,Jarrón decorativo,67.72,4.0,2024-09-28,Decoración,270.88,15,RRSS,4.65,2024-05-09,2024-06-13,False
304,Jarrón decorativo,67.72,4.0,2024-09-28,Decoración,270.88,45,Email,4.52,2024-06-05,2024-07-31,False
304,Jarrón decorativo,67.72,4.0,2024-09-28,Decoración,270.88,75,TV,4.1,2024-11-03,2024-12-25,False
562,Cuadro decorativo,29.72,3.0,2024-09-28,Decoración,89.16,1,RRSS,5.27,2024-04-27,2024-06-04,False
562,Cuadro decorativo,29.72,3.0,2024-09-28,Decoración,89.16,31,Email,5.28,2024-08-15,2024-09-12,False
562,Cuadro decorativo,29.72,3.0,2024-09-28,Decoración,89.16,61,TV,5.3,2024-11-05,2024-12-23,False
1247,Horno eléctrico,55.0,4.0,2024-09-28,Electrodomésticos,220.0,35,Email,5.65,2024-07-31,2024-09-29,True
1247,Horno eléctrico,55.0,4.0,2024-09-28,Electrodomésticos,220.0,5,RRSS,5.16,2024-08-22,2024-10-17,True
1247,Horno eléctrico,55.0,4.0,2024-09-28,Electrodomésticos,220.0,65,TV,3.08,2024-10-23,2024-12-11,False
2117,Cámara digital,73.65,11.0,2024-09-28,Electrónica,810.1500000000001,18,RRSS,5.46,2024-07-16,2024-09-13,False
2117,Cámara digital,73.65,11.0,2024-09-28,Electrónica,810.1500000000001,78,TV,4.1,2024-08-02,2024-09-20,False
2117,Cámara digital,73.65,11.0,2024-09-28,Electrónica,810.1500000000001,48,Email,6.84,2024-10-31,2024-12-09,False
2341,Parlantes Bluetooth,81.98,2.0,2024-09-28,Electrónica,163.96,84,TV,4.42,2024-04-17,2024-05-05,False
2341,Parlantes Bluetooth,81.98,2.0,2024-09-28,Electrónica,163.96,54,Email,2.95,2024-08-09,2024-09-22,False
2341,Parlantes Bluetooth,81.98,2.0,2024-09-28,Electrónica,163.96,24,RRSS,6.0,2024-09-22,2024-10-26,True
2820,Consola de videojuegos,32.49,6.0,2024-09-28,Electrónica,194.94,50,Email,4.97,2024-05-03,2024-05-28,False
2820,Consola de videojuegos,32.49,6.0,2024-09-28,Electrónica,194.94,20,RRSS,3.16,2024-07-15,2024-08-03,False
2820,Consola de videojuegos,32.49,6.0,2024-09-28,Electrónica,194.94,80,TV,4.64,2024-11-01,2024-11-20,False
26,Cortinas,38.87,11.0,2024-09-29,Decoración,427.57,43,Email,5.67,2024-05-02,2024-06-17,False
26,Cortinas,38.87,11.0,2024-09-29,Decoración,427.57,73,TV,6.47,2024-08-17,2024-09-26,False
26,Cortinas,38.87,11.0,2024-09-29,Decoración,427.57,13,RRSS,5.22,2024-09-16,2024-10-15,True
614,Jarrón decorativo,107.04,7.0,2024-09-29,Decoración,749.2800000000001,15,RRSS,4.65,2024-05-09,2024-06-13,False
614,Jarrón decorativo,107.04,7.0,2024-09-29,Decoración,749.2800000000001,45,Email,4.52,2024-06-05,2024-07-31,False
614,Jarrón decorativo,107.04,7.0,2024-09-29,Decoración,749.2800000000001,75,TV,4.1,2024-11-03,2024-12-25,False
1268,Cafetera,94.35,12.0,2024-09-29,Electrodomésticos,1132.1999999999998,49,Email,5.2,2024-06-20,2024-07-22,False
1268,Cafetera,94.35,12.0,2024-09-29,Electrodomésticos,1132.1999999999998,79,TV,7.26,2024-08-13,2024-10-11,True
1268,Cafetera,94.35,12.0,2024-09-29,Electrodomésticos,1132.1999999999998,19,RRSS,5.7,2024-08-19,2024-09-15,False
1408,Cafetera,56.98,11.0,2024-09-29,Electrodomésticos,626.78,49,Email,5.2,2024-06-20,2024-07-22,False
1408,Cafetera,56.98,11.0,2024-09-29,Electrodomésticos,626.78,79,TV,7.26,2024-08-13,2024-10-11,True
1408,Cafetera,56.98,11.0,2024-09-29,Electrodomésticos,626.78,19,RRSS,5.7,2024-08-19,2024-09-15,False
1522,Heladera,90.32,12.0,2024-09-29,Electrodomésticos,1083.84,34,Email,4.2,2024-05-06,2024-07-05,False
1522,Heladera,90.32,12.0,2024-09-29,Electrodomésticos,1083.84,4,RRSS,4.53,2024-05-31,2024-07-15,False
1522,Heladera,90.32,12.0,2024-09-29,Electrodomésticos,1083.84,64,TV,4.38,2024-07-10,2024-08-09,False
1528,Cafetera,99.75,12.0,2024-09-29,Electrodomésticos,1197.0,49,Email,5.2,2024-06-20,2024-07-22,False
1528,Cafetera,99.75,12.0,2024-09-29,Electrodomésticos,1197.0,79,TV,7.26,2024-08-13,2024-10-11,True
1528,Cafetera,99.75,12.0,2024-09-29,Electrodomésticos,1197.0,19,RRSS,5.7,2024-08-19,2024-09-15,False
1679,Batidora,49.23,12.0,2024-09-29,Electrodomésticos,590.76,57,Email,4.48,2024-04-10,2024-06-08,False
1679,Batidora,49.23,12.0,2024-09-29,Electrodomésticos,590.76,87,TV,6.28,2024-08-27,2024-10-11,True
1679,Batidora,49.23,12.0,2024-09-29,Electrodomésticos,590.76,27,RRSS,4.52,2024-11-01,2024-12-08,False
1704,Aspiradora,111.82,9.0,2024-09-29,Electrodomésticos,1006.3799999999999,40,Email,6.24,2024-06-24,2024-08-12,False
1704,Aspiradora,111.82,9.0,2024-09-29,Electrodomésticos,1006.3799999999999,10,RRSS,7.16,2024-08-19,2024-09-19,False
1704,Aspiradora,111.82,9.0,2024-09-29,Electrodomésticos,1006.3799999999999,70,TV,3.06,2024-12-13,2024-12-29,False
2168,SmartWatch,89.68,8.0,2024-09-29,Electrónica,717.44,85,TV,5.07,2024-04-01,2024-05-05,False
2168,SmartWatch,89.68,8.0,2024-09-29,Electrónica,717.44,55,Email,4.59,2024-10-13,2024-12-06,False
2168,SmartWatch,89.68,8.0,2024-09-29,Electrónica,717.44,25,RRSS,4.84,2024-11-23,2024-12-29,False
2450,Consola de videojuegos,87.91,4.0,2024-09-29,Electrónica,351.64,50,Email,4.97,2024-05-03,2024-05-28,False
2450,Consola de videojuegos,87.91,4.0,2024-09-29,Electrónica,351.64,20,RRSS,3.16,2024-07-15,2024-08-03,False
2450,Consola de videojuegos,87.91,4.0,2024-09-29,Electrónica,351.64,80,TV,4.64,2024-11-01,2024-11-20,False
2467,Cámara digital,70.53,7.0,2024-09-29,Electrónica,493.71000000000004,18,RRSS,5.46,2024-07-16,2024-09-13,False
2467,Cámara digital,70.53,7.0,2024-09-29,Electrónica,493.71000000000004,78,TV,4.1,2024-08-02,2024-09-20,False
2467,Cámara digital,70.53,7.0,2024-09-29,Electrónica,493.71000000000004,48,Email,6.84,2024-10-31,2024-12-09,False
2600,Consola de videojuegos,94.57,3.0,2024-09-29,Electrónica,283.71,50,Email,4.97,2024-05-03,2024-05-28,False
2600,Consola de videojuegos,94.57,3.0,2024-09-29,Electrónica,283.71,20,RRSS,3.16,2024-07-15,2024-08-03,False
2600,Consola de videojuegos,94.57,3.0,2024-09-29,Electrónica,283.71,80,TV,4.64,2024-11-01,2024-11-20,False
2864,Tablet,105.06,6.0,2024-09-29,Electrónica,630.36,12,RRSS,3.4,2024-03-26,2024-05-13,False
2864,Tablet,105.06,6.0,2024-09-29,Electrónica,630.36,72,TV,4.9,2024-07-08,2024-09-03,False
2864,Tablet,105.06,6.0,2024-09-29,Electrónica,630.36,42,Email,4.42,2024-07-14,2024-09-03,False
2925,Auriculares,26.21,4.0,2024-09-29,Electrónica,104.84,47,Email,4.19,2024-06-02,2024-07-22,False
2925,Auriculares,26.21,4.0,2024-09-29,Electrónica,104.84,17,RRSS,6.06,2024-07-15,2024-08-15,False
2925,Auriculares,26.21,4.0,2024-09-29,Electrónica,104.84,77,TV,4.99,2024-11-11,2024-12-06,False
232,Cuadro decorativo,118.49,6.0,2024-09-30,Decoración,710.9399999999999,1,RRSS,5.27,2024-04-27,2024-06-04,False
232,Cuadro decorativo,118.49,6.0,2024-09-30,Decoración,710.9399999999999,31,Email,5.28,2024-08-15,2024-09-12,False
232,Cuadro decorativo,118.49,6.0,2024-09-30,Decoración,710.9399999999999,61,TV,5.3,2024-11-05,2024-12-23,False
385,Alfombra,86.29,3.0,2024-09-30,Decoración,258.87,58,Email,4.25,2024-03-31,2024-05-05,False
385,Alfombra,86.29,3.0,2024-09-30,Decoración,258.87,88,TV,7.39,2024-07-25,2024-08-31,False
385,Alfombra,86.29,3.0,2024-09-30,Decoración,258.87,28,RRSS,5.82,2024-11-27,2025-01-08,False
415,Alfombra,63.4,5.0,2024-09-30,Decoración,317.0,58,Email,4.25,2024-03-31,2024-05-05,False
415,Alfombra,63.4,5.0,2024-09-30,Decoración,317.0,88,TV,7.39,2024-07-25,2024-08-31,False
415,Alfombra,63.4,5.0,2024-09-30,Decoración,317.0,28,RRSS,5.82,2024-11-27,2025-01-08,False
500,Adorno de pared,110.88,4.0,2024-09-30,Decoración,443.52,74,TV,4.81,2024-03-20,2024-05-03,False
500,Adorno de pared,110.88,4.0,2024-09-30,Decoración,443.52,44,Email,5.08,2024-04-13,2024-05-10,False
500,Adorno de pared,110.88,4.0,2024-09-30,Decoración,443.52,14,RRSS,4.16,2024-10-22,2024-12-21,False
565,Alfombra,55.34,2.0,2024-09-30,Decoración,110.68,58,Email,4.25,2024-03-31,2024-05-05,False
565,Alfombra,55.34,2.0,2024-09-30,Decoración,110.68,88,TV,7.39,2024-07-25,2024-08-31,False
565,Alfombra,55.34,2.0,2024-09-30,Decoración,110.68,28,RRSS,5.82,2024-11-27,2025-01-08,False
683,Espejo decorativo,123.55,5.0,2024-09-30,Decoración,617.75,83,TV,5.24,2024-05-31,2024-07-08,False
683,Espejo decorativo,123.55,5.0,2024-09-30,Decoración,617.75,53,Email,4.9,2024-07-17,2024-08-01,False
683,Espejo decorativo,123.55,5.0,2024-09-30,Decoración,617.75,23,RRSS,4.75,2024-08-28,2024-10-17,True
705,Alfombra,49.89,3.0,2024-09-30,Decoración,149.67000000000002,58,Email,4.25,2024-03-31,2024-05-05,False
705,Alfombra,49.89,3.0,2024-09-30,Decoración,149.67000000000002,88,TV,7.39,2024-07-25,2024-08-31,False
705,Alfombra,49.89,3.0,2024-09-30,Decoración,149.67000000000002,28,RRSS,5.82,2024-11-27,2025-01-08,False
899,Candelabro,51.01,6.0,2024-09-30,Decoración,306.06,69,TV,3.25,2024-05-29,2024-06-30,False
899,Candelabro,51.01,6.0,2024-09-30,Decoración,306.06,39,Email,6.08,2024-07-17,2024-08-18,False
899,Candelabro,51.01,6.0,2024-09-30,Decoración,306.06,9,RRSS,5.32,2024-10-08,2024-11-16,False
996,Cortinas,33.07,3.0,2024-09-30,Decoración,99.21000000000001,43,Email,5.67,2024-05-02,2024-06-17,False
996,Cortinas,33.07,3.0,2024-09-30,Decoración,99.21000000000001,73,TV,6.47,2024-08-17,2024-09-26,False
996,Cortinas,33.07,3.0,2024-09-30,Decoración,99.21000000000001,13,RRSS,5.22,2024-09-16,2024-10-15,True
1187,Horno eléctrico,99.57,8.0,2024-09-30,Electrodomésticos,796.56,35,Email,5.65,2024-07-31,2024-09-29,False
1187,Horno eléctrico,99.57,8.0,2024-09-30,Electrodomésticos,796.56,5,RRSS,5.16,2024-08-22,2024-10-17,True
1187,Horno eléctrico,99.57,8.0,2024-09-30,Electrodomésticos,796.56,65,TV,3.08,2024-10-23,2024-12-11,False
1411,Freidora eléctrica,102.2,5.0,2024-09-30,Electrodomésticos,511.0,71,TV,4.37,2024-06-05,2024-07-24,False
1411,Freidora eléctrica,102.2,5.0,2024-09-30,Electrodomésticos,511.0,41,Email,3.92,2024-11-23,2025-01-01,False
1411,Freidora eléctrica,102.2,5.0,2024-09-30,Electrodomésticos,511.0,11,RRSS,5.27,2024-12-29,2025-01-21,False
1511,Freidora eléctrica,116.49,2.0,2024-09-30,Electrodomésticos,232.98,71,TV,4.37,2024-06-05,2024-07-24,False
1511,Freidora eléctrica,116.49,2.0,2024-09-30,Electrodomésticos,232.98,41,Email,3.92,2024-11-23,2025-01-01,False
1511,Freidora eléctrica,116.49,2.0,2024-09-30,Electrodomésticos,232.98,11,RRSS,5.27,2024-12-29,2025-01-21,False
1644,Aspiradora,123.36,11.0,2024-09-30,Electrodomésticos,1356.96,40,Email,6.24,2024-06-24,2024-08-12,False
1644,Aspiradora,123.36,11.0,2024-09-30,Electrodomésticos,1356.96,10,RRSS,7.16,2024-08-19,2024-09-19,False
1644,Aspiradora,123.36,11.0,2024-09-30,Electrodomésticos,1356.96,70,TV,3.06,2024-12-13,2024-12-29,False
2031,Parlantes Bluetooth,31.44,4.0,2024-09-30,Electrónica,125.76,84,TV,4.42,2024-04-17,2024-05-05,False
2031,Parlantes Bluetooth,31.44,4.0,2024-09-30,Electrónica,125.76,54,Email,2.95,2024-08-09,2024-09-22,False
2031,Parlantes Bluetooth,31.44,4.0,2024-09-30,Electrónica,125.76,24,RRSS,6.0,2024-09-22,2024-10-26,True
2141,Parlantes Bluetooth,116.34,12.0,2024-09-30,Electrónica,1396.08,84,TV,4.42,2024-04-17,2024-05-05,False
2141,Parlantes Bluetooth,116.34,12.0,2024-09-30,Electrónica,1396.08,54,Email,2.95,2024-08-09,2024-09-22,False
2141,Parlantes Bluetooth,116.34,12.0,2024-09-30,Electrónica,1396.08,24,RRSS,6.0,2024-09-22,2024-10-26,True
521,Lámpara de mesa,48.44,6.0,2024-10-01,Decoración,290.64,32,Email,5.54,2024-03-28,2024-04-20,False
521,Lámpara de mesa,48.44,6.0,2024-10-01,Decoración,290.64,2,RRSS,5.88,2024-05-30,2024-06-29,False
521,Lámpara de mesa,48.44,6.0,2024-10-01,Decoración,290.64,62,TV,4.51,2024-08-26,2024-10-07,True
590,Adorno de pared,30.18,8.0,2024-10-01,Decoración,241.44,74,TV,4.81,2024-03-20,2024-05-03,False
590,Adorno de pared,30.18,8.0,2024-10-01,Decoración,241.44,44,Email,5.08,2024-04-13,2024-05-10,False
590,Adorno de pared,30.18,8.0,2024-10-01,Decoración,241.44,14,RRSS,4.16,2024-10-22,2024-12-21,False
892,Cuadro decorativo,61.57,3.0,2024-10-01,Decoración,184.71,1,RRSS,5.27,2024-04-27,2024-06-04,False
892,Cuadro decorativo,61.57,3.0,2024-10-01,Decoración,184.71,31,Email,5.28,2024-08-15,2024-09-12,False
892,Cuadro decorativo,61.57,3.0,2024-10-01,Decoración,184.71,61,TV,5.3,2024-11-05,2024-12-23,False
968,Rincón de plantas,60.2,3.0,2024-10-01,Decoración,180.60000000000002,38,Email,5.76,2024-06-14,2024-07-15,False
968,Rincón de plantas,60.2,3.0,2024-10-01,Decoración,180.60000000000002,8,RRSS,4.88,2024-08-03,2024-08-18,False
968,Rincón de plantas,60.2,3.0,2024-10-01,Decoración,180.60000000000002,68,TV,5.81,2024-12-17,2025-02-14,False
1062,Heladera,121.59,4.0,2024-10-01,Electrodomésticos,486.36,34,Email,4.2,2024-05-06,2024-07-05,False
1062,Heladera,121.59,4.0,2024-10-01,Electrodomésticos,486.36,4,RRSS,4.53,2024-05-31,2024-07-15,False
1062,Heladera,121.59,4.0,2024-10-01,Electrodomésticos,486.36,64,TV,4.38,2024-07-10,2024-08-09,False
1423,Microondas,108.25,12.0,2024-10-01,Electrodomésticos,1299.0,56,Email,4.94,2024-08-06,2024-08-25,False
1423,Microondas,108.25,12.0,2024-10-01,Electrodomésticos,1299.0,26,RRSS,5.0,2024-09-25,2024-10-14,True
1423,Microondas,108.25,12.0,2024-10-01,Electrodomésticos,1299.0,86,TV,4.25,2024-09-25,2024-11-15,True
2271,Parlantes Bluetooth,61.01,1.0,2024-10-01,Electrónica,61.01,84,TV,4.42,2024-04-17,2024-05-05,False
2271,Parlantes Bluetooth,61.01,1.0,2024-10-01,Electrónica,61.01,54,Email,2.95,2024-08-09,2024-09-22,False
2271,Parlantes Bluetooth,61.01,1.0,2024-10-01,Electrónica,61.01,24,RRSS,6.0,2024-09-22,2024-10-26,True
2295,Auriculares,56.21,2.0,2024-10-01,Electrónica,112.42,47,Email,4.19,2024-06-02,2024-07-22,False
2295,Auriculares,56.21,2.0,2024-10-01,Electrónica,112.42,17,RRSS,6.06,2024-07-15,2024-08-15,False
2295,Auriculares,56.21,2.0,2024-10-01,Electrónica,112.42,77,TV,4.99,2024-11-11,2024-12-06,False
1345,Lavadora,51.32,4.0,2024-10-02,Electrodomésticos,205.28,46,Email,3.63,2024-05-12,2024-05-29,False
1345,Lavadora,51.32,4.0,2024-10-02,Electrodomésticos,205.28,76,TV,4.66,2024-05-26,2024-07-02,False
1345,Lavadora,51.32,4.0,2024-10-02,Electrodomésticos,205.28,16,RRSS,3.56,2024-08-14,2024-09-20,False
2012,Televisor,48.02,7.0,2024-10-02,Electrónica,336.14000000000004,29,RRSS,3.96,2024-05-17,2024-06-28,False
2012,Televisor,48.02,7.0,2024-10-02,Electrónica,336.14000000000004,59,Email,4.19,2024-11-20,2025-01-19,False
2012,Televisor,48.02,7.0,2024-10-02,Electrónica,336.14000000000004,89,TV,4.98,2024-12-13,2025-02-08,False
2226,Laptop,99.45,5.0,2024-10-02,Electrónica,497.25,60,Email,4.89,2024-09-28,2024-10-27,True
2226,Laptop,99.45,5.0,2024-10-02,Electrónica,497.25,30,RRSS,4.68,2024-10-23,2024-11-24,False
2226,Laptop,99.45,5.0,2024-10-02,Electrónica,497.25,90,TV,5.62,2024-11-16,2025-01-13,False
2442,Televisor,71.48,4.0,2024-10-02,Electrónica,285.92,29,RRSS,3.96,2024-05-17,2024-06-28,False
2442,Televisor,71.48,4.0,2024-10-02,Electrónica,285.92,59,Email,4.19,2024-11-20,2025-01-19,False
2442,Televisor,71.48,4.0,2024-10-02,Electrónica,285.92,89,TV,4.98,2024-12-13,2025-02-08,False
2576,Laptop,123.53,10.0,2024-10-02,Electrónica,1235.3,60,Email,4.89,2024-09-28,2024-10-27,True
2576,Laptop,123.53,10.0,2024-10-02,Electrónica,1235.3,30,RRSS,4.68,2024-10-23,2024-11-24,False
2576,Laptop,123.53,10.0,2024-10-02,Electrónica,1235.3,90,TV,5.62,2024-11-16,2025-01-13,False
2656,Laptop,31.99,9.0,2024-10-02,Electrónica,287.90999999999997,60,Email,4.89,2024-09-28,2024-10-27,True
2656,Laptop,31.99,9.0,2024-10-02,Electrónica,287.90999999999997,30,RRSS,4.68,2024-10-23,2024-11-24,False
2656,Laptop,31.99,9.0,2024-10-02,Electrónica,287.90999999999997,90,TV,5.62,2024-11-16,2025-01-13,False
2915,Auriculares,33.81,11.0,2024-10-02,Electrónica,371.91,47,Email,4.19,2024-06-02,2024-07-22,False
2915,Auriculares,33.81,11.0,2024-10-02,Electrónica,371.91,17,RRSS,6.06,2024-07-15,2024-08-15,False
2915,Auriculares,33.81,11.0,2024-10-02,Electrónica,371.91,77,TV,4.99,2024-11-11,2024-12-06,False
38,Rincón de plantas,26.44,4.0,2024-10-03,Decoración,105.76,38,Email,5.76,2024-06-14,2024-07-15,False
38,Rincón de plantas,26.44,4.0,2024-10-03,Decoración,105.76,8,RRSS,4.88,2024-08-03,2024-08-18,False
38,Rincón de plantas,26.44,4.0,2024-10-03,Decoración,105.76,68,TV,5.81,2024-12-17,2025-02-14,False
681,Lámpara de mesa,113.04,1.0,2024-10-03,Decoración,113.04,32,Email,5.54,2024-03-28,2024-04-20,False
681,Lámpara de mesa,113.04,1.0,2024-10-03,Decoración,113.04,2,RRSS,5.88,2024-05-30,2024-06-29,False
681,Lámpara de mesa,113.04,1.0,2024-10-03,Decoración,113.04,62,TV,4.51,2024-08-26,2024-10-07,True
1815,Lavadora,65.29,5.0,2024-10-03,Electrodomésticos,326.45000000000005,46,Email,3.63,2024-05-12,2024-05-29,False
1815,Lavadora,65.29,5.0,2024-10-03,Electrodomésticos,326.45000000000005,76,TV,4.66,2024-05-26,2024-07-02,False
1815,Lavadora,65.29,5.0,2024-10-03,Electrodomésticos,326.45000000000005,16,RRSS,3.56,2024-08-14,2024-09-20,False
2703,Smartphone,123.4,12.0,2024-10-03,Electrónica,1480.8000000000002,21,RRSS,6.37,2024-03-29,2024-05-16,False
2703,Smartphone,123.4,12.0,2024-10-03,Electrónica,1480.8000000000002,51,Email,4.65,2024-05-28,2024-06-15,False
2703,Smartphone,123.4,12.0,2024-10-03,Electrónica,1480.8000000000002,81,TV,4.78,2024-09-28,2024-10-24,True
2725,Auriculares,107.61,1.0,2024-10-03,Electrónica,107.61,47,Email,4.19,2024-06-02,2024-07-22,False
2725,Auriculares,107.61,1.0,2024-10-03,Electrónica,107.61,17,RRSS,6.06,2024-07-15,2024-08-15,False
2725,Auriculares,107.61,1.0,2024-10-03,Electrónica,107.61,77,TV,4.99,2024-11-11,2024-12-06,False
786,Cortinas,27.17,8.0,2024-10-04,Decoración,217.36,43,Email,5.67,2024-05-02,2024-06-17,False
786,Cortinas,27.17,8.0,2024-10-04,Decoración,217.36,73,TV,6.47,2024-08-17,2024-09-26,False
786,Cortinas,27.17,8.0,2024-10-04,Decoración,217.36,13,RRSS,5.22,2024-09-16,2024-10-15,True
1358,Cafetera,95.67,12.0,2024-10-04,Electrodomésticos,1148.04,49,Email,5.2,2024-06-20,2024-07-22,False
1358,Cafetera,95.67,12.0,2024-10-04,Electrodomésticos,1148.04,79,TV,7.26,2024-08-13,2024-10-11,True
1358,Cafetera,95.67,12.0,2024-10-04,Electrodomésticos,1148.04,19,RRSS,5.7,2024-08-19,2024-09-15,False
1709,Batidora,89.72,10.0,2024-10-04,Electrodomésticos,897.2,57,Email,4.48,2024-04-10,2024-06-08,False
1709,Batidora,89.72,10.0,2024-10-04,Electrodomésticos,897.2,87,TV,6.28,2024-08-27,2024-10-11,True
1709,Batidora,89.72,10.0,2024-10-04,Electrodomésticos,897.2,27,RRSS,4.52,2024-11-01,2024-12-08,False
1857,Horno eléctrico,74.8,5.0,2024-10-04,Electrodomésticos,374.0,35,Email,5.65,2024-07-31,2024-09-29,False
1857,Horno eléctrico,74.8,5.0,2024-10-04,Electrodomésticos,374.0,5,RRSS,5.16,2024-08-22,2024-10-17,True
1857,Horno eléctrico,74.8,5.0,2024-10-04,Electrodomésticos,374.0,65,TV,3.08,2024-10-23,2024-12-11,False
2406,Laptop,121.0,10.0,2024-10-04,Electrónica,1210.0,60,Email,4.89,2024-09-28,2024-10-27,True
2406,Laptop,121.0,10.0,2024-10-04,Electrónica,1210.0,30,RRSS,4.68,2024-10-23,2024-11-24,False
2406,Laptop,121.0,10.0,2024-10-04,Electrónica,1210.0,90,TV,5.62,2024-11-16,2025-01-13,False
2538,SmartWatch,29.14,12.0,2024-10-04,Electrónica,349.68,85,TV,5.07,2024-04-01,2024-05-05,False
2538,SmartWatch,29.14,12.0,2024-10-04,Electrónica,349.68,55,Email,4.59,2024-10-13,2024-12-06,False
2538,SmartWatch,29.14,12.0,2024-10-04,Electrónica,349.68,25,RRSS,4.84,2024-11-23,2024-12-29,False
753,Espejo decorativo,119.86,4.0,2024-10-05,Decoración,479.44,83,TV,5.24,2024-05-31,2024-07-08,False
753,Espejo decorativo,119.86,4.0,2024-10-05,Decoración,479.44,53,Email,4.9,2024-07-17,2024-08-01,False
753,Espejo decorativo,119.86,4.0,2024-10-05,Decoración,479.44,23,RRSS,4.75,2024-08-28,2024-10-17,True
898,Rincón de plantas,67.87,11.0,2024-10-05,Decoración,746.57,38,Email,5.76,2024-06-14,2024-07-15,False
898,Rincón de plantas,67.87,11.0,2024-10-05,Decoración,746.57,8,RRSS,4.88,2024-08-03,2024-08-18,False
898,Rincón de plantas,67.87,11.0,2024-10-05,Decoración,746.57,68,TV,5.81,2024-12-17,2025-02-14,False
924,Jarrón decorativo,64.39,11.0,2024-10-05,Decoración,708.29,15,RRSS,4.65,2024-05-09,2024-06-13,False
924,Jarrón decorativo,64.39,11.0,2024-10-05,Decoración,708.29,45,Email,4.52,2024-06-05,2024-07-31,False
924,Jarrón decorativo,64.39,11.0,2024-10-05,Decoración,708.29,75,TV,4.1,2024-11-03,2024-12-25,False
1650,Plancha de vapor,117.52,2.0,2024-10-05,Electrodomésticos,235.04,36,Email,5.41,2024-04-02,2024-06-01,False
1650,Plancha de vapor,117.52,2.0,2024-10-05,Electrodomésticos,235.04,6,RRSS,4.02,2024-09-24,2024-11-02,True
1650,Plancha de vapor,117.52,2.0,2024-10-05,Electrodomésticos,235.04,66,TV,4.69,2024-10-04,2024-10-23,True
1779,Batidora,122.12,4.0,2024-10-05,Electrodomésticos,488.48,57,Email,4.48,2024-04-10,2024-06-08,False
1779,Batidora,122.12,4.0,2024-10-05,Electrodomésticos,488.48,87,TV,6.28,2024-08-27,2024-10-11,True
1779,Batidora,122.12,4.0,2024-10-05,Electrodomésticos,488.48,27,RRSS,4.52,2024-11-01,2024-12-08,False
1796,Secadora,63.51,11.0,2024-10-05,Electrodomésticos,698.61,3,RRSS,5.1,2024-07-24,2024-08-30,False
1796,Secadora,63.51,11.0,2024-10-05,Electrodomésticos,698.61,63,TV,5.69,2024-11-03,2024-11-28,False
1796,Secadora,63.51,11.0,2024-10-05,Electrodomésticos,698.61,33,Email,3.8,2024-12-20,2025-01-07,False
2841,Parlantes Bluetooth,48.99,10.0,2024-10-05,Electrónica,489.90000000000003,84,TV,4.42,2024-04-17,2024-05-05,False
2841,Parlantes Bluetooth,48.99,10.0,2024-10-05,Electrónica,489.90000000000003,54,Email,2.95,2024-08-09,2024-09-22,False
2841,Parlantes Bluetooth,48.99,10.0,2024-10-05,Electrónica,489.90000000000003,24,RRSS,6.0,2024-09-22,2024-10-26,True
1280,Plancha de vapor,31.01,7.0,2024-10-06,Electrodomésticos,217.07000000000002,36,Email,5.41,2024-04-02,2024-06-01,False
1280,Plancha de vapor,31.01,7.0,2024-10-06,Electrodomésticos,217.07000000000002,6,RRSS,4.02,2024-09-24,2024-11-02,True
1280,Plancha de vapor,31.01,7.0,2024-10-06,Electrodomésticos,217.07000000000002,66,TV,4.69,2024-10-04,2024-10-23,True
1595,Lavadora,80.48,4.0,2024-10-06,Electrodomésticos,321.92,46,Email,3.63,2024-05-12,2024-05-29,False
1595,Lavadora,80.48,4.0,2024-10-06,Electrodomésticos,321.92,76,TV,4.66,2024-05-26,2024-07-02,False
1595,Lavadora,80.48,4.0,2024-10-06,Electrodomésticos,321.92,16,RRSS,3.56,2024-08-14,2024-09-20,False
1711,Freidora eléctrica,34.28,2.0,2024-10-06,Electrodomésticos,68.56,71,TV,4.37,2024-06-05,2024-07-24,False
1711,Freidora eléctrica,34.28,2.0,2024-10-06,Electrodomésticos,68.56,41,Email,3.92,2024-11-23,2025-01-01,False
1711,Freidora eléctrica,34.28,2.0,2024-10-06,Electrodomésticos,68.56,11,RRSS,5.27,2024-12-29,2025-01-21,False
2417,Cámara digital,109.02,2.0,2024-10-06,Electrónica,218.04,18,RRSS,5.46,2024-07-16,2024-09-13,False
2417,Cámara digital,109.02,2.0,2024-10-06,Electrónica,218.04,78,TV,4.1,2024-08-02,2024-09-20,False
2417,Cámara digital,109.02,2.0,2024-10-06,Electrónica,218.04,48,Email,6.84,2024-10-31,2024-12-09,False
2443,Smartphone,111.34,5.0,2024-10-06,Electrónica,556.7,21,RRSS,6.37,2024-03-29,2024-05-16,False
2443,Smartphone,111.34,5.0,2024-10-06,Electrónica,556.7,51,Email,4.65,2024-05-28,2024-06-15,False
2443,Smartphone,111.34,5.0,2024-10-06,Electrónica,556.7,81,TV,4.78,2024-09-28,2024-10-24,True
158,Rincón de plantas,117.14,8.0,2024-10-07,Decoración,937.12,38,Email,5.76,2024-06-14,2024-07-15,False
158,Rincón de plantas,117.14,8.0,2024-10-07,Decoración,937.12,8,RRSS,4.88,2024-08-03,2024-08-18,False
158,Rincón de plantas,117.14,8.0,2024-10-07,Decoración,937.12,68,TV,5.81,2024-12-17,2025-02-14,False
223,Espejo decorativo,70.04,3.0,2024-10-07,Decoración,210.12,83,TV,5.24,2024-05-31,2024-07-08,False
223,Espejo decorativo,70.04,3.0,2024-10-07,Decoración,210.12,53,Email,4.9,2024-07-17,2024-08-01,False
223,Espejo decorativo,70.04,3.0,2024-10-07,Decoración,210.12,23,RRSS,4.75,2024-08-28,2024-10-17,True
474,Jarrón decorativo,38.87,10.0,2024-10-07,Decoración,388.7,15,RRSS,4.65,2024-05-09,2024-06-13,False
474,Jarrón decorativo,38.87,10.0,2024-10-07,Decoración,388.7,45,Email,4.52,2024-06-05,2024-07-31,False
474,Jarrón decorativo,38.87,10.0,2024-10-07,Decoración,388.7,75,TV,4.1,2024-11-03,2024-12-25,False
1032,Heladera,31.35,11.0,2024-10-07,Electrodomésticos,344.85,34,Email,4.2,2024-05-06,2024-07-05,False
1032,Heladera,31.35,11.0,2024-10-07,Electrodomésticos,344.85,4,RRSS,4.53,2024-05-31,2024-07-15,False
1032,Heladera,31.35,11.0,2024-10-07,Electrodomésticos,344.85,64,TV,4.38,2024-07-10,2024-08-09,False
1141,Freidora eléctrica,71.45,12.0,2024-10-07,Electrodomésticos,857.4000000000001,71,TV,4.37,2024-06-05,2024-07-24,False
1141,Freidora eléctrica,71.45,12.0,2024-10-07,Electrodomésticos,857.4000000000001,41,Email,3.92,2024-11-23,2025-01-01,False
1141,Freidora eléctrica,71.45,12.0,2024-10-07,Electrodomésticos,857.4000000000001,11,RRSS,5.27,2024-12-29,2025-01-21,False
1738,Cafetera,40.25,3.0,2024-10-07,Electrodomésticos,120.75,49,Email,5.2,2024-06-20,2024-07-22,False
1738,Cafetera,40.25,3.0,2024-10-07,Electrodomésticos,120.75,79,TV,7.26,2024-08-13,2024-10-11,True
1738,Cafetera,40.25,3.0,2024-10-07,Electrodomésticos,120.75,19,RRSS,5.7,2024-08-19,2024-09-15,False
2188,SmartWatch,41.24,4.0,2024-10-07,Electrónica,164.96,85,TV,5.07,2024-04-01,2024-05-05,False
2188,SmartWatch,41.24,4.0,2024-10-07,Electrónica,164.96,55,Email,4.59,2024-10-13,2024-12-06,False
2188,SmartWatch,41.24,4.0,2024-10-07,Electrónica,164.96,25,RRSS,4.84,2024-11-23,2024-12-29,False
2433,Smartphone,117.66,5.0,2024-10-07,Electrónica,588.3,21,RRSS,6.37,2024-03-29,2024-05-16,False
2433,Smartphone,117.66,5.0,2024-10-07,Electrónica,588.3,51,Email,4.65,2024-05-28,2024-06-15,False
2433,Smartphone,117.66,5.0,2024-10-07,Electrónica,588.3,81,TV,4.78,2024-09-28,2024-10-24,True
2515,Auriculares,99.53,1.0,2024-10-07,Electrónica,99.53,47,Email,4.19,2024-06-02,2024-07-22,False
2515,Auriculares,99.53,1.0,2024-10-07,Electrónica,99.53,17,RRSS,6.06,2024-07-15,2024-08-15,False
2515,Auriculares,99.53,1.0,2024-10-07,Electrónica,99.53,77,TV,4.99,2024-11-11,2024-12-06,False
2608,SmartWatch,60.98,5.0,2024-10-07,Electrónica,304.9,85,TV,5.07,2024-04-01,2024-05-05,False
2608,SmartWatch,60.98,5.0,2024-10-07,Electrónica,304.9,55,Email,4.59,2024-10-13,2024-12-06,False
2608,SmartWatch,60.98,5.0,2024-10-07,Electrónica,304.9,25,RRSS,4.84,2024-11-23,2024-12-29,False
2831,Parlantes Bluetooth,86.32,10.0,2024-10-07,Electrónica,863.1999999999999,84,TV,4.42,2024-04-17,2024-05-05,False
2831,Parlantes Bluetooth,86.32,10.0,2024-10-07,Electrónica,863.1999999999999,54,Email,2.95,2024-08-09,2024-09-22,False
2831,Parlantes Bluetooth,86.32,10.0,2024-10-07,Electrónica,863.1999999999999,24,RRSS,6.0,2024-09-22,2024-10-26,True
6,Cortinas,58.87,11.0,2024-10-08,Decoración,647.5699999999999,43,Email,5.67,2024-05-02,2024-06-17,False
6,Cortinas,58.87,11.0,2024-10-08,Decoración,647.5699999999999,73,TV,6.47,2024-08-17,2024-09-26,False
6,Cortinas,58.87,11.0,2024-10-08,Decoración,647.5699999999999,13,RRSS,5.22,2024-09-16,2024-10-15,True
670,Adorno de pared,55.21,7.0,2024-10-08,Decoración,386.47,74,TV,4.81,2024-03-20,2024-05-03,False
670,Adorno de pared,55.21,7.0,2024-10-08,Decoración,386.47,44,Email,5.08,2024-04-13,2024-05-10,False
670,Adorno de pared,55.21,7.0,2024-10-08,Decoración,386.47,14,RRSS,4.16,2024-10-22,2024-12-21,False
816,Cortinas,74.32,11.0,2024-10-08,Decoración,817.52,43,Email,5.67,2024-05-02,2024-06-17,False
816,Cortinas,74.32,11.0,2024-10-08,Decoración,817.52,73,TV,6.47,2024-08-17,2024-09-26,False
816,Cortinas,74.32,11.0,2024-10-08,Decoración,817.52,13,RRSS,5.22,2024-09-16,2024-10-15,True
991,Lámpara de mesa,79.63,12.0,2024-10-08,Decoración,955.56,32,Email,5.54,2024-03-28,2024-04-20,False
991,Lámpara de mesa,79.63,12.0,2024-10-08,Decoración,955.56,2,RRSS,5.88,2024-05-30,2024-06-29,False
991,Lámpara de mesa,79.63,12.0,2024-10-08,Decoración,955.56,62,TV,4.51,2024-08-26,2024-10-07,False
1204,Aspiradora,87.88,2.0,2024-10-08,Electrodomésticos,175.76,40,Email,6.24,2024-06-24,2024-08-12,False
1204,Aspiradora,87.88,2.0,2024-10-08,Electrodomésticos,175.76,10,RRSS,7.16,2024-08-19,2024-09-19,False
1204,Aspiradora,87.88,2.0,2024-10-08,Electrodomésticos,175.76,70,TV,3.06,2024-12-13,2024-12-29,False
2533,Smartphone,64.37,1.0,2024-10-08,Electrónica,64.37,21,RRSS,6.37,2024-03-29,2024-05-16,False
2533,Smartphone,64.37,1.0,2024-10-08,Electrónica,64.37,51,Email,4.65,2024-05-28,2024-06-15,False
2533,Smartphone,64.37,1.0,2024-10-08,Electrónica,64.37,81,TV,4.78,2024-09-28,2024-10-24,True
2598,SmartWatch,113.97,7.0,2024-10-08,Electrónica,797.79,85,TV,5.07,2024-04-01,2024-05-05,False
2598,SmartWatch,113.97,7.0,2024-10-08,Electrónica,797.79,55,Email,4.59,2024-10-13,2024-12-06,False
2598,SmartWatch,113.97,7.0,2024-10-08,Electrónica,797.79,25,RRSS,4.84,2024-11-23,2024-12-29,False
2724,Tablet,42.93,5.0,2024-10-08,Electrónica,214.65,12,RRSS,3.4,2024-03-26,2024-05-13,False
2724,Tablet,42.93,5.0,2024-10-08,Electrónica,214.65,72,TV,4.9,2024-07-08,2024-09-03,False
2724,Tablet,42.93,5.0,2024-10-08,Electrónica,214.65,42,Email,4.42,2024-07-14,2024-09-03,False
2738,SmartWatch,65.16,3.0,2024-10-08,Electrónica,195.48,85,TV,5.07,2024-04-01,2024-05-05,False
2738,SmartWatch,65.16,3.0,2024-10-08,Electrónica,195.48,55,Email,4.59,2024-10-13,2024-12-06,False
2738,SmartWatch,65.16,3.0,2024-10-08,Electrónica,195.48,25,RRSS,4.84,2024-11-23,2024-12-29,False
134,Jarrón decorativo,103.16,11.0,2024-10-09,Decoración,1134.76,15,RRSS,4.65,2024-05-09,2024-06-13,False
134,Jarrón decorativo,103.16,11.0,2024-10-09,Decoración,1134.76,45,Email,4.52,2024-06-05,2024-07-31,False
134,Jarrón decorativo,103.16,11.0,2024-10-09,Decoración,1134.76,75,TV,4.1,2024-11-03,2024-12-25,False
2353,Smartphone,33.52,8.0,2024-10-09,Electrónica,268.16,21,RRSS,6.37,2024-03-29,2024-05-16,False
2353,Smartphone,33.52,8.0,2024-10-09,Electrónica,268.16,51,Email,4.65,2024-05-28,2024-06-15,False
2353,Smartphone,33.52,8.0,2024-10-09,Electrónica,268.16,81,TV,4.78,2024-09-28,2024-10-24,True
2376,Laptop,106.01,5.0,2024-10-09,Electrónica,530.0500000000001,60,Email,4.89,2024-09-28,2024-10-27,True
2376,Laptop,106.01,5.0,2024-10-09,Electrónica,530.0500000000001,30,RRSS,4.68,2024-10-23,2024-11-24,False
2376,Laptop,106.01,5.0,2024-10-09,Electrónica,530.0500000000001,90,TV,5.62,2024-11-16,2025-01-13,False
60,Adorno de pared,32.58,9.0,2024-10-10,Decoración,293.21999999999997,74,TV,4.81,2024-03-20,2024-05-03,False
60,Adorno de pared,32.58,9.0,2024-10-10,Decoración,293.21999999999997,44,Email,5.08,2024-04-13,2024-05-10,False
60,Adorno de pared,32.58,9.0,2024-10-10,Decoración,293.21999999999997,14,RRSS,4.16,2024-10-22,2024-12-21,False
117,Elementos de cerámica,29.63,4.0,2024-10-10,Decoración,118.52,22,RRSS,5.44,2024-06-26,2024-07-15,False
117,Elementos de cerámica,29.63,4.0,2024-10-10,Decoración,118.52,82,TV,5.69,2024-09-08,2024-10-12,True
117,Elementos de cerámica,29.63,4.0,2024-10-10,Decoración,118.52,52,Email,5.74,2024-09-09,2024-09-30,False
364,Jarrón decorativo,73.49,12.0,2024-10-10,Decoración,881.8799999999999,15,RRSS,4.65,2024-05-09,2024-06-13,False
364,Jarrón decorativo,73.49,12.0,2024-10-10,Decoración,881.8799999999999,45,Email,4.52,2024-06-05,2024-07-31,False
364,Jarrón decorativo,73.49,12.0,2024-10-10,Decoración,881.8799999999999,75,TV,4.1,2024-11-03,2024-12-25,False
498,Rincón de plantas,42.62,4.0,2024-10-10,Decoración,170.48,38,Email,5.76,2024-06-14,2024-07-15,False
498,Rincón de plantas,42.62,4.0,2024-10-10,Decoración,170.48,8,RRSS,4.88,2024-08-03,2024-08-18,False
498,Rincón de plantas,42.62,4.0,2024-10-10,Decoración,170.48,68,TV,5.81,2024-12-17,2025-02-14,False
668,Rincón de plantas,61.18,8.0,2024-10-10,Decoración,489.44,38,Email,5.76,2024-06-14,2024-07-15,False
668,Rincón de plantas,61.18,8.0,2024-10-10,Decoración,489.44,8,RRSS,4.88,2024-08-03,2024-08-18,False
668,Rincón de plantas,61.18,8.0,2024-10-10,Decoración,489.44,68,TV,5.81,2024-12-17,2025-02-14,False
1133,Microondas,121.17,3.0,2024-10-10,Electrodomésticos,363.51,56,Email,4.94,2024-08-06,2024-08-25,False
1133,Microondas,121.17,3.0,2024-10-10,Electrodomésticos,363.51,26,RRSS,5.0,2024-09-25,2024-10-14,True
1133,Microondas,121.17,3.0,2024-10-10,Electrodomésticos,363.51,86,TV,4.25,2024-09-25,2024-11-15,True
1221,Freidora eléctrica,112.79,11.0,2024-10-10,Electrodomésticos,1240.69,71,TV,4.37,2024-06-05,2024-07-24,False
1221,Freidora eléctrica,112.79,11.0,2024-10-10,Electrodomésticos,1240.69,41,Email,3.92,2024-11-23,2025-01-01,False
1221,Freidora eléctrica,112.79,11.0,2024-10-10,Electrodomésticos,1240.69,11,RRSS,5.27,2024-12-29,2025-01-21,False
1233,Microondas,110.22,12.0,2024-10-10,Electrodomésticos,1322.6399999999999,56,Email,4.94,2024-08-06,2024-08-25,False
1233,Microondas,110.22,12.0,2024-10-10,Electrodomésticos,1322.6399999999999,26,RRSS,5.0,2024-09-25,2024-10-14,True
1233,Microondas,110.22,12.0,2024-10-10,Electrodomésticos,1322.6399999999999,86,TV,4.25,2024-09-25,2024-11-15,True
1239,Batidora,94.29,2.0,2024-10-10,Electrodomésticos,188.58,57,Email,4.48,2024-04-10,2024-06-08,False
1239,Batidora,94.29,2.0,2024-10-10,Electrodomésticos,188.58,87,TV,6.28,2024-08-27,2024-10-11,True
1239,Batidora,94.29,2.0,2024-10-10,Electrodomésticos,188.58,27,RRSS,4.52,2024-11-01,2024-12-08,False
1724,Aspiradora,95.89,1.0,2024-10-10,Electrodomésticos,95.89,40,Email,6.24,2024-06-24,2024-08-12,False
1724,Aspiradora,95.89,1.0,2024-10-10,Electrodomésticos,95.89,10,RRSS,7.16,2024-08-19,2024-09-19,False
1724,Aspiradora,95.89,1.0,2024-10-10,Electrodomésticos,95.89,70,TV,3.06,2024-12-13,2024-12-29,False
2389,Proyector,73.93,5.0,2024-10-10,Electrónica,369.65000000000003,67,TV,3.68,2024-05-22,2024-07-12,False
2389,Proyector,73.93,5.0,2024-10-10,Electrónica,369.65000000000003,37,Email,3.22,2024-07-06,2024-07-26,False
2389,Proyector,73.93,5.0,2024-10-10,Electrónica,369.65000000000003,7,RRSS,5.57,2024-07-30,2024-08-16,False
2671,Parlantes Bluetooth,30.22,6.0,2024-10-10,Electrónica,181.32,84,TV,4.42,2024-04-17,2024-05-05,False
2671,Parlantes Bluetooth,30.22,6.0,2024-10-10,Electrónica,181.32,54,Email,2.95,2024-08-09,2024-09-22,False
2671,Parlantes Bluetooth,30.22,6.0,2024-10-10,Electrónica,181.32,24,RRSS,6.0,2024-09-22,2024-10-26,True
2692,Televisor,52.35,2.0,2024-10-10,Electrónica,104.7,29,RRSS,3.96,2024-05-17,2024-06-28,False
2692,Televisor,52.35,2.0,2024-10-10,Electrónica,104.7,59,Email,4.19,2024-11-20,2025-01-19,False
2692,Televisor,52.35,2.0,2024-10-10,Electrónica,104.7,89,TV,4.98,2024-12-13,2025-02-08,False
2998,Proyector,115.84,10.0,2024-10-10,Electrónica,1158.4,67,TV,3.68,2024-05-22,2024-07-12,False
2998,Proyector,115.84,10.0,2024-10-10,Electrónica,1158.4,37,Email,3.22,2024-07-06,2024-07-26,False
2998,Proyector,115.84,10.0,2024-10-10,Electrónica,1158.4,7,RRSS,5.57,2024-07-30,2024-08-16,False
382,Cuadro decorativo,115.19,3.0,2024-10-11,Decoración,345.57,1,RRSS,5.27,2024-04-27,2024-06-04,False
382,Cuadro decorativo,115.19,3.0,2024-10-11,Decoración,345.57,31,Email,5.28,2024-08-15,2024-09-12,False
382,Cuadro decorativo,115.19,3.0,2024-10-11,Decoración,345.57,61,TV,5.3,2024-11-05,2024-12-23,False
438,Rincón de plantas,104.88,10.0,2024-10-11,Decoración,1048.8,38,Email,5.76,2024-06-14,2024-07-15,False
438,Rincón de plantas,104.88,10.0,2024-10-11,Decoración,1048.8,8,RRSS,4.88,2024-08-03,2024-08-18,False
438,Rincón de plantas,104.88,10.0,2024-10-11,Decoración,1048.8,68,TV,5.81,2024-12-17,2025-02-14,False
584,Jarrón decorativo,77.31,8.0,2024-10-11,Decoración,618.48,15,RRSS,4.65,2024-05-09,2024-06-13,False
584,Jarrón decorativo,77.31,8.0,2024-10-11,Decoración,618.48,45,Email,4.52,2024-06-05,2024-07-31,False
584,Jarrón decorativo,77.31,8.0,2024-10-11,Decoración,618.48,75,TV,4.1,2024-11-03,2024-12-25,False
778,Rincón de plantas,32.69,5.0,2024-10-11,Decoración,163.45,38,Email,5.76,2024-06-14,2024-07-15,False
778,Rincón de plantas,32.69,5.0,2024-10-11,Decoración,163.45,8,RRSS,4.88,2024-08-03,2024-08-18,False
778,Rincón de plantas,32.69,5.0,2024-10-11,Decoración,163.45,68,TV,5.81,2024-12-17,2025-02-14,False
867,Elementos de cerámica,65.85,5.0,2024-10-11,Decoración,329.25,22,RRSS,5.44,2024-06-26,2024-07-15,False
867,Elementos de cerámica,65.85,5.0,2024-10-11,Decoración,329.25,82,TV,5.69,2024-09-08,2024-10-12,True
867,Elementos de cerámica,65.85,5.0,2024-10-11,Decoración,329.25,52,Email,5.74,2024-09-09,2024-09-30,False
1113,Microondas,79.45,3.0,2024-10-11,Electrodomésticos,238.35000000000002,56,Email,4.94,2024-08-06,2024-08-25,False
1113,Microondas,79.45,3.0,2024-10-11,Electrodomésticos,238.35000000000002,26,RRSS,5.0,2024-09-25,2024-10-14,True
1113,Microondas,79.45,3.0,2024-10-11,Electrodomésticos,238.35000000000002,86,TV,4.25,2024-09-25,2024-11-15,True
1567,Horno eléctrico,101.95,4.0,2024-10-11,Electrodomésticos,407.8,35,Email,5.65,2024-07-31,2024-09-29,False
1567,Horno eléctrico,101.95,4.0,2024-10-11,Electrodomésticos,407.8,5,RRSS,5.16,2024-08-22,2024-10-17,True
1567,Horno eléctrico,101.95,4.0,2024-10-11,Electrodomésticos,407.8,65,TV,3.08,2024-10-23,2024-12-11,False
1610,Plancha de vapor,91.96,1.0,2024-10-11,Electrodomésticos,91.96,36,Email,5.41,2024-04-02,2024-06-01,False
1610,Plancha de vapor,91.96,1.0,2024-10-11,Electrodomésticos,91.96,6,RRSS,4.02,2024-09-24,2024-11-02,True
1610,Plancha de vapor,91.96,1.0,2024-10-11,Electrodomésticos,91.96,66,TV,4.69,2024-10-04,2024-10-23,True
2258,SmartWatch,68.66,5.0,2024-10-11,Electrónica,343.29999999999995,85,TV,5.07,2024-04-01,2024-05-05,False
2258,SmartWatch,68.66,5.0,2024-10-11,Electrónica,343.29999999999995,55,Email,4.59,2024-10-13,2024-12-06,False
2258,SmartWatch,68.66,5.0,2024-10-11,Electrónica,343.29999999999995,25,RRSS,4.84,2024-11-23,2024-12-29,False
2732,Televisor,73.89,5.0,2024-10-11,Electrónica,369.45,29,RRSS,3.96,2024-05-17,2024-06-28,False
2732,Televisor,73.89,5.0,2024-10-11,Electrónica,369.45,59,Email,4.19,2024-11-20,2025-01-19,False
2732,Televisor,73.89,5.0,2024-10-11,Electrónica,369.45,89,TV,4.98,2024-12-13,2025-02-08,False
97,Elementos de cerámica,116.32,9.0,2024-10-12,Decoración,1046.8799999999999,22,RRSS,5.44,2024-06-26,2024-07-15,False
97,Elementos de cerámica,116.32,9.0,2024-10-12,Decoración,1046.8799999999999,82,TV,5.69,2024-09-08,2024-10-12,True
97,Elementos de cerámica,116.32,9.0,2024-10-12,Decoración,1046.8799999999999,52,Email,5.74,2024-09-09,2024-09-30,False
317,Elementos de cerámica,94.69,11.0,2024-10-12,Decoración,1041.59,22,RRSS,5.44,2024-06-26,2024-07-15,False
317,Elementos de cerámica,94.69,11.0,2024-10-12,Decoración,1041.59,82,TV,5.69,2024-09-08,2024-10-12,True
317,Elementos de cerámica,94.69,11.0,2024-10-12,Decoración,1041.59,52,Email,5.74,2024-09-09,2024-09-30,False
472,Cuadro decorativo,78.9,2.0,2024-10-12,Decoración,157.8,1,RRSS,5.27,2024-04-27,2024-06-04,False
472,Cuadro decorativo,78.9,2.0,2024-10-12,Decoración,157.8,31,Email,5.28,2024-08-15,2024-09-12,False
472,Cuadro decorativo,78.9,2.0,2024-10-12,Decoración,157.8,61,TV,5.3,2024-11-05,2024-12-23,False
725,Alfombra,111.36,11.0,2024-10-12,Decoración,1224.96,58,Email,4.25,2024-03-31,2024-05-05,False
725,Alfombra,111.36,11.0,2024-10-12,Decoración,1224.96,88,TV,7.39,2024-07-25,2024-08-31,False
725,Alfombra,111.36,11.0,2024-10-12,Decoración,1224.96,28,RRSS,5.82,2024-11-27,2025-01-08,False
1890,Plancha de vapor,102.24,9.0,2024-10-12,Electrodomésticos,920.16,36,Email,5.41,2024-04-02,2024-06-01,False
1890,Plancha de vapor,102.24,9.0,2024-10-12,Electrodomésticos,920.16,6,RRSS,4.02,2024-09-24,2024-11-02,True
1890,Plancha de vapor,102.24,9.0,2024-10-12,Electrodomésticos,920.16,66,TV,4.69,2024-10-04,2024-10-23,True
2137,Cámara digital,108.68,1.0,2024-10-12,Electrónica,108.68,18,RRSS,5.46,2024-07-16,2024-09-13,False
2137,Cámara digital,108.68,1.0,2024-10-12,Electrónica,108.68,78,TV,4.1,2024-08-02,2024-09-20,False
2137,Cámara digital,108.68,1.0,2024-10-12,Electrónica,108.68,48,Email,6.84,2024-10-31,2024-12-09,False
2242,Televisor,72.27,7.0,2024-10-12,Electrónica,505.89,29,RRSS,3.96,2024-05-17,2024-06-28,False
2242,Televisor,72.27,7.0,2024-10-12,Electrónica,505.89,59,Email,4.19,2024-11-20,2025-01-19,False
2242,Televisor,72.27,7.0,2024-10-12,Electrónica,505.89,89,TV,4.98,2024-12-13,2025-02-08,False
2352,Televisor,82.27,2.0,2024-10-12,Electrónica,164.54,29,RRSS,3.96,2024-05-17,2024-06-28,False
2352,Televisor,82.27,2.0,2024-10-12,Electrónica,164.54,59,Email,4.19,2024-11-20,2025-01-19,False
2352,Televisor,82.27,2.0,2024-10-12,Electrónica,164.54,89,TV,4.98,2024-12-13,2025-02-08,False
2359,Proyector,52.24,10.0,2024-10-12,Electrónica,522.4,67,TV,3.68,2024-05-22,2024-07-12,False
2359,Proyector,52.24,10.0,2024-10-12,Electrónica,522.4,37,Email,3.22,2024-07-06,2024-07-26,False
2359,Proyector,52.24,10.0,2024-10-12,Electrónica,522.4,7,RRSS,5.57,2024-07-30,2024-08-16,False
2470,Consola de videojuegos,111.81,9.0,2024-10-12,Electrónica,1006.29,50,Email,4.97,2024-05-03,2024-05-28,False
2470,Consola de videojuegos,111.81,9.0,2024-10-12,Electrónica,1006.29,20,RRSS,3.16,2024-07-15,2024-08-03,False
2470,Consola de videojuegos,111.81,9.0,2024-10-12,Electrónica,1006.29,80,TV,4.64,2024-11-01,2024-11-20,False
2821,Parlantes Bluetooth,117.62,9.0,2024-10-12,Electrónica,1058.58,84,TV,4.42,2024-04-17,2024-05-05,False
2821,Parlantes Bluetooth,117.62,9.0,2024-10-12,Electrónica,1058.58,54,Email,2.95,2024-08-09,2024-09-22,False
2821,Parlantes Bluetooth,117.62,9.0,2024-10-12,Electrónica,1058.58,24,RRSS,6.0,2024-09-22,2024-10-26,True
646,Cortinas,44.98,6.0,2024-10-13,Decoración,269.88,43,Email,5.67,2024-05-02,2024-06-17,False
646,Cortinas,44.98,6.0,2024-10-13,Decoración,269.88,73,TV,6.47,2024-08-17,2024-09-26,False
646,Cortinas,44.98,6.0,2024-10-13,Decoración,269.88,13,RRSS,5.22,2024-09-16,2024-10-15,True
1034,Aspiradora,44.82,2.0,2024-10-13,Electrodomésticos,89.64,40,Email,6.24,2024-06-24,2024-08-12,False
1034,Aspiradora,44.82,2.0,2024-10-13,Electrodomésticos,89.64,10,RRSS,7.16,2024-08-19,2024-09-19,False
1034,Aspiradora,44.82,2.0,2024-10-13,Electrodomésticos,89.64,70,TV,3.06,2024-12-13,2024-12-29,False
2075,Auriculares,75.39,7.0,2024-10-13,Electrónica,527.73,47,Email,4.19,2024-06-02,2024-07-22,False
2075,Auriculares,75.39,7.0,2024-10-13,Electrónica,527.73,17,RRSS,6.06,2024-07-15,2024-08-15,False
2075,Auriculares,75.39,7.0,2024-10-13,Electrónica,527.73,77,TV,4.99,2024-11-11,2024-12-06,False
2710,Consola de videojuegos,41.81,7.0,2024-10-13,Electrónica,292.67,50,Email,4.97,2024-05-03,2024-05-28,False
2710,Consola de videojuegos,41.81,7.0,2024-10-13,Electrónica,292.67,20,RRSS,3.16,2024-07-15,2024-08-03,False
2710,Consola de videojuegos,41.81,7.0,2024-10-13,Electrónica,292.67,80,TV,4.64,2024-11-01,2024-11-20,False
182,Cuadro decorativo,78.36,11.0,2024-10-14,Decoración,861.96,1,RRSS,5.27,2024-04-27,2024-06-04,False
182,Cuadro decorativo,78.36,11.0,2024-10-14,Decoración,861.96,31,Email,5.28,2024-08-15,2024-09-12,False
182,Cuadro decorativo,78.36,11.0,2024-10-14,Decoración,861.96,61,TV,5.3,2024-11-05,2024-12-23,False
1178,Cafetera,61.69,8.0,2024-10-14,Electrodomésticos,493.52,49,Email,5.2,2024-06-20,2024-07-22,False
1178,Cafetera,61.69,8.0,2024-10-14,Electrodomésticos,493.52,79,TV,7.26,2024-08-13,2024-10-11,False
1178,Cafetera,61.69,8.0,2024-10-14,Electrodomésticos,493.52,19,RRSS,5.7,2024-08-19,2024-09-15,False
1687,Horno eléctrico,117.85,5.0,2024-10-14,Electrodomésticos,589.25,35,Email,5.65,2024-07-31,2024-09-29,False
1687,Horno eléctrico,117.85,5.0,2024-10-14,Electrodomésticos,589.25,5,RRSS,5.16,2024-08-22,2024-10-17,True
1687,Horno eléctrico,117.85,5.0,2024-10-14,Electrodomésticos,589.25,65,TV,3.08,2024-10-23,2024-12-11,False
1850,Plancha de vapor,28.6,5.0,2024-10-14,Electrodomésticos,143.0,36,Email,5.41,2024-04-02,2024-06-01,False
1850,Plancha de vapor,28.6,5.0,2024-10-14,Electrodomésticos,143.0,6,RRSS,4.02,2024-09-24,2024-11-02,True
1850,Plancha de vapor,28.6,5.0,2024-10-14,Electrodomésticos,143.0,66,TV,4.69,2024-10-04,2024-10-23,True
2291,Parlantes Bluetooth,111.95,5.0,2024-10-14,Electrónica,559.75,84,TV,4.42,2024-04-17,2024-05-05,False
2291,Parlantes Bluetooth,111.95,5.0,2024-10-14,Electrónica,559.75,54,Email,2.95,2024-08-09,2024-09-22,False
2291,Parlantes Bluetooth,111.95,5.0,2024-10-14,Electrónica,559.75,24,RRSS,6.0,2024-09-22,2024-10-26,True
520,Adorno de pared,85.98,5.0,2024-10-15,Decoración,429.90000000000003,74,TV,4.81,2024-03-20,2024-05-03,False
520,Adorno de pared,85.98,5.0,2024-10-15,Decoración,429.90000000000003,44,Email,5.08,2024-04-13,2024-05-10,False
520,Adorno de pared,85.98,5.0,2024-10-15,Decoración,429.90000000000003,14,RRSS,4.16,2024-10-22,2024-12-21,False
564,Jarrón decorativo,51.28,7.0,2024-10-15,Decoración,358.96000000000004,15,RRSS,4.65,2024-05-09,2024-06-13,False
564,Jarrón decorativo,51.28,7.0,2024-10-15,Decoración,358.96000000000004,45,Email,4.52,2024-06-05,2024-07-31,False
564,Jarrón decorativo,51.28,7.0,2024-10-15,Decoración,358.96000000000004,75,TV,4.1,2024-11-03,2024-12-25,False
990,Adorno de pared,76.72,3.0,2024-10-15,Decoración,230.16,74,TV,4.81,2024-03-20,2024-05-03,False
990,Adorno de pared,76.72,3.0,2024-10-15,Decoración,230.16,44,Email,5.08,2024-04-13,2024-05-10,False
990,Adorno de pared,76.72,3.0,2024-10-15,Decoración,230.16,14,RRSS,4.16,2024-10-22,2024-12-21,False
999,Candelabro,47.09,5.0,2024-10-15,Decoración,235.45000000000002,69,TV,3.25,2024-05-29,2024-06-30,False
999,Candelabro,47.09,5.0,2024-10-15,Decoración,235.45000000000002,39,Email,6.08,2024-07-17,2024-08-18,False
999,Candelabro,47.09,5.0,2024-10-15,Decoración,235.45000000000002,9,RRSS,5.32,2024-10-08,2024-11-16,True
1308,Cafetera,96.89,7.0,2024-10-15,Electrodomésticos,678.23,49,Email,5.2,2024-06-20,2024-07-22,False
1308,Cafetera,96.89,7.0,2024-10-15,Electrodomésticos,678.23,79,TV,7.26,2024-08-13,2024-10-11,False
1308,Cafetera,96.89,7.0,2024-10-15,Electrodomésticos,678.23,19,RRSS,5.7,2024-08-19,2024-09-15,False
2667,Cámara digital,26.32,4.0,2024-10-15,Electrónica,105.28,18,RRSS,5.46,2024-07-16,2024-09-13,False
2667,Cámara digital,26.32,4.0,2024-10-15,Electrónica,105.28,78,TV,4.1,2024-08-02,2024-09-20,False
2667,Cámara digital,26.32,4.0,2024-10-15,Electrónica,105.28,48,Email,6.84,2024-10-31,2024-12-09,False
2960,Consola de videojuegos,87.02,11.0,2024-10-15,Electrónica,957.2199999999999,50,Email,4.97,2024-05-03,2024-05-28,False
2960,Consola de videojuegos,87.02,11.0,2024-10-15,Electrónica,957.2199999999999,20,RRSS,3.16,2024-07-15,2024-08-03,False
2960,Consola de videojuegos,87.02,11.0,2024-10-15,Electrónica,957.2199999999999,80,TV,4.64,2024-11-01,2024-11-20,False
1321,Freidora eléctrica,28.16,4.0,2024-10-16,Electrodomésticos,112.64,71,TV,4.37,2024-06-05,2024-07-24,False
1321,Freidora eléctrica,28.16,4.0,2024-10-16,Electrodomésticos,112.64,41,Email,3.92,2024-11-23,2025-01-01,False
1321,Freidora eléctrica,28.16,4.0,2024-10-16,Electrodomésticos,112.64,11,RRSS,5.27,2024-12-29,2025-01-21,False
1637,Horno eléctrico,93.24,11.0,2024-10-16,Electrodomésticos,1025.6399999999999,35,Email,5.65,2024-07-31,2024-09-29,False
1637,Horno eléctrico,93.24,11.0,2024-10-16,Electrodomésticos,1025.6399999999999,5,RRSS,5.16,2024-08-22,2024-10-17,True
1637,Horno eléctrico,93.24,11.0,2024-10-16,Electrodomésticos,1025.6399999999999,65,TV,3.08,2024-10-23,2024-12-11,False
2427,Cámara digital,96.56,1.0,2024-10-16,Electrónica,96.56,18,RRSS,5.46,2024-07-16,2024-09-13,False
2427,Cámara digital,96.56,1.0,2024-10-16,Electrónica,96.56,78,TV,4.1,2024-08-02,2024-09-20,False
2427,Cámara digital,96.56,1.0,2024-10-16,Electrónica,96.56,48,Email,6.84,2024-10-31,2024-12-09,False
2448,SmartWatch,109.91,12.0,2024-10-16,Electrónica,1318.92,85,TV,5.07,2024-04-01,2024-05-05,False
2448,SmartWatch,109.91,12.0,2024-10-16,Electrónica,1318.92,55,Email,4.59,2024-10-13,2024-12-06,True
2448,SmartWatch,109.91,12.0,2024-10-16,Electrónica,1318.92,25,RRSS,4.84,2024-11-23,2024-12-29,False
266,Cortinas,91.78,5.0,2024-10-17,Decoración,458.9,43,Email,5.67,2024-05-02,2024-06-17,False
266,Cortinas,91.78,5.0,2024-10-17,Decoración,458.9,73,TV,6.47,2024-08-17,2024-09-26,False
266,Cortinas,91.78,5.0,2024-10-17,Decoración,458.9,13,RRSS,5.22,2024-09-16,2024-10-15,False
278,Rincón de plantas,122.76,10.0,2024-10-17,Decoración,1227.6000000000001,38,Email,5.76,2024-06-14,2024-07-15,False
278,Rincón de plantas,122.76,10.0,2024-10-17,Decoración,1227.6000000000001,8,RRSS,4.88,2024-08-03,2024-08-18,False
278,Rincón de plantas,122.76,10.0,2024-10-17,Decoración,1227.6000000000001,68,TV,5.81,2024-12-17,2025-02-14,False
329,Candelabro,72.5,11.0,2024-10-17,Decoración,797.5,69,TV,3.25,2024-05-29,2024-06-30,False
329,Candelabro,72.5,11.0,2024-10-17,Decoración,797.5,39,Email,6.08,2024-07-17,2024-08-18,False
329,Candelabro,72.5,11.0,2024-10-17,Decoración,797.5,9,RRSS,5.32,2024-10-08,2024-11-16,True
355,Alfombra,124.48,4.0,2024-10-17,Decoración,497.92,58,Email,4.25,2024-03-31,2024-05-05,False
355,Alfombra,124.48,4.0,2024-10-17,Decoración,497.92,88,TV,7.39,2024-07-25,2024-08-31,False
355,Alfombra,124.48,4.0,2024-10-17,Decoración,497.92,28,RRSS,5.82,2024-11-27,2025-01-08,False
440,Adorno de pared,113.49,2.0,2024-10-17,Decoración,226.98,74,TV,4.81,2024-03-20,2024-05-03,False
440,Adorno de pared,113.49,2.0,2024-10-17,Decoración,226.98,44,Email,5.08,2024-04-13,2024-05-10,False
440,Adorno de pared,113.49,2.0,2024-10-17,Decoración,226.98,14,RRSS,4.16,2024-10-22,2024-12-21,False
1326,Secadora,109.4,7.0,2024-10-18,Electrodomésticos,765.8000000000001,3,RRSS,5.1,2024-07-24,2024-08-30,False
1326,Secadora,109.4,7.0,2024-10-18,Electrodomésticos,765.8000000000001,63,TV,5.69,2024-11-03,2024-11-28,False
1326,Secadora,109.4,7.0,2024-10-18,Electrodomésticos,765.8000000000001,33,Email,3.8,2024-12-20,2025-01-07,False
1512,Heladera,37.72,10.0,2024-10-18,Electrodomésticos,377.2,34,Email,4.2,2024-05-06,2024-07-05,False
1512,Heladera,37.72,10.0,2024-10-18,Electrodomésticos,377.2,4,RRSS,4.53,2024-05-31,2024-07-15,False
1512,Heladera,37.72,10.0,2024-10-18,Electrodomésticos,377.2,64,TV,4.38,2024-07-10,2024-08-09,False
1534,Aspiradora,96.98,8.0,2024-10-18,Electrodomésticos,775.84,40,Email,6.24,2024-06-24,2024-08-12,False
1534,Aspiradora,96.98,8.0,2024-10-18,Electrodomésticos,775.84,10,RRSS,7.16,2024-08-19,2024-09-19,False
1534,Aspiradora,96.98,8.0,2024-10-18,Electrodomésticos,775.84,70,TV,3.06,2024-12-13,2024-12-29,False
2614,Auriculares,47.88,4.0,2024-10-18,Electrónica,191.52,47,Email,4.19,2024-06-02,2024-07-22,False
2614,Auriculares,47.88,4.0,2024-10-18,Electrónica,191.52,17,RRSS,6.06,2024-07-15,2024-08-15,False
2614,Auriculares,47.88,4.0,2024-10-18,Electrónica,191.52,77,TV,4.99,2024-11-11,2024-12-06,False
9,Candelabro,51.38,5.0,2024-10-19,Decoración,256.90000000000003,69,TV,3.25,2024-05-29,2024-06-30,False
9,Candelabro,51.38,5.0,2024-10-19,Decoración,256.90000000000003,39,Email,6.08,2024-07-17,2024-08-18,False
9,Candelabro,51.38,5.0,2024-10-19,Decoración,256.90000000000003,9,RRSS,5.32,2024-10-08,2024-11-16,True
1574,Aspiradora,92.59,10.0,2024-10-19,Electrodomésticos,925.9000000000001,40,Email,6.24,2024-06-24,2024-08-12,False
1574,Aspiradora,92.59,10.0,2024-10-19,Electrodomésticos,925.9000000000001,10,RRSS,7.16,2024-08-19,2024-09-19,False
1574,Aspiradora,92.59,10.0,2024-10-19,Electrodomésticos,925.9000000000001,70,TV,3.06,2024-12-13,2024-12-29,False
1615,Lavadora,114.4,1.0,2024-10-19,Electrodomésticos,114.4,46,Email,3.63,2024-05-12,2024-05-29,False
1615,Lavadora,114.4,1.0,2024-10-19,Electrodomésticos,114.4,76,TV,4.66,2024-05-26,2024-07-02,False
1615,Lavadora,114.4,1.0,2024-10-19,Electrodomésticos,114.4,16,RRSS,3.56,2024-08-14,2024-09-20,False
1713,Microondas,65.46,5.0,2024-10-19,Electrodomésticos,327.29999999999995,56,Email,4.94,2024-08-06,2024-08-25,False
1713,Microondas,65.46,5.0,2024-10-19,Electrodomésticos,327.29999999999995,26,RRSS,5.0,2024-09-25,2024-10-14,False
1713,Microondas,65.46,5.0,2024-10-19,Electrodomésticos,327.29999999999995,86,TV,4.25,2024-09-25,2024-11-15,True
1859,Batidora,81.35,8.0,2024-10-19,Electrodomésticos,650.8,57,Email,4.48,2024-04-10,2024-06-08,False
1859,Batidora,81.35,8.0,2024-10-19,Electrodomésticos,650.8,87,TV,6.28,2024-08-27,2024-10-11,False
1859,Batidora,81.35,8.0,2024-10-19,Electrodomésticos,650.8,27,RRSS,4.52,2024-11-01,2024-12-08,False
2886,Laptop,49.03,12.0,2024-10-19,Electrónica,588.36,60,Email,4.89,2024-09-28,2024-10-27,True
2886,Laptop,49.03,12.0,2024-10-19,Electrónica,588.36,30,RRSS,4.68,2024-10-23,2024-11-24,False
2886,Laptop,49.03,12.0,2024-10-19,Electrónica,588.36,90,TV,5.62,2024-11-16,2025-01-13,False
33,Espejo decorativo,113.71,7.0,2024-10-20,Decoración,795.9699999999999,83,TV,5.24,2024-05-31,2024-07-08,False
33,Espejo decorativo,113.71,7.0,2024-10-20,Decoración,795.9699999999999,53,Email,4.9,2024-07-17,2024-08-01,False
33,Espejo decorativo,113.71,7.0,2024-10-20,Decoración,795.9699999999999,23,RRSS,4.75,2024-08-28,2024-10-17,False
72,Cuadro decorativo,111.56,1.0,2024-10-20,Decoración,111.56,1,RRSS,5.27,2024-04-27,2024-06-04,False
72,Cuadro decorativo,111.56,1.0,2024-10-20,Decoración,111.56,31,Email,5.28,2024-08-15,2024-09-12,False
72,Cuadro decorativo,111.56,1.0,2024-10-20,Decoración,111.56,61,TV,5.3,2024-11-05,2024-12-23,False
2923,Smartphone,33.63,5.0,2024-10-20,Electrónica,168.15,21,RRSS,6.37,2024-03-29,2024-05-16,False
2923,Smartphone,33.63,5.0,2024-10-20,Electrónica,168.15,51,Email,4.65,2024-05-28,2024-06-15,False
2923,Smartphone,33.63,5.0,2024-10-20,Electrónica,168.15,81,TV,4.78,2024-09-28,2024-10-24,True
2933,Smartphone,74.88,5.0,2024-10-20,Electrónica,374.4,21,RRSS,6.37,2024-03-29,2024-05-16,False
2933,Smartphone,74.88,5.0,2024-10-20,Electrónica,374.4,51,Email,4.65,2024-05-28,2024-06-15,False
2933,Smartphone,74.88,5.0,2024-10-20,Electrónica,374.4,81,TV,4.78,2024-09-28,2024-10-24,True
591,Lámpara de mesa,74.62,1.0,2024-10-21,Decoración,74.62,32,Email,5.54,2024-03-28,2024-04-20,False
591,Lámpara de mesa,74.62,1.0,2024-10-21,Decoración,74.62,2,RRSS,5.88,2024-05-30,2024-06-29,False
591,Lámpara de mesa,74.62,1.0,2024-10-21,Decoración,74.62,62,TV,4.51,2024-08-26,2024-10-07,False
620,Adorno de pared,92.16,4.0,2024-10-21,Decoración,368.64,74,TV,4.81,2024-03-20,2024-05-03,False
620,Adorno de pared,92.16,4.0,2024-10-21,Decoración,368.64,44,Email,5.08,2024-04-13,2024-05-10,False
620,Adorno de pared,92.16,4.0,2024-10-21,Decoración,368.64,14,RRSS,4.16,2024-10-22,2024-12-21,False
680,Adorno de pared,76.66,3.0,2024-10-21,Decoración,229.98,74,TV,4.81,2024-03-20,2024-05-03,False
680,Adorno de pared,76.66,3.0,2024-10-21,Decoración,229.98,44,Email,5.08,2024-04-13,2024-05-10,False
680,Adorno de pared,76.66,3.0,2024-10-21,Decoración,229.98,14,RRSS,4.16,2024-10-22,2024-12-21,False
864,Jarrón decorativo,55.89,2.0,2024-10-21,Decoración,111.78,15,RRSS,4.65,2024-05-09,2024-06-13,False
864,Jarrón decorativo,55.89,2.0,2024-10-21,Decoración,111.78,45,Email,4.52,2024-06-05,2024-07-31,False
864,Jarrón decorativo,55.89,2.0,2024-10-21,Decoración,111.78,75,TV,4.1,2024-11-03,2024-12-25,False
1215,Lavadora,91.79,10.0,2024-10-21,Electrodomésticos,917.9000000000001,46,Email,3.63,2024-05-12,2024-05-29,False
1215,Lavadora,91.79,10.0,2024-10-21,Electrodomésticos,917.9000000000001,76,TV,4.66,2024-05-26,2024-07-02,False
1215,Lavadora,91.79,10.0,2024-10-21,Electrodomésticos,917.9000000000001,16,RRSS,3.56,2024-08-14,2024-09-20,False
1385,Lavadora,111.51,3.0,2024-10-21,Electrodomésticos,334.53000000000003,46,Email,3.63,2024-05-12,2024-05-29,False
1385,Lavadora,111.51,3.0,2024-10-21,Electrodomésticos,334.53000000000003,76,TV,4.66,2024-05-26,2024-07-02,False
1385,Lavadora,111.51,3.0,2024-10-21,Electrodomésticos,334.53000000000003,16,RRSS,3.56,2024-08-14,2024-09-20,False
18,Rincón de plantas,37.09,3.0,2024-10-22,Decoración,111.27000000000001,38,Email,5.76,2024-06-14,2024-07-15,False
18,Rincón de plantas,37.09,3.0,2024-10-22,Decoración,111.27000000000001,8,RRSS,4.88,2024-08-03,2024-08-18,False
18,Rincón de plantas,37.09,3.0,2024-10-22,Decoración,111.27000000000001,68,TV,5.81,2024-12-17,2025-02-14,False
776,Cortinas,56.8,1.0,2024-10-22,Decoración,56.8,43,Email,5.67,2024-05-02,2024-06-17,False
776,Cortinas,56.8,1.0,2024-10-22,Decoración,56.8,73,TV,6.47,2024-08-17,2024-09-26,False
776,Cortinas,56.8,1.0,2024-10-22,Decoración,56.8,13,RRSS,5.22,2024-09-16,2024-10-15,False
942,Cuadro decorativo,99.04,8.0,2024-10-22,Decoración,792.32,1,RRSS,5.27,2024-04-27,2024-06-04,False
942,Cuadro decorativo,99.04,8.0,2024-10-22,Decoración,792.32,31,Email,5.28,2024-08-15,2024-09-12,False
942,Cuadro decorativo,99.04,8.0,2024-10-22,Decoración,792.32,61,TV,5.3,2024-11-05,2024-12-23,False
1766,Secadora,65.13,9.0,2024-10-22,Electrodomésticos,586.17,3,RRSS,5.1,2024-07-24,2024-08-30,False
1766,Secadora,65.13,9.0,2024-10-22,Electrodomésticos,586.17,63,TV,5.69,2024-11-03,2024-11-28,False
1766,Secadora,65.13,9.0,2024-10-22,Electrodomésticos,586.17,33,Email,3.8,2024-12-20,2025-01-07,False
1891,Freidora eléctrica,112.96,6.0,2024-10-22,Electrodomésticos,677.76,71,TV,4.37,2024-06-05,2024-07-24,False
1891,Freidora eléctrica,112.96,6.0,2024-10-22,Electrodomésticos,677.76,41,Email,3.92,2024-11-23,2025-01-01,False
1891,Freidora eléctrica,112.96,6.0,2024-10-22,Electrodomésticos,677.76,11,RRSS,5.27,2024-12-29,2025-01-21,False
2043,Smartphone,30.55,4.0,2024-10-22,Electrónica,122.2,21,RRSS,6.37,2024-03-29,2024-05-16,False
2043,Smartphone,30.55,4.0,2024-10-22,Electrónica,122.2,51,Email,4.65,2024-05-28,2024-06-15,False
2043,Smartphone,30.55,4.0,2024-10-22,Electrónica,122.2,81,TV,4.78,2024-09-28,2024-10-24,True
2128,SmartWatch,123.02,6.0,2024-10-22,Electrónica,738.12,85,TV,5.07,2024-04-01,2024-05-05,False
2128,SmartWatch,123.02,6.0,2024-10-22,Electrónica,738.12,55,Email,4.59,2024-10-13,2024-12-06,True
2128,SmartWatch,123.02,6.0,2024-10-22,Electrónica,738.12,25,RRSS,4.84,2024-11-23,2024-12-29,False
2472,Televisor,67.41,1.0,2024-10-22,Electrónica,67.41,29,RRSS,3.96,2024-05-17,2024-06-28,False
2472,Televisor,67.41,1.0,2024-10-22,Electrónica,67.41,59,Email,4.19,2024-11-20,2025-01-19,False
2472,Televisor,67.41,1.0,2024-10-22,Electrónica,67.41,89,TV,4.98,2024-12-13,2025-02-08,False
2940,Consola de videojuegos,34.04,6.0,2024-10-22,Electrónica,204.24,50,Email,4.97,2024-05-03,2024-05-28,False
2940,Consola de videojuegos,34.04,6.0,2024-10-22,Electrónica,204.24,20,RRSS,3.16,2024-07-15,2024-08-03,False
2940,Consola de videojuegos,34.04,6.0,2024-10-22,Electrónica,204.24,80,TV,4.64,2024-11-01,2024-11-20,False
596,Cortinas,75.96,7.0,2024-10-23,Decoración,531.7199999999999,43,Email,5.67,2024-05-02,2024-06-17,False
596,Cortinas,75.96,7.0,2024-10-23,Decoración,531.7199999999999,73,TV,6.47,2024-08-17,2024-09-26,False
596,Cortinas,75.96,7.0,2024-10-23,Decoración,531.7199999999999,13,RRSS,5.22,2024-09-16,2024-10-15,False
1206,Secadora,44.22,1.0,2024-10-23,Electrodomésticos,44.22,3,RRSS,5.1,2024-07-24,2024-08-30,False
1206,Secadora,44.22,1.0,2024-10-23,Electrodomésticos,44.22,63,TV,5.69,2024-11-03,2024-11-28,False
1206,Secadora,44.22,1.0,2024-10-23,Electrodomésticos,44.22,33,Email,3.8,2024-12-20,2025-01-07,False
1214,Aspiradora,121.66,3.0,2024-10-23,Electrodomésticos,364.98,40,Email,6.24,2024-06-24,2024-08-12,False
1214,Aspiradora,121.66,3.0,2024-10-23,Electrodomésticos,364.98,10,RRSS,7.16,2024-08-19,2024-09-19,False
1214,Aspiradora,121.66,3.0,2024-10-23,Electrodomésticos,364.98,70,TV,3.06,2024-12-13,2024-12-29,False
2051,Parlantes Bluetooth,49.4,9.0,2024-10-23,Electrónica,444.59999999999997,84,TV,4.42,2024-04-17,2024-05-05,False
2051,Parlantes Bluetooth,49.4,9.0,2024-10-23,Electrónica,444.59999999999997,54,Email,2.95,2024-08-09,2024-09-22,False
2051,Parlantes Bluetooth,49.4,9.0,2024-10-23,Electrónica,444.59999999999997,24,RRSS,6.0,2024-09-22,2024-10-26,True
2071,Parlantes Bluetooth,87.97,12.0,2024-10-23,Electrónica,1055.6399999999999,84,TV,4.42,2024-04-17,2024-05-05,False
2071,Parlantes Bluetooth,87.97,12.0,2024-10-23,Electrónica,1055.6399999999999,54,Email,2.95,2024-08-09,2024-09-22,False
2071,Parlantes Bluetooth,87.97,12.0,2024-10-23,Electrónica,1055.6399999999999,24,RRSS,6.0,2024-09-22,2024-10-26,True
2094,Auriculares,118.97,5.0,2024-10-23,Electrónica,594.85,47,Email,4.19,2024-06-02,2024-07-22,False
2094,Auriculares,118.97,5.0,2024-10-23,Electrónica,594.85,17,RRSS,6.06,2024-07-15,2024-08-15,False
2094,Auriculares,118.97,5.0,2024-10-23,Electrónica,594.85,77,TV,4.99,2024-11-11,2024-12-06,False
2562,Televisor,78.28,9.0,2024-10-23,Electrónica,704.52,29,RRSS,3.96,2024-05-17,2024-06-28,False
2562,Televisor,78.28,9.0,2024-10-23,Electrónica,704.52,59,Email,4.19,2024-11-20,2025-01-19,False
2562,Televisor,78.28,9.0,2024-10-23,Electrónica,704.52,89,TV,4.98,2024-12-13,2025-02-08,False
2914,Auriculares,26.34,5.0,2024-10-23,Electrónica,131.7,47,Email,4.19,2024-06-02,2024-07-22,False
2914,Auriculares,26.34,5.0,2024-10-23,Electrónica,131.7,17,RRSS,6.06,2024-07-15,2024-08-15,False
2914,Auriculares,26.34,5.0,2024-10-23,Electrónica,131.7,77,TV,4.99,2024-11-11,2024-12-06,False
2965,Auriculares,70.7,11.0,2024-10-23,Electrónica,777.7,47,Email,4.19,2024-06-02,2024-07-22,False
2965,Auriculares,70.7,11.0,2024-10-23,Electrónica,777.7,17,RRSS,6.06,2024-07-15,2024-08-15,False
2965,Auriculares,70.7,11.0,2024-10-23,Electrónica,777.7,77,TV,4.99,2024-11-11,2024-12-06,False
1716,Secadora,62.92,10.0,2024-10-24,Electrodomésticos,629.2,3,RRSS,5.1,2024-07-24,2024-08-30,False
1716,Secadora,62.92,10.0,2024-10-24,Electrodomésticos,629.2,63,TV,5.69,2024-11-03,2024-11-28,False
1716,Secadora,62.92,10.0,2024-10-24,Electrodomésticos,629.2,33,Email,3.8,2024-12-20,2025-01-07,False
1925,Lavadora,91.29,4.0,2024-10-24,Electrodomésticos,365.16,46,Email,3.63,2024-05-12,2024-05-29,False
1925,Lavadora,91.29,4.0,2024-10-24,Electrodomésticos,365.16,76,TV,4.66,2024-05-26,2024-07-02,False
1925,Lavadora,91.29,4.0,2024-10-24,Electrodomésticos,365.16,16,RRSS,3.56,2024-08-14,2024-09-20,False
2183,Smartphone,110.92,7.0,2024-10-24,Electrónica,776.44,21,RRSS,6.37,2024-03-29,2024-05-16,False
2183,Smartphone,110.92,7.0,2024-10-24,Electrónica,776.44,51,Email,4.65,2024-05-28,2024-06-15,False
2183,Smartphone,110.92,7.0,2024-10-24,Electrónica,776.44,81,TV,4.78,2024-09-28,2024-10-24,True
2783,Smartphone,95.67,8.0,2024-10-24,Electrónica,765.36,21,RRSS,6.37,2024-03-29,2024-05-16,False
2783,Smartphone,95.67,8.0,2024-10-24,Electrónica,765.36,51,Email,4.65,2024-05-28,2024-06-15,False
2783,Smartphone,95.67,8.0,2024-10-24,Electrónica,765.36,81,TV,4.78,2024-09-28,2024-10-24,True
1014,Aspiradora,106.17,12.0,2024-10-25,Electrodomésticos,1274.04,40,Email,6.24,2024-06-24,2024-08-12,False
1014,Aspiradora,106.17,12.0,2024-10-25,Electrodomésticos,1274.04,10,RRSS,7.16,2024-08-19,2024-09-19,False
1014,Aspiradora,106.17,12.0,2024-10-25,Electrodomésticos,1274.04,70,TV,3.06,2024-12-13,2024-12-29,False
1357,Horno eléctrico,76.9,11.0,2024-10-25,Electrodomésticos,845.9000000000001,35,Email,5.65,2024-07-31,2024-09-29,False
1357,Horno eléctrico,76.9,11.0,2024-10-25,Electrodomésticos,845.9000000000001,5,RRSS,5.16,2024-08-22,2024-10-17,False
1357,Horno eléctrico,76.9,11.0,2024-10-25,Electrodomésticos,845.9000000000001,65,TV,3.08,2024-10-23,2024-12-11,True
1388,Cafetera,88.66,1.0,2024-10-25,Electrodomésticos,88.66,49,Email,5.2,2024-06-20,2024-07-22,False
1388,Cafetera,88.66,1.0,2024-10-25,Electrodomésticos,88.66,79,TV,7.26,2024-08-13,2024-10-11,False
1388,Cafetera,88.66,1.0,2024-10-25,Electrodomésticos,88.66,19,RRSS,5.7,2024-08-19,2024-09-15,False
2103,Smartphone,44.04,10.0,2024-10-25,Electrónica,440.4,21,RRSS,6.37,2024-03-29,2024-05-16,False
2103,Smartphone,44.04,10.0,2024-10-25,Electrónica,440.4,51,Email,4.65,2024-05-28,2024-06-15,False
2103,Smartphone,44.04,10.0,2024-10-25,Electrónica,440.4,81,TV,4.78,2024-09-28,2024-10-24,False
2132,Televisor,117.96,7.0,2024-10-25,Electrónica,825.7199999999999,29,RRSS,3.96,2024-05-17,2024-06-28,False
2132,Televisor,117.96,7.0,2024-10-25,Electrónica,825.7199999999999,59,Email,4.19,2024-11-20,2025-01-19,False
2132,Televisor,117.96,7.0,2024-10-25,Electrónica,825.7199999999999,89,TV,4.98,2024-12-13,2025-02-08,False
2311,Parlantes Bluetooth,79.72,6.0,2024-10-25,Electrónica,478.32,84,TV,4.42,2024-04-17,2024-05-05,False
2311,Parlantes Bluetooth,79.72,6.0,2024-10-25,Electrónica,478.32,54,Email,2.95,2024-08-09,2024-09-22,False
2311,Parlantes Bluetooth,79.72,6.0,2024-10-25,Electrónica,478.32,24,RRSS,6.0,2024-09-22,2024-10-26,True
2607,Cámara digital,54.75,10.0,2024-10-25,Electrónica,547.5,18,RRSS,5.46,2024-07-16,2024-09-13,False
2607,Cámara digital,54.75,10.0,2024-10-25,Electrónica,547.5,78,TV,4.1,2024-08-02,2024-09-20,False
2607,Cámara digital,54.75,10.0,2024-10-25,Electrónica,547.5,48,Email,6.84,2024-10-31,2024-12-09,False
2781,Parlantes Bluetooth,69.0,12.0,2024-10-25,Electrónica,828.0,84,TV,4.42,2024-04-17,2024-05-05,False
2781,Parlantes Bluetooth,69.0,12.0,2024-10-25,Electrónica,828.0,54,Email,2.95,2024-08-09,2024-09-22,False
2781,Parlantes Bluetooth,69.0,12.0,2024-10-25,Electrónica,828.0,24,RRSS,6.0,2024-09-22,2024-10-26,True
114,Jarrón decorativo,104.03,6.0,2024-10-26,Decoración,624.1800000000001,15,RRSS,4.65,2024-05-09,2024-06-13,False
114,Jarrón decorativo,104.03,6.0,2024-10-26,Decoración,624.1800000000001,45,Email,4.52,2024-06-05,2024-07-31,False
114,Jarrón decorativo,104.03,6.0,2024-10-26,Decoración,624.1800000000001,75,TV,4.1,2024-11-03,2024-12-25,False
690,Adorno de pared,103.95,8.0,2024-10-26,Decoración,831.6,74,TV,4.81,2024-03-20,2024-05-03,False
690,Adorno de pared,103.95,8.0,2024-10-26,Decoración,831.6,44,Email,5.08,2024-04-13,2024-05-10,False
690,Adorno de pared,103.95,8.0,2024-10-26,Decoración,831.6,14,RRSS,4.16,2024-10-22,2024-12-21,True
853,Espejo decorativo,87.21,7.0,2024-10-26,Decoración,610.4699999999999,83,TV,5.24,2024-05-31,2024-07-08,False
853,Espejo decorativo,87.21,7.0,2024-10-26,Decoración,610.4699999999999,53,Email,4.9,2024-07-17,2024-08-01,False
853,Espejo decorativo,87.21,7.0,2024-10-26,Decoración,610.4699999999999,23,RRSS,4.75,2024-08-28,2024-10-17,False
1354,Aspiradora,55.17,4.0,2024-10-26,Electrodomésticos,220.68,40,Email,6.24,2024-06-24,2024-08-12,False
1354,Aspiradora,55.17,4.0,2024-10-26,Electrodomésticos,220.68,10,RRSS,7.16,2024-08-19,2024-09-19,False
1354,Aspiradora,55.17,4.0,2024-10-26,Electrodomésticos,220.68,70,TV,3.06,2024-12-13,2024-12-29,False
1449,Batidora,73.18,12.0,2024-10-26,Electrodomésticos,878.1600000000001,57,Email,4.48,2024-04-10,2024-06-08,False
1449,Batidora,73.18,12.0,2024-10-26,Electrodomésticos,878.1600000000001,87,TV,6.28,2024-08-27,2024-10-11,False
1449,Batidora,73.18,12.0,2024-10-26,Electrodomésticos,878.1600000000001,27,RRSS,4.52,2024-11-01,2024-12-08,False
1577,Horno eléctrico,63.35,1.0,2024-10-26,Electrodomésticos,63.35,35,Email,5.65,2024-07-31,2024-09-29,False
1577,Horno eléctrico,63.35,1.0,2024-10-26,Electrodomésticos,63.35,5,RRSS,5.16,2024-08-22,2024-10-17,False
1577,Horno eléctrico,63.35,1.0,2024-10-26,Electrodomésticos,63.35,65,TV,3.08,2024-10-23,2024-12-11,True
1676,Secadora,88.46,9.0,2024-10-26,Electrodomésticos,796.14,3,RRSS,5.1,2024-07-24,2024-08-30,False
1676,Secadora,88.46,9.0,2024-10-26,Electrodomésticos,796.14,63,TV,5.69,2024-11-03,2024-11-28,False
1676,Secadora,88.46,9.0,2024-10-26,Electrodomésticos,796.14,33,Email,3.8,2024-12-20,2025-01-07,False
1733,Microondas,33.38,11.0,2024-10-26,Electrodomésticos,367.18,56,Email,4.94,2024-08-06,2024-08-25,False
1733,Microondas,33.38,11.0,2024-10-26,Electrodomésticos,367.18,26,RRSS,5.0,2024-09-25,2024-10-14,False
1733,Microondas,33.38,11.0,2024-10-26,Electrodomésticos,367.18,86,TV,4.25,2024-09-25,2024-11-15,True
1987,Horno eléctrico,113.12,6.0,2024-10-26,Electrodomésticos,678.72,35,Email,5.65,2024-07-31,2024-09-29,False
1987,Horno eléctrico,113.12,6.0,2024-10-26,Electrodomésticos,678.72,5,RRSS,5.16,2024-08-22,2024-10-17,False
1987,Horno eléctrico,113.12,6.0,2024-10-26,Electrodomésticos,678.72,65,TV,3.08,2024-10-23,2024-12-11,True
2198,SmartWatch,78.65,7.0,2024-10-26,Electrónica,550.5500000000001,85,TV,5.07,2024-04-01,2024-05-05,False
2198,SmartWatch,78.65,7.0,2024-10-26,Electrónica,550.5500000000001,55,Email,4.59,2024-10-13,2024-12-06,True
2198,SmartWatch,78.65,7.0,2024-10-26,Electrónica,550.5500000000001,25,RRSS,4.84,2024-11-23,2024-12-29,False
2285,Auriculares,57.38,1.0,2024-10-26,Electrónica,57.38,47,Email,4.19,2024-06-02,2024-07-22,False
2285,Auriculares,57.38,1.0,2024-10-26,Electrónica,57.38,17,RRSS,6.06,2024-07-15,2024-08-15,False
2285,Auriculares,57.38,1.0,2024-10-26,Electrónica,57.38,77,TV,4.99,2024-11-11,2024-12-06,False
2878,SmartWatch,122.44,5.0,2024-10-26,Electrónica,612.2,85,TV,5.07,2024-04-01,2024-05-05,False
2878,SmartWatch,122.44,5.0,2024-10-26,Electrónica,612.2,55,Email,4.59,2024-10-13,2024-12-06,True
2878,SmartWatch,122.44,5.0,2024-10-26,Electrónica,612.2,25,RRSS,4.84,2024-11-23,2024-12-29,False
25,Alfombra,38.69,1.0,2024-10-27,Decoración,38.69,58,Email,4.25,2024-03-31,2024-05-05,False
25,Alfombra,38.69,1.0,2024-10-27,Decoración,38.69,88,TV,7.39,2024-07-25,2024-08-31,False
25,Alfombra,38.69,1.0,2024-10-27,Decoración,38.69,28,RRSS,5.82,2024-11-27,2025-01-08,False
674,Jarrón decorativo,108.63,9.0,2024-10-27,Decoración,977.67,15,RRSS,4.65,2024-05-09,2024-06-13,False
674,Jarrón decorativo,108.63,9.0,2024-10-27,Decoración,977.67,45,Email,4.52,2024-06-05,2024-07-31,False
674,Jarrón decorativo,108.63,9.0,2024-10-27,Decoración,977.67,75,TV,4.1,2024-11-03,2024-12-25,False
755,Alfombra,27.68,3.0,2024-10-27,Decoración,83.03999999999999,58,Email,4.25,2024-03-31,2024-05-05,False
755,Alfombra,27.68,3.0,2024-10-27,Decoración,83.03999999999999,88,TV,7.39,2024-07-25,2024-08-31,False
755,Alfombra,27.68,3.0,2024-10-27,Decoración,83.03999999999999,28,RRSS,5.82,2024-11-27,2025-01-08,False
835,Alfombra,85.65,6.0,2024-10-27,Decoración,513.9000000000001,58,Email,4.25,2024-03-31,2024-05-05,False
835,Alfombra,85.65,6.0,2024-10-27,Decoración,513.9000000000001,88,TV,7.39,2024-07-25,2024-08-31,False
835,Alfombra,85.65,6.0,2024-10-27,Decoración,513.9000000000001,28,RRSS,5.82,2024-11-27,2025-01-08,False
1005,Lavadora,44.34,3.0,2024-10-27,Electrodomésticos,133.02,46,Email,3.63,2024-05-12,2024-05-29,False
1005,Lavadora,44.34,3.0,2024-10-27,Electrodomésticos,133.02,76,TV,4.66,2024-05-26,2024-07-02,False
1005,Lavadora,44.34,3.0,2024-10-27,Electrodomésticos,133.02,16,RRSS,3.56,2024-08-14,2024-09-20,False
1033,Microondas,113.6,3.0,2024-10-27,Electrodomésticos,340.79999999999995,56,Email,4.94,2024-08-06,2024-08-25,False
1033,Microondas,113.6,3.0,2024-10-27,Electrodomésticos,340.79999999999995,26,RRSS,5.0,2024-09-25,2024-10-14,False
1033,Microondas,113.6,3.0,2024-10-27,Electrodomésticos,340.79999999999995,86,TV,4.25,2024-09-25,2024-11-15,True
1092,Heladera,99.93,6.0,2024-10-27,Electrodomésticos,599.58,34,Email,4.2,2024-05-06,2024-07-05,False
1092,Heladera,99.93,6.0,2024-10-27,Electrodomésticos,599.58,4,RRSS,4.53,2024-05-31,2024-07-15,False
1092,Heladera,99.93,6.0,2024-10-27,Electrodomésticos,599.58,64,TV,4.38,2024-07-10,2024-08-09,False
1094,Aspiradora,115.5,8.0,2024-10-27,Electrodomésticos,924.0,40,Email,6.24,2024-06-24,2024-08-12,False
1094,Aspiradora,115.5,8.0,2024-10-27,Electrodomésticos,924.0,10,RRSS,7.16,2024-08-19,2024-09-19,False
1094,Aspiradora,115.5,8.0,2024-10-27,Electrodomésticos,924.0,70,TV,3.06,2024-12-13,2024-12-29,False
1349,Batidora,100.89,5.0,2024-10-27,Electrodomésticos,504.45,57,Email,4.48,2024-04-10,2024-06-08,False
1349,Batidora,100.89,5.0,2024-10-27,Electrodomésticos,504.45,87,TV,6.28,2024-08-27,2024-10-11,False
1349,Batidora,100.89,5.0,2024-10-27,Electrodomésticos,504.45,27,RRSS,4.52,2024-11-01,2024-12-08,False
1519,Batidora,101.17,11.0,2024-10-27,Electrodomésticos,1112.8700000000001,57,Email,4.48,2024-04-10,2024-06-08,False
1519,Batidora,101.17,11.0,2024-10-27,Electrodomésticos,1112.8700000000001,87,TV,6.28,2024-08-27,2024-10-11,False
1519,Batidora,101.17,11.0,2024-10-27,Electrodomésticos,1112.8700000000001,27,RRSS,4.52,2024-11-01,2024-12-08,False
1601,Freidora eléctrica,32.54,11.0,2024-10-27,Electrodomésticos,357.94,71,TV,4.37,2024-06-05,2024-07-24,False
1601,Freidora eléctrica,32.54,11.0,2024-10-27,Electrodomésticos,357.94,41,Email,3.92,2024-11-23,2025-01-01,False
1601,Freidora eléctrica,32.54,11.0,2024-10-27,Electrodomésticos,357.94,11,RRSS,5.27,2024-12-29,2025-01-21,False
2808,SmartWatch,54.79,9.0,2024-10-27,Electrónica,493.11,85,TV,5.07,2024-04-01,2024-05-05,False
2808,SmartWatch,54.79,9.0,2024-10-27,Electrónica,493.11,55,Email,4.59,2024-10-13,2024-12-06,True
2808,SmartWatch,54.79,9.0,2024-10-27,Electrónica,493.11,25,RRSS,4.84,2024-11-23,2024-12-29,False
343,Espejo decorativo,50.49,4.0,2024-10-28,Decoración,201.96,83,TV,5.24,2024-05-31,2024-07-08,False
343,Espejo decorativo,50.49,4.0,2024-10-28,Decoración,201.96,53,Email,4.9,2024-07-17,2024-08-01,False
343,Espejo decorativo,50.49,4.0,2024-10-28,Decoración,201.96,23,RRSS,4.75,2024-08-28,2024-10-17,False
499,Candelabro,108.91,2.0,2024-10-28,Decoración,217.82,69,TV,3.25,2024-05-29,2024-06-30,False
499,Candelabro,108.91,2.0,2024-10-28,Decoración,217.82,39,Email,6.08,2024-07-17,2024-08-18,False
499,Candelabro,108.91,2.0,2024-10-28,Decoración,217.82,9,RRSS,5.32,2024-10-08,2024-11-16,True
857,Elementos de cerámica,91.06,8.0,2024-10-28,Decoración,728.48,22,RRSS,5.44,2024-06-26,2024-07-15,False
857,Elementos de cerámica,91.06,8.0,2024-10-28,Decoración,728.48,82,TV,5.69,2024-09-08,2024-10-12,False
857,Elementos de cerámica,91.06,8.0,2024-10-28,Decoración,728.48,52,Email,5.74,2024-09-09,2024-09-30,False
1144,Aspiradora,98.46,7.0,2024-10-28,Electrodomésticos,689.2199999999999,40,Email,6.24,2024-06-24,2024-08-12,False
1144,Aspiradora,98.46,7.0,2024-10-28,Electrodomésticos,689.2199999999999,10,RRSS,7.16,2024-08-19,2024-09-19,False
1144,Aspiradora,98.46,7.0,2024-10-28,Electrodomésticos,689.2199999999999,70,TV,3.06,2024-12-13,2024-12-29,False
1487,Horno eléctrico,102.75,9.0,2024-10-28,Electrodomésticos,924.75,35,Email,5.65,2024-07-31,2024-09-29,False
1487,Horno eléctrico,102.75,9.0,2024-10-28,Electrodomésticos,924.75,5,RRSS,5.16,2024-08-22,2024-10-17,False
1487,Horno eléctrico,102.75,9.0,2024-10-28,Electrodomésticos,924.75,65,TV,3.08,2024-10-23,2024-12-11,True
1659,Batidora,101.49,6.0,2024-10-28,Electrodomésticos,608.9399999999999,57,Email,4.48,2024-04-10,2024-06-08,False
1659,Batidora,101.49,6.0,2024-10-28,Electrodomésticos,608.9399999999999,87,TV,6.28,2024-08-27,2024-10-11,False
1659,Batidora,101.49,6.0,2024-10-28,Electrodomésticos,608.9399999999999,27,RRSS,4.52,2024-11-01,2024-12-08,False
1911,Freidora eléctrica,46.16,1.0,2024-10-28,Electrodomésticos,46.16,71,TV,4.37,2024-06-05,2024-07-24,False
1911,Freidora eléctrica,46.16,1.0,2024-10-28,Electrodomésticos,46.16,41,Email,3.92,2024-11-23,2025-01-01,False
1911,Freidora eléctrica,46.16,1.0,2024-10-28,Electrodomésticos,46.16,11,RRSS,5.27,2024-12-29,2025-01-21,False
2217,Cámara digital,49.71,11.0,2024-10-28,Electrónica,546.8100000000001,18,RRSS,5.46,2024-07-16,2024-09-13,False
2217,Cámara digital,49.71,11.0,2024-10-28,Electrónica,546.8100000000001,78,TV,4.1,2024-08-02,2024-09-20,False
2217,Cámara digital,49.71,11.0,2024-10-28,Electrónica,546.8100000000001,48,Email,6.84,2024-10-31,2024-12-09,False
657,Elementos de cerámica,69.67,3.0,2024-10-29,Decoración,209.01,22,RRSS,5.44,2024-06-26,2024-07-15,False
657,Elementos de cerámica,69.67,3.0,2024-10-29,Decoración,209.01,82,TV,5.69,2024-09-08,2024-10-12,False
657,Elementos de cerámica,69.67,3.0,2024-10-29,Decoración,209.01,52,Email,5.74,2024-09-09,2024-09-30,False
1556,Secadora,117.97,3.0,2024-10-29,Electrodomésticos,353.90999999999997,3,RRSS,5.1,2024-07-24,2024-08-30,False
1556,Secadora,117.97,3.0,2024-10-29,Electrodomésticos,353.90999999999997,63,TV,5.69,2024-11-03,2024-11-28,False
1556,Secadora,117.97,3.0,2024-10-29,Electrodomésticos,353.90999999999997,33,Email,3.8,2024-12-20,2025-01-07,False
1930,Plancha de vapor,64.2,5.0,2024-10-29,Electrodomésticos,321.0,36,Email,5.41,2024-04-02,2024-06-01,False
1930,Plancha de vapor,64.2,5.0,2024-10-29,Electrodomésticos,321.0,6,RRSS,4.02,2024-09-24,2024-11-02,True
1930,Plancha de vapor,64.2,5.0,2024-10-29,Electrodomésticos,321.0,66,TV,4.69,2024-10-04,2024-10-23,False
2033,Smartphone,29.94,11.0,2024-10-29,Electrónica,329.34000000000003,21,RRSS,6.37,2024-03-29,2024-05-16,False
2033,Smartphone,29.94,11.0,2024-10-29,Electrónica,329.34000000000003,51,Email,4.65,2024-05-28,2024-06-15,False
2033,Smartphone,29.94,11.0,2024-10-29,Electrónica,329.34000000000003,81,TV,4.78,2024-09-28,2024-10-24,False
2107,Cámara digital,64.14,3.0,2024-10-29,Electrónica,192.42000000000002,18,RRSS,5.46,2024-07-16,2024-09-13,False
2107,Cámara digital,64.14,3.0,2024-10-29,Electrónica,192.42000000000002,78,TV,4.1,2024-08-02,2024-09-20,False
2107,Cámara digital,64.14,3.0,2024-10-29,Electrónica,192.42000000000002,48,Email,6.84,2024-10-31,2024-12-09,False
2529,Proyector,92.21,4.0,2024-10-29,Electrónica,368.84,67,TV,3.68,2024-05-22,2024-07-12,False
2529,Proyector,92.21,4.0,2024-10-29,Electrónica,368.84,37,Email,3.22,2024-07-06,2024-07-26,False
2529,Proyector,92.21,4.0,2024-10-29,Electrónica,368.84,7,RRSS,5.57,2024-07-30,2024-08-16,False
2553,Smartphone,78.89,3.0,2024-10-29,Electrónica,236.67000000000002,21,RRSS,6.37,2024-03-29,2024-05-16,False
2553,Smartphone,78.89,3.0,2024-10-29,Electrónica,236.67000000000002,51,Email,4.65,2024-05-28,2024-06-15,False
2553,Smartphone,78.89,3.0,2024-10-29,Electrónica,236.67000000000002,81,TV,4.78,2024-09-28,2024-10-24,False
2660,Consola de videojuegos,124.46,4.0,2024-10-29,Electrónica,497.84,50,Email,4.97,2024-05-03,2024-05-28,False
2660,Consola de videojuegos,124.46,4.0,2024-10-29,Electrónica,497.84,20,RRSS,3.16,2024-07-15,2024-08-03,False
2660,Consola de videojuegos,124.46,4.0,2024-10-29,Electrónica,497.84,80,TV,4.64,2024-11-01,2024-11-20,False
2774,Auriculares,37.77,7.0,2024-10-29,Electrónica,264.39000000000004,47,Email,4.19,2024-06-02,2024-07-22,False
2774,Auriculares,37.77,7.0,2024-10-29,Electrónica,264.39000000000004,17,RRSS,6.06,2024-07-15,2024-08-15,False
2774,Auriculares,37.77,7.0,2024-10-29,Electrónica,264.39000000000004,77,TV,4.99,2024-11-11,2024-12-06,False
190,Adorno de pared,36.08,10.0,2024-10-30,Decoración,360.79999999999995,74,TV,4.81,2024-03-20,2024-05-03,False
190,Adorno de pared,36.08,10.0,2024-10-30,Decoración,360.79999999999995,44,Email,5.08,2024-04-13,2024-05-10,False
190,Adorno de pared,36.08,10.0,2024-10-30,Decoración,360.79999999999995,14,RRSS,4.16,2024-10-22,2024-12-21,True
1395,Lavadora,39.64,12.0,2024-10-30,Electrodomésticos,475.68,46,Email,3.63,2024-05-12,2024-05-29,False
1395,Lavadora,39.64,12.0,2024-10-30,Electrodomésticos,475.68,76,TV,4.66,2024-05-26,2024-07-02,False
1395,Lavadora,39.64,12.0,2024-10-30,Electrodomésticos,475.68,16,RRSS,3.56,2024-08-14,2024-09-20,False
1403,Microondas,91.18,1.0,2024-10-30,Electrodomésticos,91.18,56,Email,4.94,2024-08-06,2024-08-25,False
1403,Microondas,91.18,1.0,2024-10-30,Electrodomésticos,91.18,26,RRSS,5.0,2024-09-25,2024-10-14,False
1403,Microondas,91.18,1.0,2024-10-30,Electrodomésticos,91.18,86,TV,4.25,2024-09-25,2024-11-15,True
1872,Heladera,60.32,2.0,2024-10-30,Electrodomésticos,120.64,34,Email,4.2,2024-05-06,2024-07-05,False
1872,Heladera,60.32,2.0,2024-10-30,Electrodomésticos,120.64,4,RRSS,4.53,2024-05-31,2024-07-15,False
1872,Heladera,60.32,2.0,2024-10-30,Electrodomésticos,120.64,64,TV,4.38,2024-07-10,2024-08-09,False
2081,Parlantes Bluetooth,94.89,10.0,2024-10-30,Electrónica,948.9,84,TV,4.42,2024-04-17,2024-05-05,False
2081,Parlantes Bluetooth,94.89,10.0,2024-10-30,Electrónica,948.9,54,Email,2.95,2024-08-09,2024-09-22,False
2081,Parlantes Bluetooth,94.89,10.0,2024-10-30,Electrónica,948.9,24,RRSS,6.0,2024-09-22,2024-10-26,False
2449,Proyector,104.25,4.0,2024-10-30,Electrónica,417.0,67,TV,3.68,2024-05-22,2024-07-12,False
2449,Proyector,104.25,4.0,2024-10-30,Electrónica,417.0,37,Email,3.22,2024-07-06,2024-07-26,False
2449,Proyector,104.25,4.0,2024-10-30,Electrónica,417.0,7,RRSS,5.57,2024-07-30,2024-08-16,False
2536,Laptop,120.96,1.0,2024-10-30,Electrónica,120.96,60,Email,4.89,2024-09-28,2024-10-27,False
2536,Laptop,120.96,1.0,2024-10-30,Electrónica,120.96,30,RRSS,4.68,2024-10-23,2024-11-24,True
2536,Laptop,120.96,1.0,2024-10-30,Electrónica,120.96,90,TV,5.62,2024-11-16,2025-01-13,False
47,Elementos de cerámica,66.54,11.0,2024-10-31,Decoración,731.94,22,RRSS,5.44,2024-06-26,2024-07-15,False
47,Elementos de cerámica,66.54,11.0,2024-10-31,Decoración,731.94,82,TV,5.69,2024-09-08,2024-10-12,False
47,Elementos de cerámica,66.54,11.0,2024-10-31,Decoración,731.94,52,Email,5.74,2024-09-09,2024-09-30,False
58,Rincón de plantas,58.7,12.0,2024-10-31,Decoración,704.4000000000001,38,Email,5.76,2024-06-14,2024-07-15,False
58,Rincón de plantas,58.7,12.0,2024-10-31,Decoración,704.4000000000001,8,RRSS,4.88,2024-08-03,2024-08-18,False
58,Rincón de plantas,58.7,12.0,2024-10-31,Decoración,704.4000000000001,68,TV,5.81,2024-12-17,2025-02-14,False
346,Cortinas,52.57,3.0,2024-10-31,Decoración,157.71,43,Email,5.67,2024-05-02,2024-06-17,False
346,Cortinas,52.57,3.0,2024-10-31,Decoración,157.71,73,TV,6.47,2024-08-17,2024-09-26,False
346,Cortinas,52.57,3.0,2024-10-31,Decoración,157.71,13,RRSS,5.22,2024-09-16,2024-10-15,False
523,Espejo decorativo,45.46,12.0,2024-10-31,Decoración,545.52,83,TV,5.24,2024-05-31,2024-07-08,False
523,Espejo decorativo,45.46,12.0,2024-10-31,Decoración,545.52,53,Email,4.9,2024-07-17,2024-08-01,False
523,Espejo decorativo,45.46,12.0,2024-10-31,Decoración,545.52,23,RRSS,4.75,2024-08-28,2024-10-17,False
539,Candelabro,85.86,12.0,2024-10-31,Decoración,1030.32,69,TV,3.25,2024-05-29,2024-06-30,False
539,Candelabro,85.86,12.0,2024-10-31,Decoración,1030.32,39,Email,6.08,2024-07-17,2024-08-18,False
539,Candelabro,85.86,12.0,2024-10-31,Decoración,1030.32,9,RRSS,5.32,2024-10-08,2024-11-16,True
2166,Laptop,115.57,5.0,2024-10-31,Electrónica,577.8499999999999,60,Email,4.89,2024-09-28,2024-10-27,False
2166,Laptop,115.57,5.0,2024-10-31,Electrónica,577.8499999999999,30,RRSS,4.68,2024-10-23,2024-11-24,True
2166,Laptop,115.57,5.0,2024-10-31,Electrónica,577.8499999999999,90,TV,5.62,2024-11-16,2025-01-13,False
2178,SmartWatch,104.12,8.0,2024-10-31,Electrónica,832.96,85,TV,5.07,2024-04-01,2024-05-05,False
2178,SmartWatch,104.12,8.0,2024-10-31,Electrónica,832.96,55,Email,4.59,2024-10-13,2024-12-06,True
2178,SmartWatch,104.12,8.0,2024-10-31,Electrónica,832.96,25,RRSS,4.84,2024-11-23,2024-12-29,False
2238,SmartWatch,68.47,6.0,2024-10-31,Electrónica,410.82,85,TV,5.07,2024-04-01,2024-05-05,False
2238,SmartWatch,68.47,6.0,2024-10-31,Electrónica,410.82,55,Email,4.59,2024-10-13,2024-12-06,True
2238,SmartWatch,68.47,6.0,2024-10-31,Electrónica,410.82,25,RRSS,4.84,2024-11-23,2024-12-29,False
2483,Smartphone,93.11,4.0,2024-10-31,Electrónica,372.44,21,RRSS,6.37,2024-03-29,2024-05-16,False
2483,Smartphone,93.11,4.0,2024-10-31,Electrónica,372.44,51,Email,4.65,2024-05-28,2024-06-15,False
2483,Smartphone,93.11,4.0,2024-10-31,Electrónica,372.44,81,TV,4.78,2024-09-28,2024-10-24,False
2817,Cámara digital,29.73,9.0,2024-10-31,Electrónica,267.57,18,RRSS,5.46,2024-07-16,2024-09-13,False
2817,Cámara digital,29.73,9.0,2024-10-31,Electrónica,267.57,78,TV,4.1,2024-08-02,2024-09-20,False
2817,Cámara digital,29.73,9.0,2024-10-31,Electrónica,267.57,48,Email,6.84,2024-10-31,2024-12-09,True
2890,Consola de videojuegos,105.99,5.0,2024-10-31,Electrónica,529.9499999999999,50,Email,4.97,2024-05-03,2024-05-28,False
2890,Consola de videojuegos,105.99,5.0,2024-10-31,Electrónica,529.9499999999999,20,RRSS,3.16,2024-07-15,2024-08-03,False
2890,Consola de videojuegos,105.99,5.0,2024-10-31,Electrónica,529.9499999999999,80,TV,4.64,2024-11-01,2024-11-20,False
4,Jarrón decorativo,64.12,12.0,2024-11-01,Decoración,769.44,15,RRSS,4.65,2024-05-09,2024-06-13,False
4,Jarrón decorativo,64.12,12.0,2024-11-01,Decoración,769.44,45,Email,4.52,2024-06-05,2024-07-31,False
4,Jarrón decorativo,64.12,12.0,2024-11-01,Decoración,769.44,75,TV,4.1,2024-11-03,2024-12-25,False
284,Jarrón decorativo,43.09,7.0,2024-11-01,Decoración,301.63,15,RRSS,4.65,2024-05-09,2024-06-13,False
284,Jarrón decorativo,43.09,7.0,2024-11-01,Decoración,301.63,45,Email,4.52,2024-06-05,2024-07-31,False
284,Jarrón decorativo,43.09,7.0,2024-11-01,Decoración,301.63,75,TV,4.1,2024-11-03,2024-12-25,False
582,Cuadro decorativo,61.67,10.0,2024-11-01,Decoración,616.7,1,RRSS,5.27,2024-04-27,2024-06-04,False
582,Cuadro decorativo,61.67,10.0,2024-11-01,Decoración,616.7,31,Email,5.28,2024-08-15,2024-09-12,False
582,Cuadro decorativo,61.67,10.0,2024-11-01,Decoración,616.7,61,TV,5.3,2024-11-05,2024-12-23,False
2657,Cámara digital,30.79,8.0,2024-11-01,Electrónica,246.32,18,RRSS,5.46,2024-07-16,2024-09-13,False
2657,Cámara digital,30.79,8.0,2024-11-01,Electrónica,246.32,78,TV,4.1,2024-08-02,2024-09-20,False
2657,Cámara digital,30.79,8.0,2024-11-01,Electrónica,246.32,48,Email,6.84,2024-10-31,2024-12-09,True
2736,Laptop,113.88,1.0,2024-11-01,Electrónica,113.88,60,Email,4.89,2024-09-28,2024-10-27,False
2736,Laptop,113.88,1.0,2024-11-01,Electrónica,113.88,30,RRSS,4.68,2024-10-23,2024-11-24,True
2736,Laptop,113.88,1.0,2024-11-01,Electrónica,113.88,90,TV,5.62,2024-11-16,2025-01-13,False
5,Alfombra,70.1,4.0,2024-11-02,Decoración,280.4,58,Email,4.25,2024-03-31,2024-05-05,False
5,Alfombra,70.1,4.0,2024-11-02,Decoración,280.4,88,TV,7.39,2024-07-25,2024-08-31,False
5,Alfombra,70.1,4.0,2024-11-02,Decoración,280.4,28,RRSS,5.82,2024-11-27,2025-01-08,False
102,Cuadro decorativo,119.97,3.0,2024-11-02,Decoración,359.90999999999997,1,RRSS,5.27,2024-04-27,2024-06-04,False
102,Cuadro decorativo,119.97,3.0,2024-11-02,Decoración,359.90999999999997,31,Email,5.28,2024-08-15,2024-09-12,False
102,Cuadro decorativo,119.97,3.0,2024-11-02,Decoración,359.90999999999997,61,TV,5.3,2024-11-05,2024-12-23,False
605,Alfombra,120.49,6.0,2024-11-02,Decoración,722.9399999999999,58,Email,4.25,2024-03-31,2024-05-05,False
605,Alfombra,120.49,6.0,2024-11-02,Decoración,722.9399999999999,88,TV,7.39,2024-07-25,2024-08-31,False
605,Alfombra,120.49,6.0,2024-11-02,Decoración,722.9399999999999,28,RRSS,5.82,2024-11-27,2025-01-08,False
773,Espejo decorativo,64.35,8.0,2024-11-02,Decoración,514.8,83,TV,5.24,2024-05-31,2024-07-08,False
773,Espejo decorativo,64.35,8.0,2024-11-02,Decoración,514.8,53,Email,4.9,2024-07-17,2024-08-01,False
773,Espejo decorativo,64.35,8.0,2024-11-02,Decoración,514.8,23,RRSS,4.75,2024-08-28,2024-10-17,False
808,Rincón de plantas,67.82,11.0,2024-11-02,Decoración,746.02,38,Email,5.76,2024-06-14,2024-07-15,False
808,Rincón de plantas,67.82,11.0,2024-11-02,Decoración,746.02,8,RRSS,4.88,2024-08-03,2024-08-18,False
808,Rincón de plantas,67.82,11.0,2024-11-02,Decoración,746.02,68,TV,5.81,2024-12-17,2025-02-14,False
1293,Microondas,100.74,11.0,2024-11-02,Electrodomésticos,1108.1399999999999,56,Email,4.94,2024-08-06,2024-08-25,False
1293,Microondas,100.74,11.0,2024-11-02,Electrodomésticos,1108.1399999999999,26,RRSS,5.0,2024-09-25,2024-10-14,False
1293,Microondas,100.74,11.0,2024-11-02,Electrodomésticos,1108.1399999999999,86,TV,4.25,2024-09-25,2024-11-15,True
1415,Lavadora,29.44,10.0,2024-11-02,Electrodomésticos,294.40000000000003,46,Email,3.63,2024-05-12,2024-05-29,False
1415,Lavadora,29.44,10.0,2024-11-02,Electrodomésticos,294.40000000000003,76,TV,4.66,2024-05-26,2024-07-02,False
1415,Lavadora,29.44,10.0,2024-11-02,Electrodomésticos,294.40000000000003,16,RRSS,3.56,2024-08-14,2024-09-20,False
1559,Batidora,59.48,4.0,2024-11-02,Electrodomésticos,237.92,57,Email,4.48,2024-04-10,2024-06-08,False
1559,Batidora,59.48,4.0,2024-11-02,Electrodomésticos,237.92,87,TV,6.28,2024-08-27,2024-10-11,False
1559,Batidora,59.48,4.0,2024-11-02,Electrodomésticos,237.92,27,RRSS,4.52,2024-11-01,2024-12-08,True
1780,Plancha de vapor,119.0,1.0,2024-11-02,Electrodomésticos,119.0,36,Email,5.41,2024-04-02,2024-06-01,False
1780,Plancha de vapor,119.0,1.0,2024-11-02,Electrodomésticos,119.0,6,RRSS,4.02,2024-09-24,2024-11-02,True
1780,Plancha de vapor,119.0,1.0,2024-11-02,Electrodomésticos,119.0,66,TV,4.69,2024-10-04,2024-10-23,False
1049,Batidora,64.32,8.0,2024-11-03,Electrodomésticos,514.56,57,Email,4.48,2024-04-10,2024-06-08,False
1049,Batidora,64.32,8.0,2024-11-03,Electrodomésticos,514.56,87,TV,6.28,2024-08-27,2024-10-11,False
1049,Batidora,64.32,8.0,2024-11-03,Electrodomésticos,514.56,27,RRSS,4.52,2024-11-01,2024-12-08,True
1420,Plancha de vapor,100.54,6.0,2024-11-03,Electrodomésticos,603.24,36,Email,5.41,2024-04-02,2024-06-01,False
1420,Plancha de vapor,100.54,6.0,2024-11-03,Electrodomésticos,603.24,6,RRSS,4.02,2024-09-24,2024-11-02,False
1420,Plancha de vapor,100.54,6.0,2024-11-03,Electrodomésticos,603.24,66,TV,4.69,2024-10-04,2024-10-23,False
610,Adorno de pared,27.89,8.0,2024-11-04,Decoración,223.12,74,TV,4.81,2024-03-20,2024-05-03,False
610,Adorno de pared,27.89,8.0,2024-11-04,Decoración,223.12,44,Email,5.08,2024-04-13,2024-05-10,False
610,Adorno de pared,27.89,8.0,2024-11-04,Decoración,223.12,14,RRSS,4.16,2024-10-22,2024-12-21,True
1262,Heladera,43.72,1.0,2024-11-04,Electrodomésticos,43.72,34,Email,4.2,2024-05-06,2024-07-05,False
1262,Heladera,43.72,1.0,2024-11-04,Electrodomésticos,43.72,4,RRSS,4.53,2024-05-31,2024-07-15,False
1262,Heladera,43.72,1.0,2024-11-04,Electrodomésticos,43.72,64,TV,4.38,2024-07-10,2024-08-09,False
27,Elementos de cerámica,112.53,11.0,2024-11-05,Decoración,1237.83,22,RRSS,5.44,2024-06-26,2024-07-15,False
27,Elementos de cerámica,112.53,11.0,2024-11-05,Decoración,1237.83,82,TV,5.69,2024-09-08,2024-10-12,False
27,Elementos de cerámica,112.53,11.0,2024-11-05,Decoración,1237.83,52,Email,5.74,2024-09-09,2024-09-30,False
552,Cuadro decorativo,88.67,11.0,2024-11-05,Decoración,975.37,1,RRSS,5.27,2024-04-27,2024-06-04,False
552,Cuadro decorativo,88.67,11.0,2024-11-05,Decoración,975.37,31,Email,5.28,2024-08-15,2024-09-12,False
552,Cuadro decorativo,88.67,11.0,2024-11-05,Decoración,975.37,61,TV,5.3,2024-11-05,2024-12-23,True
587,Elementos de cerámica,33.98,9.0,2024-11-05,Decoración,305.82,22,RRSS,5.44,2024-06-26,2024-07-15,False
587,Elementos de cerámica,33.98,9.0,2024-11-05,Decoración,305.82,82,TV,5.69,2024-09-08,2024-10-12,False
587,Elementos de cerámica,33.98,9.0,2024-11-05,Decoración,305.82,52,Email,5.74,2024-09-09,2024-09-30,False
642,Cuadro decorativo,73.67,7.0,2024-11-05,Decoración,515.69,1,RRSS,5.27,2024-04-27,2024-06-04,False
642,Cuadro decorativo,73.67,7.0,2024-11-05,Decoración,515.69,31,Email,5.28,2024-08-15,2024-09-12,False
642,Cuadro decorativo,73.67,7.0,2024-11-05,Decoración,515.69,61,TV,5.3,2024-11-05,2024-12-23,True
1071,Freidora eléctrica,71.74,2.0,2024-11-05,Electrodomésticos,143.48,71,TV,4.37,2024-06-05,2024-07-24,False
1071,Freidora eléctrica,71.74,2.0,2024-11-05,Electrodomésticos,143.48,41,Email,3.92,2024-11-23,2025-01-01,False
1071,Freidora eléctrica,71.74,2.0,2024-11-05,Electrodomésticos,143.48,11,RRSS,5.27,2024-12-29,2025-01-21,False
1283,Microondas,94.63,9.0,2024-11-05,Electrodomésticos,851.67,56,Email,4.94,2024-08-06,2024-08-25,False
1283,Microondas,94.63,9.0,2024-11-05,Electrodomésticos,851.67,26,RRSS,5.0,2024-09-25,2024-10-14,False
1283,Microondas,94.63,9.0,2024-11-05,Electrodomésticos,851.67,86,TV,4.25,2024-09-25,2024-11-15,True
1466,Secadora,85.31,5.0,2024-11-05,Electrodomésticos,426.55,3,RRSS,5.1,2024-07-24,2024-08-30,False
1466,Secadora,85.31,5.0,2024-11-05,Electrodomésticos,426.55,63,TV,5.69,2024-11-03,2024-11-28,True
1466,Secadora,85.31,5.0,2024-11-05,Electrodomésticos,426.55,33,Email,3.8,2024-12-20,2025-01-07,False
1810,Plancha de vapor,70.67,11.0,2024-11-05,Electrodomésticos,777.37,36,Email,5.41,2024-04-02,2024-06-01,False
1810,Plancha de vapor,70.67,11.0,2024-11-05,Electrodomésticos,777.37,6,RRSS,4.02,2024-09-24,2024-11-02,False
1810,Plancha de vapor,70.67,11.0,2024-11-05,Electrodomésticos,777.37,66,TV,4.69,2024-10-04,2024-10-23,False
142,Cuadro decorativo,114.44,10.0,2024-11-06,Decoración,1144.4,1,RRSS,5.27,2024-04-27,2024-06-04,False
142,Cuadro decorativo,114.44,10.0,2024-11-06,Decoración,1144.4,31,Email,5.28,2024-08-15,2024-09-12,False
142,Cuadro decorativo,114.44,10.0,2024-11-06,Decoración,1144.4,61,TV,5.3,2024-11-05,2024-12-23,True
464,Jarrón decorativo,49.06,11.0,2024-11-06,Decoración,539.6600000000001,15,RRSS,4.65,2024-05-09,2024-06-13,False
464,Jarrón decorativo,49.06,11.0,2024-11-06,Decoración,539.6600000000001,45,Email,4.52,2024-06-05,2024-07-31,False
464,Jarrón decorativo,49.06,11.0,2024-11-06,Decoración,539.6600000000001,75,TV,4.1,2024-11-03,2024-12-25,True
597,Elementos de cerámica,96.57,8.0,2024-11-06,Decoración,772.56,22,RRSS,5.44,2024-06-26,2024-07-15,False
597,Elementos de cerámica,96.57,8.0,2024-11-06,Decoración,772.56,82,TV,5.69,2024-09-08,2024-10-12,False
597,Elementos de cerámica,96.57,8.0,2024-11-06,Decoración,772.56,52,Email,5.74,2024-09-09,2024-09-30,False
634,Jarrón decorativo,45.62,4.0,2024-11-06,Decoración,182.48,15,RRSS,4.65,2024-05-09,2024-06-13,False
634,Jarrón decorativo,45.62,4.0,2024-11-06,Decoración,182.48,45,Email,4.52,2024-06-05,2024-07-31,False
634,Jarrón decorativo,45.62,4.0,2024-11-06,Decoración,182.48,75,TV,4.1,2024-11-03,2024-12-25,True
719,Lámpara de mesa,56.43,2.0,2024-11-06,Decoración,112.86,32,Email,5.54,2024-03-28,2024-04-20,False
719,Lámpara de mesa,56.43,2.0,2024-11-06,Decoración,112.86,2,RRSS,5.88,2024-05-30,2024-06-29,False
719,Lámpara de mesa,56.43,2.0,2024-11-06,Decoración,112.86,62,TV,4.51,2024-08-26,2024-10-07,False
758,Rincón de plantas,29.0,10.0,2024-11-06,Decoración,290.0,38,Email,5.76,2024-06-14,2024-07-15,False
758,Rincón de plantas,29.0,10.0,2024-11-06,Decoración,290.0,8,RRSS,4.88,2024-08-03,2024-08-18,False
758,Rincón de plantas,29.0,10.0,2024-11-06,Decoración,290.0,68,TV,5.81,2024-12-17,2025-02-14,False
875,Alfombra,36.34,5.0,2024-11-06,Decoración,181.70000000000002,58,Email,4.25,2024-03-31,2024-05-05,False
875,Alfombra,36.34,5.0,2024-11-06,Decoración,181.70000000000002,88,TV,7.39,2024-07-25,2024-08-31,False
875,Alfombra,36.34,5.0,2024-11-06,Decoración,181.70000000000002,28,RRSS,5.82,2024-11-27,2025-01-08,False
2412,Televisor,108.45,8.0,2024-11-06,Electrónica,867.6,29,RRSS,3.96,2024-05-17,2024-06-28,False
2412,Televisor,108.45,8.0,2024-11-06,Electrónica,867.6,59,Email,4.19,2024-11-20,2025-01-19,False
2412,Televisor,108.45,8.0,2024-11-06,Electrónica,867.6,89,TV,4.98,2024-12-13,2025-02-08,False
263,Espejo decorativo,103.07,6.0,2024-11-07,Decoración,618.42,83,TV,5.24,2024-05-31,2024-07-08,False
263,Espejo decorativo,103.07,6.0,2024-11-07,Decoración,618.42,53,Email,4.9,2024-07-17,2024-08-01,False
263,Espejo decorativo,103.07,6.0,2024-11-07,Decoración,618.42,23,RRSS,4.75,2024-08-28,2024-10-17,False
273,Espejo decorativo,49.11,10.0,2024-11-07,Decoración,491.1,83,TV,5.24,2024-05-31,2024-07-08,False
273,Espejo decorativo,49.11,10.0,2024-11-07,Decoración,491.1,53,Email,4.9,2024-07-17,2024-08-01,False
273,Espejo decorativo,49.11,10.0,2024-11-07,Decoración,491.1,23,RRSS,4.75,2024-08-28,2024-10-17,False
825,Alfombra,34.7,1.0,2024-11-07,Decoración,34.7,58,Email,4.25,2024-03-31,2024-05-05,False
825,Alfombra,34.7,1.0,2024-11-07,Decoración,34.7,88,TV,7.39,2024-07-25,2024-08-31,False
825,Alfombra,34.7,1.0,2024-11-07,Decoración,34.7,28,RRSS,5.82,2024-11-27,2025-01-08,False
862,Cuadro decorativo,48.36,8.0,2024-11-07,Decoración,386.88,1,RRSS,5.27,2024-04-27,2024-06-04,False
862,Cuadro decorativo,48.36,8.0,2024-11-07,Decoración,386.88,31,Email,5.28,2024-08-15,2024-09-12,False
862,Cuadro decorativo,48.36,8.0,2024-11-07,Decoración,386.88,61,TV,5.3,2024-11-05,2024-12-23,True
1493,Microondas,73.63,12.0,2024-11-07,Electrodomésticos,883.56,56,Email,4.94,2024-08-06,2024-08-25,False
1493,Microondas,73.63,12.0,2024-11-07,Electrodomésticos,883.56,26,RRSS,5.0,2024-09-25,2024-10-14,False
1493,Microondas,73.63,12.0,2024-11-07,Electrodomésticos,883.56,86,TV,4.25,2024-09-25,2024-11-15,True
1790,Plancha de vapor,80.84,5.0,2024-11-07,Electrodomésticos,404.20000000000005,36,Email,5.41,2024-04-02,2024-06-01,False
1790,Plancha de vapor,80.84,5.0,2024-11-07,Electrodomésticos,404.20000000000005,6,RRSS,4.02,2024-09-24,2024-11-02,False
1790,Plancha de vapor,80.84,5.0,2024-11-07,Electrodomésticos,404.20000000000005,66,TV,4.69,2024-10-04,2024-10-23,False
1875,Lavadora,58.04,6.0,2024-11-07,Electrodomésticos,348.24,46,Email,3.63,2024-05-12,2024-05-29,False
1875,Lavadora,58.04,6.0,2024-11-07,Electrodomésticos,348.24,76,TV,4.66,2024-05-26,2024-07-02,False
1875,Lavadora,58.04,6.0,2024-11-07,Electrodomésticos,348.24,16,RRSS,3.56,2024-08-14,2024-09-20,False
2113,Smartphone,119.26,2.0,2024-11-07,Electrónica,238.52,21,RRSS,6.37,2024-03-29,2024-05-16,False
2113,Smartphone,119.26,2.0,2024-11-07,Electrónica,238.52,51,Email,4.65,2024-05-28,2024-06-15,False
2113,Smartphone,119.26,2.0,2024-11-07,Electrónica,238.52,81,TV,4.78,2024-09-28,2024-10-24,False
2250,Consola de videojuegos,78.68,11.0,2024-11-07,Electrónica,865.48,50,Email,4.97,2024-05-03,2024-05-28,False
2250,Consola de videojuegos,78.68,11.0,2024-11-07,Electrónica,865.48,20,RRSS,3.16,2024-07-15,2024-08-03,False
2250,Consola de videojuegos,78.68,11.0,2024-11-07,Electrónica,865.48,80,TV,4.64,2024-11-01,2024-11-20,True
2335,Auriculares,108.76,8.0,2024-11-07,Electrónica,870.08,47,Email,4.19,2024-06-02,2024-07-22,False
2335,Auriculares,108.76,8.0,2024-11-07,Electrónica,870.08,17,RRSS,6.06,2024-07-15,2024-08-15,False
2335,Auriculares,108.76,8.0,2024-11-07,Electrónica,870.08,77,TV,4.99,2024-11-11,2024-12-06,False
2357,Cámara digital,49.9,1.0,2024-11-07,Electrónica,49.9,18,RRSS,5.46,2024-07-16,2024-09-13,False
2357,Cámara digital,49.9,1.0,2024-11-07,Electrónica,49.9,78,TV,4.1,2024-08-02,2024-09-20,False
2357,Cámara digital,49.9,1.0,2024-11-07,Electrónica,49.9,48,Email,6.84,2024-10-31,2024-12-09,True
2401,Parlantes Bluetooth,65.49,11.0,2024-11-07,Electrónica,720.39,84,TV,4.42,2024-04-17,2024-05-05,False
2401,Parlantes Bluetooth,65.49,11.0,2024-11-07,Electrónica,720.39,54,Email,2.95,2024-08-09,2024-09-22,False
2401,Parlantes Bluetooth,65.49,11.0,2024-11-07,Electrónica,720.39,24,RRSS,6.0,2024-09-22,2024-10-26,False
2909,Proyector,108.21,12.0,2024-11-07,Electrónica,1298.52,67,TV,3.68,2024-05-22,2024-07-12,False
2909,Proyector,108.21,12.0,2024-11-07,Electrónica,1298.52,37,Email,3.22,2024-07-06,2024-07-26,False
2909,Proyector,108.21,12.0,2024-11-07,Electrónica,1298.52,7,RRSS,5.57,2024-07-30,2024-08-16,False
636,Cortinas,46.09,1.0,2024-11-08,Decoración,46.09,43,Email,5.67,2024-05-02,2024-06-17,False
636,Cortinas,46.09,1.0,2024-11-08,Decoración,46.09,73,TV,6.47,2024-08-17,2024-09-26,False
636,Cortinas,46.09,1.0,2024-11-08,Decoración,46.09,13,RRSS,5.22,2024-09-16,2024-10-15,False
761,Lámpara de mesa,80.48,10.0,2024-11-08,Decoración,804.8000000000001,32,Email,5.54,2024-03-28,2024-04-20,False
761,Lámpara de mesa,80.48,10.0,2024-11-08,Decoración,804.8000000000001,2,RRSS,5.88,2024-05-30,2024-06-29,False
761,Lámpara de mesa,80.48,10.0,2024-11-08,Decoración,804.8000000000001,62,TV,4.51,2024-08-26,2024-10-07,False
951,Lámpara de mesa,58.55,9.0,2024-11-08,Decoración,526.9499999999999,32,Email,5.54,2024-03-28,2024-04-20,False
951,Lámpara de mesa,58.55,9.0,2024-11-08,Decoración,526.9499999999999,2,RRSS,5.88,2024-05-30,2024-06-29,False
951,Lámpara de mesa,58.55,9.0,2024-11-08,Decoración,526.9499999999999,62,TV,4.51,2024-08-26,2024-10-07,False
1098,Cafetera,45.95,7.0,2024-11-08,Electrodomésticos,321.65000000000003,49,Email,5.2,2024-06-20,2024-07-22,False
1098,Cafetera,45.95,7.0,2024-11-08,Electrodomésticos,321.65000000000003,79,TV,7.26,2024-08-13,2024-10-11,False
1098,Cafetera,45.95,7.0,2024-11-08,Electrodomésticos,321.65000000000003,19,RRSS,5.7,2024-08-19,2024-09-15,False
1348,Cafetera,111.7,10.0,2024-11-08,Electrodomésticos,1117.0,49,Email,5.2,2024-06-20,2024-07-22,False
1348,Cafetera,111.7,10.0,2024-11-08,Electrodomésticos,1117.0,79,TV,7.26,2024-08-13,2024-10-11,False
1348,Cafetera,111.7,10.0,2024-11-08,Electrodomésticos,1117.0,19,RRSS,5.7,2024-08-19,2024-09-15,False
2351,Parlantes Bluetooth,115.66,3.0,2024-11-08,Electrónica,346.98,84,TV,4.42,2024-04-17,2024-05-05,False
2351,Parlantes Bluetooth,115.66,3.0,2024-11-08,Electrónica,346.98,54,Email,2.95,2024-08-09,2024-09-22,False
2351,Parlantes Bluetooth,115.66,3.0,2024-11-08,Electrónica,346.98,24,RRSS,6.0,2024-09-22,2024-10-26,False
2411,Parlantes Bluetooth,61.45,8.0,2024-11-08,Electrónica,491.6,84,TV,4.42,2024-04-17,2024-05-05,False
2411,Parlantes Bluetooth,61.45,8.0,2024-11-08,Electrónica,491.6,54,Email,2.95,2024-08-09,2024-09-22,False
2411,Parlantes Bluetooth,61.45,8.0,2024-11-08,Electrónica,491.6,24,RRSS,6.0,2024-09-22,2024-10-26,False
481,Lámpara de mesa,55.87,3.0,2024-11-09,Decoración,167.60999999999999,32,Email,5.54,2024-03-28,2024-04-20,False
481,Lámpara de mesa,55.87,3.0,2024-11-09,Decoración,167.60999999999999,2,RRSS,5.88,2024-05-30,2024-06-29,False
481,Lámpara de mesa,55.87,3.0,2024-11-09,Decoración,167.60999999999999,62,TV,4.51,2024-08-26,2024-10-07,False
576,Cortinas,122.36,8.0,2024-11-09,Decoración,978.88,43,Email,5.67,2024-05-02,2024-06-17,False
576,Cortinas,122.36,8.0,2024-11-09,Decoración,978.88,73,TV,6.47,2024-08-17,2024-09-26,False
576,Cortinas,122.36,8.0,2024-11-09,Decoración,978.88,13,RRSS,5.22,2024-09-16,2024-10-15,False
861,Lámpara de mesa,66.88,4.0,2024-11-09,Decoración,267.52,32,Email,5.54,2024-03-28,2024-04-20,False
861,Lámpara de mesa,66.88,4.0,2024-11-09,Decoración,267.52,2,RRSS,5.88,2024-05-30,2024-06-29,False
861,Lámpara de mesa,66.88,4.0,2024-11-09,Decoración,267.52,62,TV,4.51,2024-08-26,2024-10-07,False
889,Lámpara de mesa,95.87,7.0,2024-11-09,Decoración,671.09,32,Email,5.54,2024-03-28,2024-04-20,False
889,Lámpara de mesa,95.87,7.0,2024-11-09,Decoración,671.09,2,RRSS,5.88,2024-05-30,2024-06-29,False
889,Lámpara de mesa,95.87,7.0,2024-11-09,Decoración,671.09,62,TV,4.51,2024-08-26,2024-10-07,False
1527,Horno eléctrico,36.02,3.0,2024-11-09,Electrodomésticos,108.06,35,Email,5.65,2024-07-31,2024-09-29,False
1527,Horno eléctrico,36.02,3.0,2024-11-09,Electrodomésticos,108.06,5,RRSS,5.16,2024-08-22,2024-10-17,False
1527,Horno eléctrico,36.02,3.0,2024-11-09,Electrodomésticos,108.06,65,TV,3.08,2024-10-23,2024-12-11,True
2507,Cámara digital,27.72,8.0,2024-11-09,Electrónica,221.76,18,RRSS,5.46,2024-07-16,2024-09-13,False
2507,Cámara digital,27.72,8.0,2024-11-09,Electrónica,221.76,78,TV,4.1,2024-08-02,2024-09-20,False
2507,Cámara digital,27.72,8.0,2024-11-09,Electrónica,221.76,48,Email,6.84,2024-10-31,2024-12-09,True
2589,Proyector,82.9,8.0,2024-11-09,Electrónica,663.2,67,TV,3.68,2024-05-22,2024-07-12,False
2589,Proyector,82.9,8.0,2024-11-09,Electrónica,663.2,37,Email,3.22,2024-07-06,2024-07-26,False
2589,Proyector,82.9,8.0,2024-11-09,Electrónica,663.2,7,RRSS,5.57,2024-07-30,2024-08-16,False
2850,Consola de videojuegos,84.81,4.0,2024-11-09,Electrónica,339.24,50,Email,4.97,2024-05-03,2024-05-28,False
2850,Consola de videojuegos,84.81,4.0,2024-11-09,Electrónica,339.24,20,RRSS,3.16,2024-07-15,2024-08-03,False
2850,Consola de videojuegos,84.81,4.0,2024-11-09,Electrónica,339.24,80,TV,4.64,2024-11-01,2024-11-20,True
2908,SmartWatch,78.63,4.0,2024-11-09,Electrónica,314.52,85,TV,5.07,2024-04-01,2024-05-05,False
2908,SmartWatch,78.63,4.0,2024-11-09,Electrónica,314.52,55,Email,4.59,2024-10-13,2024-12-06,True
2908,SmartWatch,78.63,4.0,2024-11-09,Electrónica,314.52,25,RRSS,4.84,2024-11-23,2024-12-29,False
327,Elementos de cerámica,105.59,9.0,2024-11-10,Decoración,950.3100000000001,22,RRSS,5.44,2024-06-26,2024-07-15,False
327,Elementos de cerámica,105.59,9.0,2024-11-10,Decoración,950.3100000000001,82,TV,5.69,2024-09-08,2024-10-12,False
327,Elementos de cerámica,105.59,9.0,2024-11-10,Decoración,950.3100000000001,52,Email,5.74,2024-09-09,2024-09-30,False
1021,Freidora eléctrica,49.62,6.0,2024-11-10,Electrodomésticos,297.71999999999997,71,TV,4.37,2024-06-05,2024-07-24,False
1021,Freidora eléctrica,49.62,6.0,2024-11-10,Electrodomésticos,297.71999999999997,41,Email,3.92,2024-11-23,2025-01-01,False
1021,Freidora eléctrica,49.62,6.0,2024-11-10,Electrodomésticos,297.71999999999997,11,RRSS,5.27,2024-12-29,2025-01-21,False
1200,Plancha de vapor,83.34,10.0,2024-11-10,Electrodomésticos,833.4000000000001,36,Email,5.41,2024-04-02,2024-06-01,False
1200,Plancha de vapor,83.34,10.0,2024-11-10,Electrodomésticos,833.4000000000001,6,RRSS,4.02,2024-09-24,2024-11-02,False
1200,Plancha de vapor,83.34,10.0,2024-11-10,Electrodomésticos,833.4000000000001,66,TV,4.69,2024-10-04,2024-10-23,False
1243,Microondas,64.56,12.0,2024-11-10,Electrodomésticos,774.72,56,Email,4.94,2024-08-06,2024-08-25,False
1243,Microondas,64.56,12.0,2024-11-10,Electrodomésticos,774.72,26,RRSS,5.0,2024-09-25,2024-10-14,False
1243,Microondas,64.56,12.0,2024-11-10,Electrodomésticos,774.72,86,TV,4.25,2024-09-25,2024-11-15,True
1619,Batidora,96.56,3.0,2024-11-10,Electrodomésticos,289.68,57,Email,4.48,2024-04-10,2024-06-08,False
1619,Batidora,96.56,3.0,2024-11-10,Electrodomésticos,289.68,87,TV,6.28,2024-08-27,2024-10-11,False
1619,Batidora,96.56,3.0,2024-11-10,Electrodomésticos,289.68,27,RRSS,4.52,2024-11-01,2024-12-08,True
2010,Consola de videojuegos,51.13,2.0,2024-11-10,Electrónica,102.26,50,Email,4.97,2024-05-03,2024-05-28,False
2010,Consola de videojuegos,51.13,2.0,2024-11-10,Electrónica,102.26,20,RRSS,3.16,2024-07-15,2024-08-03,False
2010,Consola de videojuegos,51.13,2.0,2024-11-10,Electrónica,102.26,80,TV,4.64,2024-11-01,2024-11-20,True
2087,Cámara digital,35.44,3.0,2024-11-10,Electrónica,106.32,18,RRSS,5.46,2024-07-16,2024-09-13,False
2087,Cámara digital,35.44,3.0,2024-11-10,Electrónica,106.32,78,TV,4.1,2024-08-02,2024-09-20,False
2087,Cámara digital,35.44,3.0,2024-11-10,Electrónica,106.32,48,Email,6.84,2024-10-31,2024-12-09,True
2573,Smartphone,91.52,7.0,2024-11-10,Electrónica,640.64,21,RRSS,6.37,2024-03-29,2024-05-16,False
2573,Smartphone,91.52,7.0,2024-11-10,Electrónica,640.64,51,Email,4.65,2024-05-28,2024-06-15,False
2573,Smartphone,91.52,7.0,2024-11-10,Electrónica,640.64,81,TV,4.78,2024-09-28,2024-10-24,False
217,Elementos de cerámica,47.48,2.0,2024-11-11,Decoración,94.96,22,RRSS,5.44,2024-06-26,2024-07-15,False
217,Elementos de cerámica,47.48,2.0,2024-11-11,Decoración,94.96,82,TV,5.69,2024-09-08,2024-10-12,False
217,Elementos de cerámica,47.48,2.0,2024-11-11,Decoración,94.96,52,Email,5.74,2024-09-09,2024-09-30,False
272,Cuadro decorativo,93.84,10.0,2024-11-11,Decoración,938.4000000000001,1,RRSS,5.27,2024-04-27,2024-06-04,False
272,Cuadro decorativo,93.84,10.0,2024-11-11,Decoración,938.4000000000001,31,Email,5.28,2024-08-15,2024-09-12,False
272,Cuadro decorativo,93.84,10.0,2024-11-11,Decoración,938.4000000000001,61,TV,5.3,2024-11-05,2024-12-23,True
545,Alfombra,43.63,1.0,2024-11-11,Decoración,43.63,58,Email,4.25,2024-03-31,2024-05-05,False
545,Alfombra,43.63,1.0,2024-11-11,Decoración,43.63,88,TV,7.39,2024-07-25,2024-08-31,False
545,Alfombra,43.63,1.0,2024-11-11,Decoración,43.63,28,RRSS,5.82,2024-11-27,2025-01-08,False
688,Rincón de plantas,81.27,11.0,2024-11-11,Decoración,893.9699999999999,38,Email,5.76,2024-06-14,2024-07-15,False
688,Rincón de plantas,81.27,11.0,2024-11-11,Decoración,893.9699999999999,8,RRSS,4.88,2024-08-03,2024-08-18,False
688,Rincón de plantas,81.27,11.0,2024-11-11,Decoración,893.9699999999999,68,TV,5.81,2024-12-17,2025-02-14,False
1430,Plancha de vapor,34.93,9.0,2024-11-11,Electrodomésticos,314.37,36,Email,5.41,2024-04-02,2024-06-01,False
1430,Plancha de vapor,34.93,9.0,2024-11-11,Electrodomésticos,314.37,6,RRSS,4.02,2024-09-24,2024-11-02,False
1430,Plancha de vapor,34.93,9.0,2024-11-11,Electrodomésticos,314.37,66,TV,4.69,2024-10-04,2024-10-23,False
1497,Horno eléctrico,83.3,10.0,2024-11-11,Electrodomésticos,833.0,35,Email,5.65,2024-07-31,2024-09-29,False
1497,Horno eléctrico,83.3,10.0,2024-11-11,Electrodomésticos,833.0,5,RRSS,5.16,2024-08-22,2024-10-17,False
1497,Horno eléctrico,83.3,10.0,2024-11-11,Electrodomésticos,833.0,65,TV,3.08,2024-10-23,2024-12-11,True
1509,Batidora,55.25,10.0,2024-11-11,Electrodomésticos,552.5,57,Email,4.48,2024-04-10,2024-06-08,False
1509,Batidora,55.25,10.0,2024-11-11,Electrodomésticos,552.5,87,TV,6.28,2024-08-27,2024-10-11,False
1509,Batidora,55.25,10.0,2024-11-11,Electrodomésticos,552.5,27,RRSS,4.52,2024-11-01,2024-12-08,True
2060,Consola de videojuegos,73.4,5.0,2024-11-11,Electrónica,367.0,50,Email,4.97,2024-05-03,2024-05-28,False
2060,Consola de videojuegos,73.4,5.0,2024-11-11,Electrónica,367.0,20,RRSS,3.16,2024-07-15,2024-08-03,False
2060,Consola de videojuegos,73.4,5.0,2024-11-11,Electrónica,367.0,80,TV,4.64,2024-11-01,2024-11-20,True
2263,Smartphone,47.67,6.0,2024-11-11,Electrónica,286.02,21,RRSS,6.37,2024-03-29,2024-05-16,False
2263,Smartphone,47.67,6.0,2024-11-11,Electrónica,286.02,51,Email,4.65,2024-05-28,2024-06-15,False
2263,Smartphone,47.67,6.0,2024-11-11,Electrónica,286.02,81,TV,4.78,2024-09-28,2024-10-24,False
2558,SmartWatch,63.94,7.0,2024-11-11,Electrónica,447.58,85,TV,5.07,2024-04-01,2024-05-05,False
2558,SmartWatch,63.94,7.0,2024-11-11,Electrónica,447.58,55,Email,4.59,2024-10-13,2024-12-06,True
2558,SmartWatch,63.94,7.0,2024-11-11,Electrónica,447.58,25,RRSS,4.84,2024-11-23,2024-12-29,False
2814,Auriculares,89.91,9.0,2024-11-11,Electrónica,809.1899999999999,47,Email,4.19,2024-06-02,2024-07-22,False
2814,Auriculares,89.91,9.0,2024-11-11,Electrónica,809.1899999999999,17,RRSS,6.06,2024-07-15,2024-08-15,False
2814,Auriculares,89.91,9.0,2024-11-11,Electrónica,809.1899999999999,77,TV,4.99,2024-11-11,2024-12-06,True
420,Adorno de pared,65.0,4.0,2024-11-12,Decoración,260.0,74,TV,4.81,2024-03-20,2024-05-03,False
420,Adorno de pared,65.0,4.0,2024-11-12,Decoración,260.0,44,Email,5.08,2024-04-13,2024-05-10,False
420,Adorno de pared,65.0,4.0,2024-11-12,Decoración,260.0,14,RRSS,4.16,2024-10-22,2024-12-21,True
514,Jarrón decorativo,59.63,10.0,2024-11-12,Decoración,596.3000000000001,15,RRSS,4.65,2024-05-09,2024-06-13,False
514,Jarrón decorativo,59.63,10.0,2024-11-12,Decoración,596.3000000000001,45,Email,4.52,2024-06-05,2024-07-31,False
514,Jarrón decorativo,59.63,10.0,2024-11-12,Decoración,596.3000000000001,75,TV,4.1,2024-11-03,2024-12-25,True
544,Jarrón decorativo,29.63,5.0,2024-11-12,Decoración,148.15,15,RRSS,4.65,2024-05-09,2024-06-13,False
544,Jarrón decorativo,29.63,5.0,2024-11-12,Decoración,148.15,45,Email,4.52,2024-06-05,2024-07-31,False
544,Jarrón decorativo,29.63,5.0,2024-11-12,Decoración,148.15,75,TV,4.1,2024-11-03,2024-12-25,True
880,Adorno de pared,105.74,10.0,2024-11-12,Decoración,1057.3999999999999,74,TV,4.81,2024-03-20,2024-05-03,False
880,Adorno de pared,105.74,10.0,2024-11-12,Decoración,1057.3999999999999,44,Email,5.08,2024-04-13,2024-05-10,False
880,Adorno de pared,105.74,10.0,2024-11-12,Decoración,1057.3999999999999,14,RRSS,4.16,2024-10-22,2024-12-21,True
1908,Cafetera,55.91,3.0,2024-11-12,Electrodomésticos,167.73,49,Email,5.2,2024-06-20,2024-07-22,False
1908,Cafetera,55.91,3.0,2024-11-12,Electrodomésticos,167.73,79,TV,7.26,2024-08-13,2024-10-11,False
1908,Cafetera,55.91,3.0,2024-11-12,Electrodomésticos,167.73,19,RRSS,5.7,2024-08-19,2024-09-15,False
655,Alfombra,124.49,11.0,2024-11-13,Decoración,1369.3899999999999,58,Email,4.25,2024-03-31,2024-05-05,False
655,Alfombra,124.49,11.0,2024-11-13,Decoración,1369.3899999999999,88,TV,7.39,2024-07-25,2024-08-31,False
655,Alfombra,124.49,11.0,2024-11-13,Decoración,1369.3899999999999,28,RRSS,5.82,2024-11-27,2025-01-08,False
1111,Freidora eléctrica,100.12,12.0,2024-11-13,Electrodomésticos,1201.44,71,TV,4.37,2024-06-05,2024-07-24,False
1111,Freidora eléctrica,100.12,12.0,2024-11-13,Electrodomésticos,1201.44,41,Email,3.92,2024-11-23,2025-01-01,False
1111,Freidora eléctrica,100.12,12.0,2024-11-13,Electrodomésticos,1201.44,11,RRSS,5.27,2024-12-29,2025-01-21,False
2118,SmartWatch,99.5,5.0,2024-11-13,Electrónica,497.5,85,TV,5.07,2024-04-01,2024-05-05,False
2118,SmartWatch,99.5,5.0,2024-11-13,Electrónica,497.5,55,Email,4.59,2024-10-13,2024-12-06,True
2118,SmartWatch,99.5,5.0,2024-11-13,Electrónica,497.5,25,RRSS,4.84,2024-11-23,2024-12-29,False
2208,SmartWatch,33.12,10.0,2024-11-13,Electrónica,331.2,85,TV,5.07,2024-04-01,2024-05-05,False
2208,SmartWatch,33.12,10.0,2024-11-13,Electrónica,331.2,55,Email,4.59,2024-10-13,2024-12-06,True
2208,SmartWatch,33.12,10.0,2024-11-13,Electrónica,331.2,25,RRSS,4.84,2024-11-23,2024-12-29,False
36,Cortinas,28.63,5.0,2024-11-14,Decoración,143.15,43,Email,5.67,2024-05-02,2024-06-17,False
36,Cortinas,28.63,5.0,2024-11-14,Decoración,143.15,73,TV,6.47,2024-08-17,2024-09-26,False
36,Cortinas,28.63,5.0,2024-11-14,Decoración,143.15,13,RRSS,5.22,2024-09-16,2024-10-15,False
316,Cortinas,90.56,2.0,2024-11-14,Decoración,181.12,43,Email,5.67,2024-05-02,2024-06-17,False
316,Cortinas,90.56,2.0,2024-11-14,Decoración,181.12,73,TV,6.47,2024-08-17,2024-09-26,False
316,Cortinas,90.56,2.0,2024-11-14,Decoración,181.12,13,RRSS,5.22,2024-09-16,2024-10-15,False
885,Alfombra,97.56,1.0,2024-11-14,Decoración,97.56,58,Email,4.25,2024-03-31,2024-05-05,False
885,Alfombra,97.56,1.0,2024-11-14,Decoración,97.56,88,TV,7.39,2024-07-25,2024-08-31,False
885,Alfombra,97.56,1.0,2024-11-14,Decoración,97.56,28,RRSS,5.82,2024-11-27,2025-01-08,False
1566,Secadora,78.4,8.0,2024-11-14,Electrodomésticos,627.2,3,RRSS,5.1,2024-07-24,2024-08-30,False
1566,Secadora,78.4,8.0,2024-11-14,Electrodomésticos,627.2,63,TV,5.69,2024-11-03,2024-11-28,True
1566,Secadora,78.4,8.0,2024-11-14,Electrodomésticos,627.2,33,Email,3.8,2024-12-20,2025-01-07,False
1753,Microondas,38.63,9.0,2024-11-14,Electrodomésticos,347.67,56,Email,4.94,2024-08-06,2024-08-25,False
1753,Microondas,38.63,9.0,2024-11-14,Electrodomésticos,347.67,26,RRSS,5.0,2024-09-25,2024-10-14,False
1753,Microondas,38.63,9.0,2024-11-14,Electrodomésticos,347.67,86,TV,4.25,2024-09-25,2024-11-15,True
2316,Laptop,78.67,3.0,2024-11-14,Electrónica,236.01,60,Email,4.89,2024-09-28,2024-10-27,False
2316,Laptop,78.67,3.0,2024-11-14,Electrónica,236.01,30,RRSS,4.68,2024-10-23,2024-11-24,True
2316,Laptop,78.67,3.0,2024-11-14,Electrónica,236.01,90,TV,5.62,2024-11-16,2025-01-13,False
2374,Auriculares,55.05,12.0,2024-11-14,Electrónica,660.5999999999999,47,Email,4.19,2024-06-02,2024-07-22,False
2374,Auriculares,55.05,12.0,2024-11-14,Electrónica,660.5999999999999,17,RRSS,6.06,2024-07-15,2024-08-15,False
2374,Auriculares,55.05,12.0,2024-11-14,Electrónica,660.5999999999999,77,TV,4.99,2024-11-11,2024-12-06,True
2958,SmartWatch,64.59,10.0,2024-11-14,Electrónica,645.9000000000001,85,TV,5.07,2024-04-01,2024-05-05,False
2958,SmartWatch,64.59,10.0,2024-11-14,Electrónica,645.9000000000001,55,Email,4.59,2024-10-13,2024-12-06,True
2958,SmartWatch,64.59,10.0,2024-11-14,Electrónica,645.9000000000001,25,RRSS,4.84,2024-11-23,2024-12-29,False
671,Lámpara de mesa,66.33,7.0,2024-11-15,Decoración,464.31,32,Email,5.54,2024-03-28,2024-04-20,False
671,Lámpara de mesa,66.33,7.0,2024-11-15,Decoración,464.31,2,RRSS,5.88,2024-05-30,2024-06-29,False
671,Lámpara de mesa,66.33,7.0,2024-11-15,Decoración,464.31,62,TV,4.51,2024-08-26,2024-10-07,False
1462,Heladera,121.56,12.0,2024-11-15,Electrodomésticos,1458.72,34,Email,4.2,2024-05-06,2024-07-05,False
1462,Heladera,121.56,12.0,2024-11-15,Electrodomésticos,1458.72,4,RRSS,4.53,2024-05-31,2024-07-15,False
1462,Heladera,121.56,12.0,2024-11-15,Electrodomésticos,1458.72,64,TV,4.38,2024-07-10,2024-08-09,False
1463,Microondas,70.42,10.0,2024-11-15,Electrodomésticos,704.2,56,Email,4.94,2024-08-06,2024-08-25,False
1463,Microondas,70.42,10.0,2024-11-15,Electrodomésticos,704.2,26,RRSS,5.0,2024-09-25,2024-10-14,False
1463,Microondas,70.42,10.0,2024-11-15,Electrodomésticos,704.2,86,TV,4.25,2024-09-25,2024-11-15,True
1517,Horno eléctrico,41.23,8.0,2024-11-15,Electrodomésticos,329.84,35,Email,5.65,2024-07-31,2024-09-29,False
1517,Horno eléctrico,41.23,8.0,2024-11-15,Electrodomésticos,329.84,5,RRSS,5.16,2024-08-22,2024-10-17,False
1517,Horno eléctrico,41.23,8.0,2024-11-15,Electrodomésticos,329.84,65,TV,3.08,2024-10-23,2024-12-11,True
1564,Aspiradora,60.8,1.0,2024-11-15,Electrodomésticos,60.8,40,Email,6.24,2024-06-24,2024-08-12,False
1564,Aspiradora,60.8,1.0,2024-11-15,Electrodomésticos,60.8,10,RRSS,7.16,2024-08-19,2024-09-19,False
1564,Aspiradora,60.8,1.0,2024-11-15,Electrodomésticos,60.8,70,TV,3.06,2024-12-13,2024-12-29,False
1621,Freidora eléctrica,56.74,9.0,2024-11-15,Electrodomésticos,510.66,71,TV,4.37,2024-06-05,2024-07-24,False
1621,Freidora eléctrica,56.74,9.0,2024-11-15,Electrodomésticos,510.66,41,Email,3.92,2024-11-23,2025-01-01,False
1621,Freidora eléctrica,56.74,9.0,2024-11-15,Electrodomésticos,510.66,11,RRSS,5.27,2024-12-29,2025-01-21,False
1749,Batidora,107.07,9.0,2024-11-15,Electrodomésticos,963.6299999999999,57,Email,4.48,2024-04-10,2024-06-08,False
1749,Batidora,107.07,9.0,2024-11-15,Electrodomésticos,963.6299999999999,87,TV,6.28,2024-08-27,2024-10-11,False
1749,Batidora,107.07,9.0,2024-11-15,Electrodomésticos,963.6299999999999,27,RRSS,4.52,2024-11-01,2024-12-08,True
1912,Heladera,82.42,8.0,2024-11-15,Electrodomésticos,659.36,34,Email,4.2,2024-05-06,2024-07-05,False
1912,Heladera,82.42,8.0,2024-11-15,Electrodomésticos,659.36,4,RRSS,4.53,2024-05-31,2024-07-15,False
1912,Heladera,82.42,8.0,2024-11-15,Electrodomésticos,659.36,64,TV,4.38,2024-07-10,2024-08-09,False
2727,Cámara digital,114.98,12.0,2024-11-15,Electrónica,1379.76,18,RRSS,5.46,2024-07-16,2024-09-13,False
2727,Cámara digital,114.98,12.0,2024-11-15,Electrónica,1379.76,78,TV,4.1,2024-08-02,2024-09-20,False
2727,Cámara digital,114.98,12.0,2024-11-15,Electrónica,1379.76,48,Email,6.84,2024-10-31,2024-12-09,True
618,Rincón de plantas,36.15,8.0,2024-11-16,Decoración,289.2,38,Email,5.76,2024-06-14,2024-07-15,False
618,Rincón de plantas,36.15,8.0,2024-11-16,Decoración,289.2,8,RRSS,4.88,2024-08-03,2024-08-18,False
618,Rincón de plantas,36.15,8.0,2024-11-16,Decoración,289.2,68,TV,5.81,2024-12-17,2025-02-14,False
944,Jarrón decorativo,98.76,1.0,2024-11-16,Decoración,98.76,15,RRSS,4.65,2024-05-09,2024-06-13,False
944,Jarrón decorativo,98.76,1.0,2024-11-16,Decoración,98.76,45,Email,4.52,2024-06-05,2024-07-31,False
944,Jarrón decorativo,98.76,1.0,2024-11-16,Decoración,98.76,75,TV,4.1,2024-11-03,2024-12-25,True
1015,Lavadora,91.96,12.0,2024-11-16,Electrodomésticos,1103.52,46,Email,3.63,2024-05-12,2024-05-29,False
1015,Lavadora,91.96,12.0,2024-11-16,Electrodomésticos,1103.52,76,TV,4.66,2024-05-26,2024-07-02,False
1015,Lavadora,91.96,12.0,2024-11-16,Electrodomésticos,1103.52,16,RRSS,3.56,2024-08-14,2024-09-20,False
1671,Freidora eléctrica,106.34,8.0,2024-11-16,Electrodomésticos,850.72,71,TV,4.37,2024-06-05,2024-07-24,False
1671,Freidora eléctrica,106.34,8.0,2024-11-16,Electrodomésticos,850.72,41,Email,3.92,2024-11-23,2025-01-01,False
1671,Freidora eléctrica,106.34,8.0,2024-11-16,Electrodomésticos,850.72,11,RRSS,5.27,2024-12-29,2025-01-21,False
2025,Auriculares,42.93,2.0,2024-11-16,Electrónica,85.86,47,Email,4.19,2024-06-02,2024-07-22,False
2025,Auriculares,42.93,2.0,2024-11-16,Electrónica,85.86,17,RRSS,6.06,2024-07-15,2024-08-15,False
2025,Auriculares,42.93,2.0,2024-11-16,Electrónica,85.86,77,TV,4.99,2024-11-11,2024-12-06,True
2602,Televisor,118.04,4.0,2024-11-16,Electrónica,472.16,29,RRSS,3.96,2024-05-17,2024-06-28,False
2602,Televisor,118.04,4.0,2024-11-16,Electrónica,472.16,59,Email,4.19,2024-11-20,2025-01-19,False
2602,Televisor,118.04,4.0,2024-11-16,Electrónica,472.16,89,TV,4.98,2024-12-13,2025-02-08,False
21,Lámpara de mesa,41.84,12.0,2024-11-17,Decoración,502.08000000000004,32,Email,5.54,2024-03-28,2024-04-20,False
21,Lámpara de mesa,41.84,12.0,2024-11-17,Decoración,502.08000000000004,2,RRSS,5.88,2024-05-30,2024-06-29,False
21,Lámpara de mesa,41.84,12.0,2024-11-17,Decoración,502.08000000000004,62,TV,4.51,2024-08-26,2024-10-07,False
227,Elementos de cerámica,32.11,11.0,2024-11-17,Decoración,353.21,22,RRSS,5.44,2024-06-26,2024-07-15,False
227,Elementos de cerámica,32.11,11.0,2024-11-17,Decoración,353.21,82,TV,5.69,2024-09-08,2024-10-12,False
227,Elementos de cerámica,32.11,11.0,2024-11-17,Decoración,353.21,52,Email,5.74,2024-09-09,2024-09-30,False
361,Lámpara de mesa,120.89,2.0,2024-11-17,Decoración,241.78,32,Email,5.54,2024-03-28,2024-04-20,False
361,Lámpara de mesa,120.89,2.0,2024-11-17,Decoración,241.78,2,RRSS,5.88,2024-05-30,2024-06-29,False
361,Lámpara de mesa,120.89,2.0,2024-11-17,Decoración,241.78,62,TV,4.51,2024-08-26,2024-10-07,False
757,Elementos de cerámica,36.44,10.0,2024-11-17,Decoración,364.4,22,RRSS,5.44,2024-06-26,2024-07-15,False
757,Elementos de cerámica,36.44,10.0,2024-11-17,Decoración,364.4,82,TV,5.69,2024-09-08,2024-10-12,False
757,Elementos de cerámica,36.44,10.0,2024-11-17,Decoración,364.4,52,Email,5.74,2024-09-09,2024-09-30,False
779,Lámpara de mesa,72.68,9.0,2024-11-17,Decoración,654.1200000000001,32,Email,5.54,2024-03-28,2024-04-20,False
779,Lámpara de mesa,72.68,9.0,2024-11-17,Decoración,654.1200000000001,2,RRSS,5.88,2024-05-30,2024-06-29,False
779,Lámpara de mesa,72.68,9.0,2024-11-17,Decoración,654.1200000000001,62,TV,4.51,2024-08-26,2024-10-07,False
1137,Horno eléctrico,51.17,7.0,2024-11-17,Electrodomésticos,358.19,35,Email,5.65,2024-07-31,2024-09-29,False
1137,Horno eléctrico,51.17,7.0,2024-11-17,Electrodomésticos,358.19,5,RRSS,5.16,2024-08-22,2024-10-17,False
1137,Horno eléctrico,51.17,7.0,2024-11-17,Electrodomésticos,358.19,65,TV,3.08,2024-10-23,2024-12-11,True
1165,Lavadora,73.58,9.0,2024-11-17,Electrodomésticos,662.22,46,Email,3.63,2024-05-12,2024-05-29,False
1165,Lavadora,73.58,9.0,2024-11-17,Electrodomésticos,662.22,76,TV,4.66,2024-05-26,2024-07-02,False
1165,Lavadora,73.58,9.0,2024-11-17,Electrodomésticos,662.22,16,RRSS,3.56,2024-08-14,2024-09-20,False
1651,Freidora eléctrica,78.73,10.0,2024-11-17,Electrodomésticos,787.3000000000001,71,TV,4.37,2024-06-05,2024-07-24,False
1651,Freidora eléctrica,78.73,10.0,2024-11-17,Electrodomésticos,787.3000000000001,41,Email,3.92,2024-11-23,2025-01-01,False
1651,Freidora eléctrica,78.73,10.0,2024-11-17,Electrodomésticos,787.3000000000001,11,RRSS,5.27,2024-12-29,2025-01-21,False
2074,Auriculares,70.55,1.0,2024-11-17,Electrónica,70.55,47,Email,4.19,2024-06-02,2024-07-22,False
2074,Auriculares,70.55,1.0,2024-11-17,Electrónica,70.55,17,RRSS,6.06,2024-07-15,2024-08-15,False
2074,Auriculares,70.55,1.0,2024-11-17,Electrónica,70.55,77,TV,4.99,2024-11-11,2024-12-06,True
2631,Parlantes Bluetooth,66.84,11.0,2024-11-17,Electrónica,735.24,84,TV,4.42,2024-04-17,2024-05-05,False
2631,Parlantes Bluetooth,66.84,11.0,2024-11-17,Electrónica,735.24,54,Email,2.95,2024-08-09,2024-09-22,False
2631,Parlantes Bluetooth,66.84,11.0,2024-11-17,Electrónica,735.24,24,RRSS,6.0,2024-09-22,2024-10-26,False
2881,Parlantes Bluetooth,39.46,11.0,2024-11-17,Electrónica,434.06,84,TV,4.42,2024-04-17,2024-05-05,False
2881,Parlantes Bluetooth,39.46,11.0,2024-11-17,Electrónica,434.06,54,Email,2.95,2024-08-09,2024-09-22,False
2881,Parlantes Bluetooth,39.46,11.0,2024-11-17,Electrónica,434.06,24,RRSS,6.0,2024-09-22,2024-10-26,False
70,Adorno de pared,105.42,12.0,2024-11-18,Decoración,1265.04,74,TV,4.81,2024-03-20,2024-05-03,False
70,Adorno de pared,105.42,12.0,2024-11-18,Decoración,1265.04,44,Email,5.08,2024-04-13,2024-05-10,False
70,Adorno de pared,105.42,12.0,2024-11-18,Decoración,1265.04,14,RRSS,4.16,2024-10-22,2024-12-21,True
371,Lámpara de mesa,110.45,12.0,2024-11-18,Decoración,1325.4,32,Email,5.54,2024-03-28,2024-04-20,False
371,Lámpara de mesa,110.45,12.0,2024-11-18,Decoración,1325.4,2,RRSS,5.88,2024-05-30,2024-06-29,False
371,Lámpara de mesa,110.45,12.0,2024-11-18,Decoración,1325.4,62,TV,4.51,2024-08-26,2024-10-07,False
389,Lámpara de mesa,40.06,4.0,2024-11-18,Decoración,160.24,32,Email,5.54,2024-03-28,2024-04-20,False
389,Lámpara de mesa,40.06,4.0,2024-11-18,Decoración,160.24,2,RRSS,5.88,2024-05-30,2024-06-29,False
389,Lámpara de mesa,40.06,4.0,2024-11-18,Decoración,160.24,62,TV,4.51,2024-08-26,2024-10-07,False
431,Lámpara de mesa,98.3,6.0,2024-11-18,Decoración,589.8,32,Email,5.54,2024-03-28,2024-04-20,False
431,Lámpara de mesa,98.3,6.0,2024-11-18,Decoración,589.8,2,RRSS,5.88,2024-05-30,2024-06-29,False
431,Lámpara de mesa,98.3,6.0,2024-11-18,Decoración,589.8,62,TV,4.51,2024-08-26,2024-10-07,False
883,Espejo decorativo,32.09,8.0,2024-11-18,Decoración,256.72,83,TV,5.24,2024-05-31,2024-07-08,False
883,Espejo decorativo,32.09,8.0,2024-11-18,Decoración,256.72,53,Email,4.9,2024-07-17,2024-08-01,False
883,Espejo decorativo,32.09,8.0,2024-11-18,Decoración,256.72,23,RRSS,4.75,2024-08-28,2024-10-17,False
1142,Heladera,62.61,3.0,2024-11-18,Electrodomésticos,187.82999999999998,34,Email,4.2,2024-05-06,2024-07-05,False
1142,Heladera,62.61,3.0,2024-11-18,Electrodomésticos,187.82999999999998,4,RRSS,4.53,2024-05-31,2024-07-15,False
1142,Heladera,62.61,3.0,2024-11-18,Electrodomésticos,187.82999999999998,64,TV,4.38,2024-07-10,2024-08-09,False
1314,Aspiradora,86.12,6.0,2024-11-18,Electrodomésticos,516.72,40,Email,6.24,2024-06-24,2024-08-12,False
1314,Aspiradora,86.12,6.0,2024-11-18,Electrodomésticos,516.72,10,RRSS,7.16,2024-08-19,2024-09-19,False
1314,Aspiradora,86.12,6.0,2024-11-18,Electrodomésticos,516.72,70,TV,3.06,2024-12-13,2024-12-29,False
1365,Lavadora,74.74,1.0,2024-11-18,Electrodomésticos,74.74,46,Email,3.63,2024-05-12,2024-05-29,False
1365,Lavadora,74.74,1.0,2024-11-18,Electrodomésticos,74.74,76,TV,4.66,2024-05-26,2024-07-02,False
1365,Lavadora,74.74,1.0,2024-11-18,Electrodomésticos,74.74,16,RRSS,3.56,2024-08-14,2024-09-20,False
1605,Lavadora,57.74,1.0,2024-11-18,Electrodomésticos,57.74,46,Email,3.63,2024-05-12,2024-05-29,False
1605,Lavadora,57.74,1.0,2024-11-18,Electrodomésticos,57.74,76,TV,4.66,2024-05-26,2024-07-02,False
1605,Lavadora,57.74,1.0,2024-11-18,Electrodomésticos,57.74,16,RRSS,3.56,2024-08-14,2024-09-20,False
1691,Freidora eléctrica,49.47,12.0,2024-11-18,Electrodomésticos,593.64,71,TV,4.37,2024-06-05,2024-07-24,False
1691,Freidora eléctrica,49.47,12.0,2024-11-18,Electrodomésticos,593.64,41,Email,3.92,2024-11-23,2025-01-01,False
1691,Freidora eléctrica,49.47,12.0,2024-11-18,Electrodomésticos,593.64,11,RRSS,5.27,2024-12-29,2025-01-21,False
1818,Cafetera,116.81,1.0,2024-11-18,Electrodomésticos,116.81,49,Email,5.2,2024-06-20,2024-07-22,False
1818,Cafetera,116.81,1.0,2024-11-18,Electrodomésticos,116.81,79,TV,7.26,2024-08-13,2024-10-11,False
1818,Cafetera,116.81,1.0,2024-11-18,Electrodomésticos,116.81,19,RRSS,5.7,2024-08-19,2024-09-15,False
1942,Heladera,85.36,12.0,2024-11-18,Electrodomésticos,1024.32,34,Email,4.2,2024-05-06,2024-07-05,False
1942,Heladera,85.36,12.0,2024-11-18,Electrodomésticos,1024.32,4,RRSS,4.53,2024-05-31,2024-07-15,False
1942,Heladera,85.36,12.0,2024-11-18,Electrodomésticos,1024.32,64,TV,4.38,2024-07-10,2024-08-09,False
1991,Freidora eléctrica,64.55,5.0,2024-11-18,Electrodomésticos,322.75,71,TV,4.37,2024-06-05,2024-07-24,False
1991,Freidora eléctrica,64.55,5.0,2024-11-18,Electrodomésticos,322.75,41,Email,3.92,2024-11-23,2025-01-01,False
1991,Freidora eléctrica,64.55,5.0,2024-11-18,Electrodomésticos,322.75,11,RRSS,5.27,2024-12-29,2025-01-21,False
2274,Auriculares,114.43,1.0,2024-11-18,Electrónica,114.43,47,Email,4.19,2024-06-02,2024-07-22,False
2274,Auriculares,114.43,1.0,2024-11-18,Electrónica,114.43,17,RRSS,6.06,2024-07-15,2024-08-15,False
2274,Auriculares,114.43,1.0,2024-11-18,Electrónica,114.43,77,TV,4.99,2024-11-11,2024-12-06,True
2441,Parlantes Bluetooth,55.81,4.0,2024-11-18,Electrónica,223.24,84,TV,4.42,2024-04-17,2024-05-05,False
2441,Parlantes Bluetooth,55.81,4.0,2024-11-18,Electrónica,223.24,54,Email,2.95,2024-08-09,2024-09-22,False
2441,Parlantes Bluetooth,55.81,4.0,2024-11-18,Electrónica,223.24,24,RRSS,6.0,2024-09-22,2024-10-26,False
2638,SmartWatch,124.0,5.0,2024-11-18,Electrónica,620.0,85,TV,5.07,2024-04-01,2024-05-05,False
2638,SmartWatch,124.0,5.0,2024-11-18,Electrónica,620.0,55,Email,4.59,2024-10-13,2024-12-06,True
2638,SmartWatch,124.0,5.0,2024-11-18,Electrónica,620.0,25,RRSS,4.84,2024-11-23,2024-12-29,False
136,Cortinas,31.5,7.0,2024-11-19,Decoración,220.5,43,Email,5.67,2024-05-02,2024-06-17,False
136,Cortinas,31.5,7.0,2024-11-19,Decoración,220.5,73,TV,6.47,2024-08-17,2024-09-26,False
136,Cortinas,31.5,7.0,2024-11-19,Decoración,220.5,13,RRSS,5.22,2024-09-16,2024-10-15,False
589,Lámpara de mesa,111.78,2.0,2024-11-19,Decoración,223.56,32,Email,5.54,2024-03-28,2024-04-20,False
589,Lámpara de mesa,111.78,2.0,2024-11-19,Decoración,223.56,2,RRSS,5.88,2024-05-30,2024-06-29,False
589,Lámpara de mesa,111.78,2.0,2024-11-19,Decoración,223.56,62,TV,4.51,2024-08-26,2024-10-07,False
801,Lámpara de mesa,72.15,9.0,2024-11-19,Decoración,649.35,32,Email,5.54,2024-03-28,2024-04-20,False
801,Lámpara de mesa,72.15,9.0,2024-11-19,Decoración,649.35,2,RRSS,5.88,2024-05-30,2024-06-29,False
801,Lámpara de mesa,72.15,9.0,2024-11-19,Decoración,649.35,62,TV,4.51,2024-08-26,2024-10-07,False
1159,Batidora,111.36,7.0,2024-11-19,Electrodomésticos,779.52,57,Email,4.48,2024-04-10,2024-06-08,False
1159,Batidora,111.36,7.0,2024-11-19,Electrodomésticos,779.52,87,TV,6.28,2024-08-27,2024-10-11,False
1159,Batidora,111.36,7.0,2024-11-19,Electrodomésticos,779.52,27,RRSS,4.52,2024-11-01,2024-12-08,True
1836,Secadora,68.69,4.0,2024-11-19,Electrodomésticos,274.76,3,RRSS,5.1,2024-07-24,2024-08-30,False
1836,Secadora,68.69,4.0,2024-11-19,Electrodomésticos,274.76,63,TV,5.69,2024-11-03,2024-11-28,True
1836,Secadora,68.69,4.0,2024-11-19,Electrodomésticos,274.76,33,Email,3.8,2024-12-20,2025-01-07,False
1913,Microondas,75.41,12.0,2024-11-19,Electrodomésticos,904.92,56,Email,4.94,2024-08-06,2024-08-25,False
1913,Microondas,75.41,12.0,2024-11-19,Electrodomésticos,904.92,26,RRSS,5.0,2024-09-25,2024-10-14,False
1913,Microondas,75.41,12.0,2024-11-19,Electrodomésticos,904.92,86,TV,4.25,2024-09-25,2024-11-15,False
2872,Televisor,105.88,3.0,2024-11-19,Electrónica,317.64,29,RRSS,3.96,2024-05-17,2024-06-28,False
2872,Televisor,105.88,3.0,2024-11-19,Electrónica,317.64,59,Email,4.19,2024-11-20,2025-01-19,False
2872,Televisor,105.88,3.0,2024-11-19,Electrónica,317.64,89,TV,4.98,2024-12-13,2025-02-08,False
119,Lámpara de mesa,50.6,11.0,2024-11-20,Decoración,556.6,32,Email,5.54,2024-03-28,2024-04-20,False
119,Lámpara de mesa,50.6,11.0,2024-11-20,Decoración,556.6,2,RRSS,5.88,2024-05-30,2024-06-29,False
119,Lámpara de mesa,50.6,11.0,2024-11-20,Decoración,556.6,62,TV,4.51,2024-08-26,2024-10-07,False
152,Cuadro decorativo,86.46,4.0,2024-11-20,Decoración,345.84,1,RRSS,5.27,2024-04-27,2024-06-04,False
152,Cuadro decorativo,86.46,4.0,2024-11-20,Decoración,345.84,31,Email,5.28,2024-08-15,2024-09-12,False
152,Cuadro decorativo,86.46,4.0,2024-11-20,Decoración,345.84,61,TV,5.3,2024-11-05,2024-12-23,True
592,Cuadro decorativo,34.61,9.0,2024-11-20,Decoración,311.49,1,RRSS,5.27,2024-04-27,2024-06-04,False
592,Cuadro decorativo,34.61,9.0,2024-11-20,Decoración,311.49,31,Email,5.28,2024-08-15,2024-09-12,False
592,Cuadro decorativo,34.61,9.0,2024-11-20,Decoración,311.49,61,TV,5.3,2024-11-05,2024-12-23,True
676,Cortinas,40.01,5.0,2024-11-20,Decoración,200.04999999999998,43,Email,5.67,2024-05-02,2024-06-17,False
676,Cortinas,40.01,5.0,2024-11-20,Decoración,200.04999999999998,73,TV,6.47,2024-08-17,2024-09-26,False
676,Cortinas,40.01,5.0,2024-11-20,Decoración,200.04999999999998,13,RRSS,5.22,2024-09-16,2024-10-15,False
1079,Batidora,53.18,2.0,2024-11-20,Electrodomésticos,106.36,57,Email,4.48,2024-04-10,2024-06-08,False
1079,Batidora,53.18,2.0,2024-11-20,Electrodomésticos,106.36,87,TV,6.28,2024-08-27,2024-10-11,False
1079,Batidora,53.18,2.0,2024-11-20,Electrodomésticos,106.36,27,RRSS,4.52,2024-11-01,2024-12-08,True
1302,Heladera,29.85,2.0,2024-11-20,Electrodomésticos,59.7,34,Email,4.2,2024-05-06,2024-07-05,False
1302,Heladera,29.85,2.0,2024-11-20,Electrodomésticos,59.7,4,RRSS,4.53,2024-05-31,2024-07-15,False
1302,Heladera,29.85,2.0,2024-11-20,Electrodomésticos,59.7,64,TV,4.38,2024-07-10,2024-08-09,False
1498,Cafetera,61.91,7.0,2024-11-20,Electrodomésticos,433.37,49,Email,5.2,2024-06-20,2024-07-22,False
1498,Cafetera,61.91,7.0,2024-11-20,Electrodomésticos,433.37,79,TV,7.26,2024-08-13,2024-10-11,False
1498,Cafetera,61.91,7.0,2024-11-20,Electrodomésticos,433.37,19,RRSS,5.7,2024-08-19,2024-09-15,False
1774,Aspiradora,120.8,3.0,2024-11-20,Electrodomésticos,362.4,40,Email,6.24,2024-06-24,2024-08-12,False
1774,Aspiradora,120.8,3.0,2024-11-20,Electrodomésticos,362.4,10,RRSS,7.16,2024-08-19,2024-09-19,False
1774,Aspiradora,120.8,3.0,2024-11-20,Electrodomésticos,362.4,70,TV,3.06,2024-12-13,2024-12-29,False
1881,Freidora eléctrica,107.86,9.0,2024-11-20,Electrodomésticos,970.74,71,TV,4.37,2024-06-05,2024-07-24,False
1881,Freidora eléctrica,107.86,9.0,2024-11-20,Electrodomésticos,970.74,41,Email,3.92,2024-11-23,2025-01-01,False
1881,Freidora eléctrica,107.86,9.0,2024-11-20,Electrodomésticos,970.74,11,RRSS,5.27,2024-12-29,2025-01-21,False
1993,Microondas,60.07,5.0,2024-11-20,Electrodomésticos,300.35,56,Email,4.94,2024-08-06,2024-08-25,False
1993,Microondas,60.07,5.0,2024-11-20,Electrodomésticos,300.35,26,RRSS,5.0,2024-09-25,2024-10-14,False
1993,Microondas,60.07,5.0,2024-11-20,Electrodomésticos,300.35,86,TV,4.25,2024-09-25,2024-11-15,False
2009,Proyector,73.42,10.0,2024-11-20,Electrónica,734.2,67,TV,3.68,2024-05-22,2024-07-12,False
2009,Proyector,73.42,10.0,2024-11-20,Electrónica,734.2,37,Email,3.22,2024-07-06,2024-07-26,False
2009,Proyector,73.42,10.0,2024-11-20,Electrónica,734.2,7,RRSS,5.57,2024-07-30,2024-08-16,False
2591,Parlantes Bluetooth,28.1,8.0,2024-11-20,Electrónica,224.8,84,TV,4.42,2024-04-17,2024-05-05,False
2591,Parlantes Bluetooth,28.1,8.0,2024-11-20,Electrónica,224.8,54,Email,2.95,2024-08-09,2024-09-22,False
2591,Parlantes Bluetooth,28.1,8.0,2024-11-20,Electrónica,224.8,24,RRSS,6.0,2024-09-22,2024-10-26,False
1542,Microondas,98.15,3.0,2024-11-21,Electrodomésticos,294.45000000000005,56,Email,4.94,2024-08-06,2024-08-25,False
1542,Microondas,98.15,3.0,2024-11-21,Electrodomésticos,294.45000000000005,26,RRSS,5.0,2024-09-25,2024-10-14,False
1542,Microondas,98.15,3.0,2024-11-21,Electrodomésticos,294.45000000000005,86,TV,4.25,2024-09-25,2024-11-15,False
1951,Freidora eléctrica,112.16,5.0,2024-11-21,Electrodomésticos,560.8,71,TV,4.37,2024-06-05,2024-07-24,False
1951,Freidora eléctrica,112.16,5.0,2024-11-21,Electrodomésticos,560.8,41,Email,3.92,2024-11-23,2025-01-01,False
1951,Freidora eléctrica,112.16,5.0,2024-11-21,Electrodomésticos,560.8,11,RRSS,5.27,2024-12-29,2025-01-21,False
2179,Proyector,111.31,11.0,2024-11-21,Electrónica,1224.41,67,TV,3.68,2024-05-22,2024-07-12,False
2179,Proyector,111.31,11.0,2024-11-21,Electrónica,1224.41,37,Email,3.22,2024-07-06,2024-07-26,False
2179,Proyector,111.31,11.0,2024-11-21,Electrónica,1224.41,7,RRSS,5.57,2024-07-30,2024-08-16,False
2977,Cámara digital,116.01,12.0,2024-11-21,Electrónica,1392.1200000000001,18,RRSS,5.46,2024-07-16,2024-09-13,False
2977,Cámara digital,116.01,12.0,2024-11-21,Electrónica,1392.1200000000001,78,TV,4.1,2024-08-02,2024-09-20,False
2977,Cámara digital,116.01,12.0,2024-11-21,Electrónica,1392.1200000000001,48,Email,6.84,2024-10-31,2024-12-09,True
384,Jarrón decorativo,105.16,6.0,2024-11-22,Decoración,630.96,15,RRSS,4.65,2024-05-09,2024-06-13,False
384,Jarrón decorativo,105.16,6.0,2024-11-22,Decoración,630.96,45,Email,4.52,2024-06-05,2024-07-31,False
384,Jarrón decorativo,105.16,6.0,2024-11-22,Decoración,630.96,75,TV,4.1,2024-11-03,2024-12-25,True
837,Elementos de cerámica,56.1,12.0,2024-11-22,Decoración,673.2,22,RRSS,5.44,2024-06-26,2024-07-15,False
837,Elementos de cerámica,56.1,12.0,2024-11-22,Decoración,673.2,82,TV,5.69,2024-09-08,2024-10-12,False
837,Elementos de cerámica,56.1,12.0,2024-11-22,Decoración,673.2,52,Email,5.74,2024-09-09,2024-09-30,False
907,Elementos de cerámica,49.85,8.0,2024-11-22,Decoración,398.8,22,RRSS,5.44,2024-06-26,2024-07-15,False
907,Elementos de cerámica,49.85,8.0,2024-11-22,Decoración,398.8,82,TV,5.69,2024-09-08,2024-10-12,False
907,Elementos de cerámica,49.85,8.0,2024-11-22,Decoración,398.8,52,Email,5.74,2024-09-09,2024-09-30,False
1309,Batidora,68.82,5.0,2024-11-22,Electrodomésticos,344.09999999999997,57,Email,4.48,2024-04-10,2024-06-08,False
1309,Batidora,68.82,5.0,2024-11-22,Electrodomésticos,344.09999999999997,87,TV,6.28,2024-08-27,2024-10-11,False
1309,Batidora,68.82,5.0,2024-11-22,Electrodomésticos,344.09999999999997,27,RRSS,4.52,2024-11-01,2024-12-08,True
1759,Batidora,82.06,2.0,2024-11-22,Electrodomésticos,164.12,57,Email,4.48,2024-04-10,2024-06-08,False
1759,Batidora,82.06,2.0,2024-11-22,Electrodomésticos,164.12,87,TV,6.28,2024-08-27,2024-10-11,False
1759,Batidora,82.06,2.0,2024-11-22,Electrodomésticos,164.12,27,RRSS,4.52,2024-11-01,2024-12-08,True
2391,Parlantes Bluetooth,41.39,10.0,2024-11-22,Electrónica,413.9,84,TV,4.42,2024-04-17,2024-05-05,False
2391,Parlantes Bluetooth,41.39,10.0,2024-11-22,Electrónica,413.9,54,Email,2.95,2024-08-09,2024-09-22,False
2391,Parlantes Bluetooth,41.39,10.0,2024-11-22,Electrónica,413.9,24,RRSS,6.0,2024-09-22,2024-10-26,False
338,Rincón de plantas,114.46,12.0,2024-11-23,Decoración,1373.52,38,Email,5.76,2024-06-14,2024-07-15,False
338,Rincón de plantas,114.46,12.0,2024-11-23,Decoración,1373.52,8,RRSS,4.88,2024-08-03,2024-08-18,False
338,Rincón de plantas,114.46,12.0,2024-11-23,Decoración,1373.52,68,TV,5.81,2024-12-17,2025-02-14,False
394,Jarrón decorativo,114.83,10.0,2024-11-23,Decoración,1148.3,15,RRSS,4.65,2024-05-09,2024-06-13,False
394,Jarrón decorativo,114.83,10.0,2024-11-23,Decoración,1148.3,45,Email,4.52,2024-06-05,2024-07-31,False
394,Jarrón decorativo,114.83,10.0,2024-11-23,Decoración,1148.3,75,TV,4.1,2024-11-03,2024-12-25,True
785,Alfombra,97.3,5.0,2024-11-23,Decoración,486.5,58,Email,4.25,2024-03-31,2024-05-05,False
785,Alfombra,97.3,5.0,2024-11-23,Decoración,486.5,88,TV,7.39,2024-07-25,2024-08-31,False
785,Alfombra,97.3,5.0,2024-11-23,Decoración,486.5,28,RRSS,5.82,2024-11-27,2025-01-08,False
2194,Auriculares,102.22,11.0,2024-11-23,Electrónica,1124.42,47,Email,4.19,2024-06-02,2024-07-22,False
2194,Auriculares,102.22,11.0,2024-11-23,Electrónica,1124.42,17,RRSS,6.06,2024-07-15,2024-08-15,False
2194,Auriculares,102.22,11.0,2024-11-23,Electrónica,1124.42,77,TV,4.99,2024-11-11,2024-12-06,True
2410,Consola de videojuegos,55.53,10.0,2024-11-23,Electrónica,555.3,50,Email,4.97,2024-05-03,2024-05-28,False
2410,Consola de videojuegos,55.53,10.0,2024-11-23,Electrónica,555.3,20,RRSS,3.16,2024-07-15,2024-08-03,False
2410,Consola de videojuegos,55.53,10.0,2024-11-23,Electrónica,555.3,80,TV,4.64,2024-11-01,2024-11-20,False
2479,Proyector,51.72,3.0,2024-11-23,Electrónica,155.16,67,TV,3.68,2024-05-22,2024-07-12,False
2479,Proyector,51.72,3.0,2024-11-23,Electrónica,155.16,37,Email,3.22,2024-07-06,2024-07-26,False
2479,Proyector,51.72,3.0,2024-11-23,Electrónica,155.16,7,RRSS,5.57,2024-07-30,2024-08-16,False
2670,Consola de videojuegos,42.62,3.0,2024-11-23,Electrónica,127.85999999999999,50,Email,4.97,2024-05-03,2024-05-28,False
2670,Consola de videojuegos,42.62,3.0,2024-11-23,Electrónica,127.85999999999999,20,RRSS,3.16,2024-07-15,2024-08-03,False
2670,Consola de videojuegos,42.62,3.0,2024-11-23,Electrónica,127.85999999999999,80,TV,4.64,2024-11-01,2024-11-20,False
238,Rincón de plantas,103.51,12.0,2024-11-24,Decoración,1242.1200000000001,38,Email,5.76,2024-06-14,2024-07-15,False
238,Rincón de plantas,103.51,12.0,2024-11-24,Decoración,1242.1200000000001,8,RRSS,4.88,2024-08-03,2024-08-18,False
238,Rincón de plantas,103.51,12.0,2024-11-24,Decoración,1242.1200000000001,68,TV,5.81,2024-12-17,2025-02-14,False
923,Espejo decorativo,59.64,2.0,2024-11-24,Decoración,119.28,83,TV,5.24,2024-05-31,2024-07-08,False
923,Espejo decorativo,59.64,2.0,2024-11-24,Decoración,119.28,53,Email,4.9,2024-07-17,2024-08-01,False
923,Espejo decorativo,59.64,2.0,2024-11-24,Decoración,119.28,23,RRSS,4.75,2024-08-28,2024-10-17,False
1692,Microondas,52.7,9.0,2024-11-24,Electrodomésticos,474.3,56,Email,4.94,2024-08-06,2024-08-25,False
1692,Microondas,52.7,9.0,2024-11-24,Electrodomésticos,474.3,26,RRSS,5.0,2024-09-25,2024-10-14,False
1692,Microondas,52.7,9.0,2024-11-24,Electrodomésticos,474.3,86,TV,4.25,2024-09-25,2024-11-15,False
2149,Proyector,91.89,5.0,2024-11-24,Electrónica,459.45,67,TV,3.68,2024-05-22,2024-07-12,False
2149,Proyector,91.89,5.0,2024-11-24,Electrónica,459.45,37,Email,3.22,2024-07-06,2024-07-26,False
2149,Proyector,91.89,5.0,2024-11-24,Electrónica,459.45,7,RRSS,5.57,2024-07-30,2024-08-16,False
2303,Smartphone,63.94,12.0,2024-11-24,Electrónica,767.28,21,RRSS,6.37,2024-03-29,2024-05-16,False
2303,Smartphone,63.94,12.0,2024-11-24,Electrónica,767.28,51,Email,4.65,2024-05-28,2024-06-15,False
2303,Smartphone,63.94,12.0,2024-11-24,Electrónica,767.28,81,TV,4.78,2024-09-28,2024-10-24,False
2387,Cámara digital,58.22,5.0,2024-11-24,Electrónica,291.1,18,RRSS,5.46,2024-07-16,2024-09-13,False
2387,Cámara digital,58.22,5.0,2024-11-24,Electrónica,291.1,78,TV,4.1,2024-08-02,2024-09-20,False
2387,Cámara digital,58.22,5.0,2024-11-24,Electrónica,291.1,48,Email,6.84,2024-10-31,2024-12-09,True
2651,Parlantes Bluetooth,38.31,6.0,2024-11-24,Electrónica,229.86,84,TV,4.42,2024-04-17,2024-05-05,False
2651,Parlantes Bluetooth,38.31,6.0,2024-11-24,Electrónica,229.86,54,Email,2.95,2024-08-09,2024-09-22,False
2651,Parlantes Bluetooth,38.31,6.0,2024-11-24,Electrónica,229.86,24,RRSS,6.0,2024-09-22,2024-10-26,False
2970,Consola de videojuegos,49.88,5.0,2024-11-24,Electrónica,249.4,50,Email,4.97,2024-05-03,2024-05-28,False
2970,Consola de videojuegos,49.88,5.0,2024-11-24,Electrónica,249.4,20,RRSS,3.16,2024-07-15,2024-08-03,False
2970,Consola de videojuegos,49.88,5.0,2024-11-24,Electrónica,249.4,80,TV,4.64,2024-11-01,2024-11-20,False
1328,Cafetera,99.07,3.0,2024-11-25,Electrodomésticos,297.21,49,Email,5.2,2024-06-20,2024-07-22,False
1328,Cafetera,99.07,3.0,2024-11-25,Electrodomésticos,297.21,79,TV,7.26,2024-08-13,2024-10-11,False
1328,Cafetera,99.07,3.0,2024-11-25,Electrodomésticos,297.21,19,RRSS,5.7,2024-08-19,2024-09-15,False
1396,Secadora,113.64,4.0,2024-11-25,Electrodomésticos,454.56,3,RRSS,5.1,2024-07-24,2024-08-30,False
1396,Secadora,113.64,4.0,2024-11-25,Electrodomésticos,454.56,63,TV,5.69,2024-11-03,2024-11-28,True
1396,Secadora,113.64,4.0,2024-11-25,Electrodomésticos,454.56,33,Email,3.8,2024-12-20,2025-01-07,False
1828,Cafetera,76.71,12.0,2024-11-25,Electrodomésticos,920.52,49,Email,5.2,2024-06-20,2024-07-22,False
1828,Cafetera,76.71,12.0,2024-11-25,Electrodomésticos,920.52,79,TV,7.26,2024-08-13,2024-10-11,False
1828,Cafetera,76.71,12.0,2024-11-25,Electrodomésticos,920.52,19,RRSS,5.7,2024-08-19,2024-09-15,False
2172,Televisor,115.93,8.0,2024-11-25,Electrónica,927.44,29,RRSS,3.96,2024-05-17,2024-06-28,False
2172,Televisor,115.93,8.0,2024-11-25,Electrónica,927.44,59,Email,4.19,2024-11-20,2025-01-19,True
2172,Televisor,115.93,8.0,2024-11-25,Electrónica,927.44,89,TV,4.98,2024-12-13,2025-02-08,False
2371,Parlantes Bluetooth,93.33,4.0,2024-11-25,Electrónica,373.32,84,TV,4.42,2024-04-17,2024-05-05,False
2371,Parlantes Bluetooth,93.33,4.0,2024-11-25,Electrónica,373.32,54,Email,2.95,2024-08-09,2024-09-22,False
2371,Parlantes Bluetooth,93.33,4.0,2024-11-25,Electrónica,373.32,24,RRSS,6.0,2024-09-22,2024-10-26,False
153,Espejo decorativo,49.47,10.0,2024-11-26,Decoración,494.7,83,TV,5.24,2024-05-31,2024-07-08,False
153,Espejo decorativo,49.47,10.0,2024-11-26,Decoración,494.7,53,Email,4.9,2024-07-17,2024-08-01,False
153,Espejo decorativo,49.47,10.0,2024-11-26,Decoración,494.7,23,RRSS,4.75,2024-08-28,2024-10-17,False
225,Alfombra,28.53,6.0,2024-11-26,Decoración,171.18,58,Email,4.25,2024-03-31,2024-05-05,False
225,Alfombra,28.53,6.0,2024-11-26,Decoración,171.18,88,TV,7.39,2024-07-25,2024-08-31,False
225,Alfombra,28.53,6.0,2024-11-26,Decoración,171.18,28,RRSS,5.82,2024-11-27,2025-01-08,False
326,Cortinas,65.02,2.0,2024-11-26,Decoración,130.04,43,Email,5.67,2024-05-02,2024-06-17,False
326,Cortinas,65.02,2.0,2024-11-26,Decoración,130.04,73,TV,6.47,2024-08-17,2024-09-26,False
326,Cortinas,65.02,2.0,2024-11-26,Decoración,130.04,13,RRSS,5.22,2024-09-16,2024-10-15,False
331,Lámpara de mesa,36.82,3.0,2024-11-26,Decoración,110.46000000000001,32,Email,5.54,2024-03-28,2024-04-20,False
331,Lámpara de mesa,36.82,3.0,2024-11-26,Decoración,110.46000000000001,2,RRSS,5.88,2024-05-30,2024-06-29,False
331,Lámpara de mesa,36.82,3.0,2024-11-26,Decoración,110.46000000000001,62,TV,4.51,2024-08-26,2024-10-07,False
1043,Microondas,28.96,3.0,2024-11-26,Electrodomésticos,86.88,56,Email,4.94,2024-08-06,2024-08-25,False
1043,Microondas,28.96,3.0,2024-11-26,Electrodomésticos,86.88,26,RRSS,5.0,2024-09-25,2024-10-14,False
1043,Microondas,28.96,3.0,2024-11-26,Electrodomésticos,86.88,86,TV,4.25,2024-09-25,2024-11-15,False
1158,Cafetera,55.58,7.0,2024-11-26,Electrodomésticos,389.06,49,Email,5.2,2024-06-20,2024-07-22,False
1158,Cafetera,55.58,7.0,2024-11-26,Electrodomésticos,389.06,79,TV,7.26,2024-08-13,2024-10-11,False
1158,Cafetera,55.58,7.0,2024-11-26,Electrodomésticos,389.06,19,RRSS,5.7,2024-08-19,2024-09-15,False
1301,Freidora eléctrica,114.68,5.0,2024-11-26,Electrodomésticos,573.4000000000001,71,TV,4.37,2024-06-05,2024-07-24,False
1301,Freidora eléctrica,114.68,5.0,2024-11-26,Electrodomésticos,573.4000000000001,41,Email,3.92,2024-11-23,2025-01-01,True
1301,Freidora eléctrica,114.68,5.0,2024-11-26,Electrodomésticos,573.4000000000001,11,RRSS,5.27,2024-12-29,2025-01-21,False
1544,Aspiradora,87.56,8.0,2024-11-26,Electrodomésticos,700.48,40,Email,6.24,2024-06-24,2024-08-12,False
1544,Aspiradora,87.56,8.0,2024-11-26,Electrodomésticos,700.48,10,RRSS,7.16,2024-08-19,2024-09-19,False
1544,Aspiradora,87.56,8.0,2024-11-26,Electrodomésticos,700.48,70,TV,3.06,2024-12-13,2024-12-29,False
1771,Freidora eléctrica,47.41,2.0,2024-11-26,Electrodomésticos,94.82,71,TV,4.37,2024-06-05,2024-07-24,False
1771,Freidora eléctrica,47.41,2.0,2024-11-26,Electrodomésticos,94.82,41,Email,3.92,2024-11-23,2025-01-01,True
1771,Freidora eléctrica,47.41,2.0,2024-11-26,Electrodomésticos,94.82,11,RRSS,5.27,2024-12-29,2025-01-21,False
1781,Freidora eléctrica,34.88,7.0,2024-11-26,Electrodomésticos,244.16000000000003,71,TV,4.37,2024-06-05,2024-07-24,False
1781,Freidora eléctrica,34.88,7.0,2024-11-26,Electrodomésticos,244.16000000000003,41,Email,3.92,2024-11-23,2025-01-01,True
1781,Freidora eléctrica,34.88,7.0,2024-11-26,Electrodomésticos,244.16000000000003,11,RRSS,5.27,2024-12-29,2025-01-21,False
1928,Cafetera,49.58,2.0,2024-11-26,Electrodomésticos,99.16,49,Email,5.2,2024-06-20,2024-07-22,False
1928,Cafetera,49.58,2.0,2024-11-26,Electrodomésticos,99.16,79,TV,7.26,2024-08-13,2024-10-11,False
1928,Cafetera,49.58,2.0,2024-11-26,Electrodomésticos,99.16,19,RRSS,5.7,2024-08-19,2024-09-15,False
1980,Plancha de vapor,115.37,2.0,2024-11-26,Electrodomésticos,230.74,36,Email,5.41,2024-04-02,2024-06-01,False
1980,Plancha de vapor,115.37,2.0,2024-11-26,Electrodomésticos,230.74,6,RRSS,4.02,2024-09-24,2024-11-02,False
1980,Plancha de vapor,115.37,2.0,2024-11-26,Electrodomésticos,230.74,66,TV,4.69,2024-10-04,2024-10-23,False
2086,Laptop,41.18,7.0,2024-11-26,Electrónica,288.26,60,Email,4.89,2024-09-28,2024-10-27,False
2086,Laptop,41.18,7.0,2024-11-26,Electrónica,288.26,30,RRSS,4.68,2024-10-23,2024-11-24,False
2086,Laptop,41.18,7.0,2024-11-26,Electrónica,288.26,90,TV,5.62,2024-11-16,2025-01-13,True
2569,Proyector,104.95,5.0,2024-11-26,Electrónica,524.75,67,TV,3.68,2024-05-22,2024-07-12,False
2569,Proyector,104.95,5.0,2024-11-26,Electrónica,524.75,37,Email,3.22,2024-07-06,2024-07-26,False
2569,Proyector,104.95,5.0,2024-11-26,Electrónica,524.75,7,RRSS,5.57,2024-07-30,2024-08-16,False
2707,Cámara digital,104.82,6.0,2024-11-26,Electrónica,628.92,18,RRSS,5.46,2024-07-16,2024-09-13,False
2707,Cámara digital,104.82,6.0,2024-11-26,Electrónica,628.92,78,TV,4.1,2024-08-02,2024-09-20,False
2707,Cámara digital,104.82,6.0,2024-11-26,Electrónica,628.92,48,Email,6.84,2024-10-31,2024-12-09,True
451,Lámpara de mesa,81.2,7.0,2024-11-27,Decoración,568.4,32,Email,5.54,2024-03-28,2024-04-20,False
451,Lámpara de mesa,81.2,7.0,2024-11-27,Decoración,568.4,2,RRSS,5.88,2024-05-30,2024-06-29,False
451,Lámpara de mesa,81.2,7.0,2024-11-27,Decoración,568.4,62,TV,4.51,2024-08-26,2024-10-07,False
715,Alfombra,32.65,3.0,2024-11-27,Decoración,97.94999999999999,58,Email,4.25,2024-03-31,2024-05-05,False
715,Alfombra,32.65,3.0,2024-11-27,Decoración,97.94999999999999,88,TV,7.39,2024-07-25,2024-08-31,False
715,Alfombra,32.65,3.0,2024-11-27,Decoración,97.94999999999999,28,RRSS,5.82,2024-11-27,2025-01-08,True
1100,Plancha de vapor,108.29,5.0,2024-11-27,Electrodomésticos,541.45,36,Email,5.41,2024-04-02,2024-06-01,False
1100,Plancha de vapor,108.29,5.0,2024-11-27,Electrodomésticos,541.45,6,RRSS,4.02,2024-09-24,2024-11-02,False
1100,Plancha de vapor,108.29,5.0,2024-11-27,Electrodomésticos,541.45,66,TV,4.69,2024-10-04,2024-10-23,False
1211,Freidora eléctrica,112.72,7.0,2024-11-27,Electrodomésticos,789.04,71,TV,4.37,2024-06-05,2024-07-24,False
1211,Freidora eléctrica,112.72,7.0,2024-11-27,Electrodomésticos,789.04,41,Email,3.92,2024-11-23,2025-01-01,True
1211,Freidora eléctrica,112.72,7.0,2024-11-27,Electrodomésticos,789.04,11,RRSS,5.27,2024-12-29,2025-01-21,False
1352,Microondas,39.86,3.0,2024-11-27,Electrodomésticos,119.58,56,Email,4.94,2024-08-06,2024-08-25,False
1352,Microondas,39.86,3.0,2024-11-27,Electrodomésticos,119.58,26,RRSS,5.0,2024-09-25,2024-10-14,False
1352,Microondas,39.86,3.0,2024-11-27,Electrodomésticos,119.58,86,TV,4.25,2024-09-25,2024-11-15,False
1576,Secadora,35.14,4.0,2024-11-27,Electrodomésticos,140.56,3,RRSS,5.1,2024-07-24,2024-08-30,False
1576,Secadora,35.14,4.0,2024-11-27,Electrodomésticos,140.56,63,TV,5.69,2024-11-03,2024-11-28,True
1576,Secadora,35.14,4.0,2024-11-27,Electrodomésticos,140.56,33,Email,3.8,2024-12-20,2025-01-07,False
2111,Parlantes Bluetooth,28.52,2.0,2024-11-27,Electrónica,57.04,84,TV,4.42,2024-04-17,2024-05-05,False
2111,Parlantes Bluetooth,28.52,2.0,2024-11-27,Electrónica,57.04,54,Email,2.95,2024-08-09,2024-09-22,False
2111,Parlantes Bluetooth,28.52,2.0,2024-11-27,Electrónica,57.04,24,RRSS,6.0,2024-09-22,2024-10-26,False
2253,Smartphone,59.1,12.0,2024-11-27,Electrónica,709.2,21,RRSS,6.37,2024-03-29,2024-05-16,False
2253,Smartphone,59.1,12.0,2024-11-27,Electrónica,709.2,51,Email,4.65,2024-05-28,2024-06-15,False
2253,Smartphone,59.1,12.0,2024-11-27,Electrónica,709.2,81,TV,4.78,2024-09-28,2024-10-24,False
2421,Parlantes Bluetooth,97.6,11.0,2024-11-27,Electrónica,1073.6,84,TV,4.42,2024-04-17,2024-05-05,False
2421,Parlantes Bluetooth,97.6,11.0,2024-11-27,Electrónica,1073.6,54,Email,2.95,2024-08-09,2024-09-22,False
2421,Parlantes Bluetooth,97.6,11.0,2024-11-27,Electrónica,1073.6,24,RRSS,6.0,2024-09-22,2024-10-26,False
703,Espejo decorativo,30.41,8.0,2024-11-28,Decoración,243.28,83,TV,5.24,2024-05-31,2024-07-08,False
703,Espejo decorativo,30.41,8.0,2024-11-28,Decoración,243.28,53,Email,4.9,2024-07-17,2024-08-01,False
703,Espejo decorativo,30.41,8.0,2024-11-28,Decoración,243.28,23,RRSS,4.75,2024-08-28,2024-10-17,False
1055,Lavadora,34.77,11.0,2024-11-28,Electrodomésticos,382.47,46,Email,3.63,2024-05-12,2024-05-29,False
1055,Lavadora,34.77,11.0,2024-11-28,Electrodomésticos,382.47,76,TV,4.66,2024-05-26,2024-07-02,False
1055,Lavadora,34.77,11.0,2024-11-28,Electrodomésticos,382.47,16,RRSS,3.56,2024-08-14,2024-09-20,False
1718,Cafetera,59.62,10.0,2024-11-28,Electrodomésticos,596.1999999999999,49,Email,5.2,2024-06-20,2024-07-22,False
1718,Cafetera,59.62,10.0,2024-11-28,Electrodomésticos,596.1999999999999,79,TV,7.26,2024-08-13,2024-10-11,False
1718,Cafetera,59.62,10.0,2024-11-28,Electrodomésticos,596.1999999999999,19,RRSS,5.7,2024-08-19,2024-09-15,False
1976,Secadora,97.56,7.0,2024-11-28,Electrodomésticos,682.9200000000001,3,RRSS,5.1,2024-07-24,2024-08-30,False
1976,Secadora,97.56,7.0,2024-11-28,Electrodomésticos,682.9200000000001,63,TV,5.69,2024-11-03,2024-11-28,True
1976,Secadora,97.56,7.0,2024-11-28,Electrodomésticos,682.9200000000001,33,Email,3.8,2024-12-20,2025-01-07,False
2392,Televisor,90.14,9.0,2024-11-28,Electrónica,811.26,29,RRSS,3.96,2024-05-17,2024-06-28,False
2392,Televisor,90.14,9.0,2024-11-28,Electrónica,811.26,59,Email,4.19,2024-11-20,2025-01-19,True
2392,Televisor,90.14,9.0,2024-11-28,Electrónica,811.26,89,TV,4.98,2024-12-13,2025-02-08,False
2586,Laptop,94.55,2.0,2024-11-28,Electrónica,189.1,60,Email,4.89,2024-09-28,2024-10-27,False
2586,Laptop,94.55,2.0,2024-11-28,Electrónica,189.1,30,RRSS,4.68,2024-10-23,2024-11-24,False
2586,Laptop,94.55,2.0,2024-11-28,Electrónica,189.1,90,TV,5.62,2024-11-16,2025-01-13,True
2675,Auriculares,75.36,6.0,2024-11-28,Electrónica,452.15999999999997,47,Email,4.19,2024-06-02,2024-07-22,False
2675,Auriculares,75.36,6.0,2024-11-28,Electrónica,452.15999999999997,17,RRSS,6.06,2024-07-15,2024-08-15,False
2675,Auriculares,75.36,6.0,2024-11-28,Electrónica,452.15999999999997,77,TV,4.99,2024-11-11,2024-12-06,True
184,Jarrón decorativo,74.37,10.0,2024-11-29,Decoración,743.7,15,RRSS,4.65,2024-05-09,2024-06-13,False
184,Jarrón decorativo,74.37,10.0,2024-11-29,Decoración,743.7,45,Email,4.52,2024-06-05,2024-07-31,False
184,Jarrón decorativo,74.37,10.0,2024-11-29,Decoración,743.7,75,TV,4.1,2024-11-03,2024-12-25,True
798,Rincón de plantas,52.11,3.0,2024-11-29,Decoración,156.32999999999998,38,Email,5.76,2024-06-14,2024-07-15,False
798,Rincón de plantas,52.11,3.0,2024-11-29,Decoración,156.32999999999998,8,RRSS,4.88,2024-08-03,2024-08-18,False
798,Rincón de plantas,52.11,3.0,2024-11-29,Decoración,156.32999999999998,68,TV,5.81,2024-12-17,2025-02-14,False
813,Espejo decorativo,37.25,3.0,2024-11-29,Decoración,111.75,83,TV,5.24,2024-05-31,2024-07-08,False
813,Espejo decorativo,37.25,3.0,2024-11-29,Decoración,111.75,53,Email,4.9,2024-07-17,2024-08-01,False
813,Espejo decorativo,37.25,3.0,2024-11-29,Decoración,111.75,23,RRSS,4.75,2024-08-28,2024-10-17,False
974,Jarrón decorativo,84.28,7.0,2024-11-29,Decoración,589.96,15,RRSS,4.65,2024-05-09,2024-06-13,False
974,Jarrón decorativo,84.28,7.0,2024-11-29,Decoración,589.96,45,Email,4.52,2024-06-05,2024-07-31,False
974,Jarrón decorativo,84.28,7.0,2024-11-29,Decoración,589.96,75,TV,4.1,2024-11-03,2024-12-25,True
1252,Microondas,96.06,4.0,2024-11-29,Electrodomésticos,384.24,56,Email,4.94,2024-08-06,2024-08-25,False
1252,Microondas,96.06,4.0,2024-11-29,Electrodomésticos,384.24,26,RRSS,5.0,2024-09-25,2024-10-14,False
1252,Microondas,96.06,4.0,2024-11-29,Electrodomésticos,384.24,86,TV,4.25,2024-09-25,2024-11-15,False
1634,Aspiradora,94.2,12.0,2024-11-29,Electrodomésticos,1130.4,40,Email,6.24,2024-06-24,2024-08-12,False
1634,Aspiradora,94.2,12.0,2024-11-29,Electrodomésticos,1130.4,10,RRSS,7.16,2024-08-19,2024-09-19,False
1634,Aspiradora,94.2,12.0,2024-11-29,Electrodomésticos,1130.4,70,TV,3.06,2024-12-13,2024-12-29,False
1867,Horno eléctrico,114.08,9.0,2024-11-29,Electrodomésticos,1026.72,35,Email,5.65,2024-07-31,2024-09-29,False
1867,Horno eléctrico,114.08,9.0,2024-11-29,Electrodomésticos,1026.72,5,RRSS,5.16,2024-08-22,2024-10-17,False
1867,Horno eléctrico,114.08,9.0,2024-11-29,Electrodomésticos,1026.72,65,TV,3.08,2024-10-23,2024-12-11,True
2447,Cámara digital,33.69,5.0,2024-11-29,Electrónica,168.45,18,RRSS,5.46,2024-07-16,2024-09-13,False
2447,Cámara digital,33.69,5.0,2024-11-29,Electrónica,168.45,78,TV,4.1,2024-08-02,2024-09-20,False
2447,Cámara digital,33.69,5.0,2024-11-29,Electrónica,168.45,48,Email,6.84,2024-10-31,2024-12-09,True
2976,Laptop,80.65,9.0,2024-11-29,Electrónica,725.85,60,Email,4.89,2024-09-28,2024-10-27,False
2976,Laptop,80.65,9.0,2024-11-29,Electrónica,725.85,30,RRSS,4.68,2024-10-23,2024-11-24,False
2976,Laptop,80.65,9.0,2024-11-29,Electrónica,725.85,90,TV,5.62,2024-11-16,2025-01-13,True
413,Espejo decorativo,60.81,7.0,2024-11-30,Decoración,425.67,83,TV,5.24,2024-05-31,2024-07-08,False
413,Espejo decorativo,60.81,7.0,2024-11-30,Decoración,425.67,53,Email,4.9,2024-07-17,2024-08-01,False
413,Espejo decorativo,60.81,7.0,2024-11-30,Decoración,425.67,23,RRSS,4.75,2024-08-28,2024-10-17,False
566,Cortinas,98.17,8.0,2024-11-30,Decoración,785.36,43,Email,5.67,2024-05-02,2024-06-17,False
566,Cortinas,98.17,8.0,2024-11-30,Decoración,785.36,73,TV,6.47,2024-08-17,2024-09-26,False
566,Cortinas,98.17,8.0,2024-11-30,Decoración,785.36,13,RRSS,5.22,2024-09-16,2024-10-15,False
775,Alfombra,111.87,7.0,2024-11-30,Decoración,783.09,58,Email,4.25,2024-03-31,2024-05-05,False
775,Alfombra,111.87,7.0,2024-11-30,Decoración,783.09,88,TV,7.39,2024-07-25,2024-08-31,False
775,Alfombra,111.87,7.0,2024-11-30,Decoración,783.09,28,RRSS,5.82,2024-11-27,2025-01-08,True
1727,Horno eléctrico,67.95,2.0,2024-11-30,Electrodomésticos,135.9,35,Email,5.65,2024-07-31,2024-09-29,False
1727,Horno eléctrico,67.95,2.0,2024-11-30,Electrodomésticos,135.9,5,RRSS,5.16,2024-08-22,2024-10-17,False
1727,Horno eléctrico,67.95,2.0,2024-11-30,Electrodomésticos,135.9,65,TV,3.08,2024-10-23,2024-12-11,True
1769,Batidora,95.64,2.0,2024-11-30,Electrodomésticos,191.28,57,Email,4.48,2024-04-10,2024-06-08,False
1769,Batidora,95.64,2.0,2024-11-30,Electrodomésticos,191.28,87,TV,6.28,2024-08-27,2024-10-11,False
1769,Batidora,95.64,2.0,2024-11-30,Electrodomésticos,191.28,27,RRSS,4.52,2024-11-01,2024-12-08,True
2109,Proyector,45.09,8.0,2024-11-30,Electrónica,360.72,67,TV,3.68,2024-05-22,2024-07-12,False
2109,Proyector,45.09,8.0,2024-11-30,Electrónica,360.72,37,Email,3.22,2024-07-06,2024-07-26,False
2109,Proyector,45.09,8.0,2024-11-30,Electrónica,360.72,7,RRSS,5.57,2024-07-30,2024-08-16,False
2385,Auriculares,92.15,4.0,2024-11-30,Electrónica,368.6,47,Email,4.19,2024-06-02,2024-07-22,False
2385,Auriculares,92.15,4.0,2024-11-30,Electrónica,368.6,17,RRSS,6.06,2024-07-15,2024-08-15,False
2385,Auriculares,92.15,4.0,2024-11-30,Electrónica,368.6,77,TV,4.99,2024-11-11,2024-12-06,True
2459,Proyector,118.81,2.0,2024-11-30,Electrónica,237.62,67,TV,3.68,2024-05-22,2024-07-12,False
2459,Proyector,118.81,2.0,2024-11-30,Electrónica,237.62,37,Email,3.22,2024-07-06,2024-07-26,False
2459,Proyector,118.81,2.0,2024-11-30,Electrónica,237.62,7,RRSS,5.57,2024-07-30,2024-08-16,False
2556,Laptop,86.62,10.0,2024-11-30,Electrónica,866.2,60,Email,4.89,2024-09-28,2024-10-27,False
2556,Laptop,86.62,10.0,2024-11-30,Electrónica,866.2,30,RRSS,4.68,2024-10-23,2024-11-24,False
2556,Laptop,86.62,10.0,2024-11-30,Electrónica,866.2,90,TV,5.62,2024-11-16,2025-01-13,True
2640,Consola de videojuegos,40.84,9.0,2024-11-30,Electrónica,367.56000000000006,50,Email,4.97,2024-05-03,2024-05-28,False
2640,Consola de videojuegos,40.84,9.0,2024-11-30,Electrónica,367.56000000000006,20,RRSS,3.16,2024-07-15,2024-08-03,False
2640,Consola de videojuegos,40.84,9.0,2024-11-30,Electrónica,367.56000000000006,80,TV,4.64,2024-11-01,2024-11-20,False
2757,Cámara digital,56.44,7.0,2024-11-30,Electrónica,395.08,18,RRSS,5.46,2024-07-16,2024-09-13,False
2757,Cámara digital,56.44,7.0,2024-11-30,Electrónica,395.08,78,TV,4.1,2024-08-02,2024-09-20,False
2757,Cámara digital,56.44,7.0,2024-11-30,Electrónica,395.08,48,Email,6.84,2024-10-31,2024-12-09,True
293,Espejo decorativo,40.97,9.0,2024-12-01,Decoración,368.73,83,TV,5.24,2024-05-31,2024-07-08,False
293,Espejo decorativo,40.97,9.0,2024-12-01,Decoración,368.73,53,Email,4.9,2024-07-17,2024-08-01,False
293,Espejo decorativo,40.97,9.0,2024-12-01,Decoración,368.73,23,RRSS,4.75,2024-08-28,2024-10-17,False
511,Lámpara de mesa,63.09,1.0,2024-12-01,Decoración,63.09,32,Email,5.54,2024-03-28,2024-04-20,False
511,Lámpara de mesa,63.09,1.0,2024-12-01,Decoración,63.09,2,RRSS,5.88,2024-05-30,2024-06-29,False
511,Lámpara de mesa,63.09,1.0,2024-12-01,Decoración,63.09,62,TV,4.51,2024-08-26,2024-10-07,False
881,Lámpara de mesa,58.49,3.0,2024-12-01,Decoración,175.47,32,Email,5.54,2024-03-28,2024-04-20,False
881,Lámpara de mesa,58.49,3.0,2024-12-01,Decoración,175.47,2,RRSS,5.88,2024-05-30,2024-06-29,False
881,Lámpara de mesa,58.49,3.0,2024-12-01,Decoración,175.47,62,TV,4.51,2024-08-26,2024-10-07,False
936,Cortinas,110.96,2.0,2024-12-01,Decoración,221.92,43,Email,5.67,2024-05-02,2024-06-17,False
936,Cortinas,110.96,2.0,2024-12-01,Decoración,221.92,73,TV,6.47,2024-08-17,2024-09-26,False
936,Cortinas,110.96,2.0,2024-12-01,Decoración,221.92,13,RRSS,5.22,2024-09-16,2024-10-15,False
1160,Plancha de vapor,124.24,2.0,2024-12-01,Electrodomésticos,248.48,36,Email,5.41,2024-04-02,2024-06-01,False
1160,Plancha de vapor,124.24,2.0,2024-12-01,Electrodomésticos,248.48,6,RRSS,4.02,2024-09-24,2024-11-02,False
1160,Plancha de vapor,124.24,2.0,2024-12-01,Electrodomésticos,248.48,66,TV,4.69,2024-10-04,2024-10-23,False
1460,Plancha de vapor,79.78,9.0,2024-12-01,Electrodomésticos,718.02,36,Email,5.41,2024-04-02,2024-06-01,False
1460,Plancha de vapor,79.78,9.0,2024-12-01,Electrodomésticos,718.02,6,RRSS,4.02,2024-09-24,2024-11-02,False
1460,Plancha de vapor,79.78,9.0,2024-12-01,Electrodomésticos,718.02,66,TV,4.69,2024-10-04,2024-10-23,False
1598,Cafetera,103.75,5.0,2024-12-01,Electrodomésticos,518.75,49,Email,5.2,2024-06-20,2024-07-22,False
1598,Cafetera,103.75,5.0,2024-12-01,Electrodomésticos,518.75,79,TV,7.26,2024-08-13,2024-10-11,False
1598,Cafetera,103.75,5.0,2024-12-01,Electrodomésticos,518.75,19,RRSS,5.7,2024-08-19,2024-09-15,False
1849,Batidora,30.17,9.0,2024-12-01,Electrodomésticos,271.53000000000003,57,Email,4.48,2024-04-10,2024-06-08,False
1849,Batidora,30.17,9.0,2024-12-01,Electrodomésticos,271.53000000000003,87,TV,6.28,2024-08-27,2024-10-11,False
1849,Batidora,30.17,9.0,2024-12-01,Electrodomésticos,271.53000000000003,27,RRSS,4.52,2024-11-01,2024-12-08,True
2386,Laptop,69.56,7.0,2024-12-01,Electrónica,486.92,60,Email,4.89,2024-09-28,2024-10-27,False
2386,Laptop,69.56,7.0,2024-12-01,Electrónica,486.92,30,RRSS,4.68,2024-10-23,2024-11-24,False
2386,Laptop,69.56,7.0,2024-12-01,Electrónica,486.92,90,TV,5.62,2024-11-16,2025-01-13,True
57,Elementos de cerámica,104.56,12.0,2024-12-02,Decoración,1254.72,22,RRSS,5.44,2024-06-26,2024-07-15,False
57,Elementos de cerámica,104.56,12.0,2024-12-02,Decoración,1254.72,82,TV,5.69,2024-09-08,2024-10-12,False
57,Elementos de cerámica,104.56,12.0,2024-12-02,Decoración,1254.72,52,Email,5.74,2024-09-09,2024-09-30,False
144,Jarrón decorativo,100.04,3.0,2024-12-02,Decoración,300.12,15,RRSS,4.65,2024-05-09,2024-06-13,False
144,Jarrón decorativo,100.04,3.0,2024-12-02,Decoración,300.12,45,Email,4.52,2024-06-05,2024-07-31,False
144,Jarrón decorativo,100.04,3.0,2024-12-02,Decoración,300.12,75,TV,4.1,2024-11-03,2024-12-25,True
640,Adorno de pared,110.44,7.0,2024-12-02,Decoración,773.0799999999999,74,TV,4.81,2024-03-20,2024-05-03,False
640,Adorno de pared,110.44,7.0,2024-12-02,Decoración,773.0799999999999,44,Email,5.08,2024-04-13,2024-05-10,False
640,Adorno de pared,110.44,7.0,2024-12-02,Decoración,773.0799999999999,14,RRSS,4.16,2024-10-22,2024-12-21,True
863,Espejo decorativo,81.72,9.0,2024-12-02,Decoración,735.48,83,TV,5.24,2024-05-31,2024-07-08,False
863,Espejo decorativo,81.72,9.0,2024-12-02,Decoración,735.48,53,Email,4.9,2024-07-17,2024-08-01,False
863,Espejo decorativo,81.72,9.0,2024-12-02,Decoración,735.48,23,RRSS,4.75,2024-08-28,2024-10-17,False
1101,Freidora eléctrica,35.84,11.0,2024-12-02,Electrodomésticos,394.24,71,TV,4.37,2024-06-05,2024-07-24,False
1101,Freidora eléctrica,35.84,11.0,2024-12-02,Electrodomésticos,394.24,41,Email,3.92,2024-11-23,2025-01-01,True
1101,Freidora eléctrica,35.84,11.0,2024-12-02,Electrodomésticos,394.24,11,RRSS,5.27,2024-12-29,2025-01-21,False
1163,Microondas,97.07,7.0,2024-12-02,Electrodomésticos,679.49,56,Email,4.94,2024-08-06,2024-08-25,False
1163,Microondas,97.07,7.0,2024-12-02,Electrodomésticos,679.49,26,RRSS,5.0,2024-09-25,2024-10-14,False
1163,Microondas,97.07,7.0,2024-12-02,Electrodomésticos,679.49,86,TV,4.25,2024-09-25,2024-11-15,False
1235,Lavadora,102.43,7.0,2024-12-02,Electrodomésticos,717.01,46,Email,3.63,2024-05-12,2024-05-29,False
1235,Lavadora,102.43,7.0,2024-12-02,Electrodomésticos,717.01,76,TV,4.66,2024-05-26,2024-07-02,False
1235,Lavadora,102.43,7.0,2024-12-02,Electrodomésticos,717.01,16,RRSS,3.56,2024-08-14,2024-09-20,False
1367,Horno eléctrico,95.2,8.0,2024-12-02,Electrodomésticos,761.6,35,Email,5.65,2024-07-31,2024-09-29,False
1367,Horno eléctrico,95.2,8.0,2024-12-02,Electrodomésticos,761.6,5,RRSS,5.16,2024-08-22,2024-10-17,False
1367,Horno eléctrico,95.2,8.0,2024-12-02,Electrodomésticos,761.6,65,TV,3.08,2024-10-23,2024-12-11,True
1797,Horno eléctrico,74.53,9.0,2024-12-02,Electrodomésticos,670.77,35,Email,5.65,2024-07-31,2024-09-29,False
1797,Horno eléctrico,74.53,9.0,2024-12-02,Electrodomésticos,670.77,5,RRSS,5.16,2024-08-22,2024-10-17,False
1797,Horno eléctrico,74.53,9.0,2024-12-02,Electrodomésticos,670.77,65,TV,3.08,2024-10-23,2024-12-11,True
1880,Plancha de vapor,40.57,5.0,2024-12-02,Electrodomésticos,202.85,36,Email,5.41,2024-04-02,2024-06-01,False
1880,Plancha de vapor,40.57,5.0,2024-12-02,Electrodomésticos,202.85,6,RRSS,4.02,2024-09-24,2024-11-02,False
1880,Plancha de vapor,40.57,5.0,2024-12-02,Electrodomésticos,202.85,66,TV,4.69,2024-10-04,2024-10-23,False
2036,Laptop,112.29,4.0,2024-12-02,Electrónica,449.16,60,Email,4.89,2024-09-28,2024-10-27,False
2036,Laptop,112.29,4.0,2024-12-02,Electrónica,449.16,30,RRSS,4.68,2024-10-23,2024-11-24,False
2036,Laptop,112.29,4.0,2024-12-02,Electrónica,449.16,90,TV,5.62,2024-11-16,2025-01-13,True
2140,Consola de videojuegos,91.09,7.0,2024-12-02,Electrónica,637.63,50,Email,4.97,2024-05-03,2024-05-28,False
2140,Consola de videojuegos,91.09,7.0,2024-12-02,Electrónica,637.63,20,RRSS,3.16,2024-07-15,2024-08-03,False
2140,Consola de videojuegos,91.09,7.0,2024-12-02,Electrónica,637.63,80,TV,4.64,2024-11-01,2024-11-20,False
2658,SmartWatch,115.11,3.0,2024-12-02,Electrónica,345.33,85,TV,5.07,2024-04-01,2024-05-05,False
2658,SmartWatch,115.11,3.0,2024-12-02,Electrónica,345.33,55,Email,4.59,2024-10-13,2024-12-06,True
2658,SmartWatch,115.11,3.0,2024-12-02,Electrónica,345.33,25,RRSS,4.84,2024-11-23,2024-12-29,True
322,Cuadro decorativo,101.15,6.0,2024-12-03,Decoración,606.9000000000001,1,RRSS,5.27,2024-04-27,2024-06-04,False
322,Cuadro decorativo,101.15,6.0,2024-12-03,Decoración,606.9000000000001,31,Email,5.28,2024-08-15,2024-09-12,False
322,Cuadro decorativo,101.15,6.0,2024-12-03,Decoración,606.9000000000001,61,TV,5.3,2024-11-05,2024-12-23,True
532,Cuadro decorativo,27.76,4.0,2024-12-03,Decoración,111.04,1,RRSS,5.27,2024-04-27,2024-06-04,False
532,Cuadro decorativo,27.76,4.0,2024-12-03,Decoración,111.04,31,Email,5.28,2024-08-15,2024-09-12,False
532,Cuadro decorativo,27.76,4.0,2024-12-03,Decoración,111.04,61,TV,5.3,2024-11-05,2024-12-23,True
1379,Batidora,103.94,5.0,2024-12-03,Electrodomésticos,519.7,57,Email,4.48,2024-04-10,2024-06-08,False
1379,Batidora,103.94,5.0,2024-12-03,Electrodomésticos,519.7,87,TV,6.28,2024-08-27,2024-10-11,False
1379,Batidora,103.94,5.0,2024-12-03,Electrodomésticos,519.7,27,RRSS,4.52,2024-11-01,2024-12-08,True
1865,Lavadora,83.62,5.0,2024-12-03,Electrodomésticos,418.1,46,Email,3.63,2024-05-12,2024-05-29,False
1865,Lavadora,83.62,5.0,2024-12-03,Electrodomésticos,418.1,76,TV,4.66,2024-05-26,2024-07-02,False
1865,Lavadora,83.62,5.0,2024-12-03,Electrodomésticos,418.1,16,RRSS,3.56,2024-08-14,2024-09-20,False
2662,Televisor,66.96,10.0,2024-12-03,Electrónica,669.5999999999999,29,RRSS,3.96,2024-05-17,2024-06-28,False
2662,Televisor,66.96,10.0,2024-12-03,Electrónica,669.5999999999999,59,Email,4.19,2024-11-20,2025-01-19,True
2662,Televisor,66.96,10.0,2024-12-03,Electrónica,669.5999999999999,89,TV,4.98,2024-12-13,2025-02-08,False
2846,Laptop,91.66,10.0,2024-12-03,Electrónica,916.5999999999999,60,Email,4.89,2024-09-28,2024-10-27,False
2846,Laptop,91.66,10.0,2024-12-03,Electrónica,916.5999999999999,30,RRSS,4.68,2024-10-23,2024-11-24,False
2846,Laptop,91.66,10.0,2024-12-03,Electrónica,916.5999999999999,90,TV,5.62,2024-11-16,2025-01-13,True
555,Alfombra,97.75,9.0,2024-12-04,Decoración,879.75,58,Email,4.25,2024-03-31,2024-05-05,False
555,Alfombra,97.75,9.0,2024-12-04,Decoración,879.75,88,TV,7.39,2024-07-25,2024-08-31,False
555,Alfombra,97.75,9.0,2024-12-04,Decoración,879.75,28,RRSS,5.82,2024-11-27,2025-01-08,True
1110,Plancha de vapor,123.18,10.0,2024-12-04,Electrodomésticos,1231.8000000000002,36,Email,5.41,2024-04-02,2024-06-01,False
1110,Plancha de vapor,123.18,10.0,2024-12-04,Electrodomésticos,1231.8000000000002,6,RRSS,4.02,2024-09-24,2024-11-02,False
1110,Plancha de vapor,123.18,10.0,2024-12-04,Electrodomésticos,1231.8000000000002,66,TV,4.69,2024-10-04,2024-10-23,False
1131,Freidora eléctrica,113.18,5.0,2024-12-04,Electrodomésticos,565.9000000000001,71,TV,4.37,2024-06-05,2024-07-24,False
1131,Freidora eléctrica,113.18,5.0,2024-12-04,Electrodomésticos,565.9000000000001,41,Email,3.92,2024-11-23,2025-01-01,True
1131,Freidora eléctrica,113.18,5.0,2024-12-04,Electrodomésticos,565.9000000000001,11,RRSS,5.27,2024-12-29,2025-01-21,False
1324,Aspiradora,106.89,5.0,2024-12-04,Electrodomésticos,534.45,40,Email,6.24,2024-06-24,2024-08-12,False
1324,Aspiradora,106.89,5.0,2024-12-04,Electrodomésticos,534.45,10,RRSS,7.16,2024-08-19,2024-09-19,False
1324,Aspiradora,106.89,5.0,2024-12-04,Electrodomésticos,534.45,70,TV,3.06,2024-12-13,2024-12-29,False
1636,Secadora,44.47,6.0,2024-12-04,Electrodomésticos,266.82,3,RRSS,5.1,2024-07-24,2024-08-30,False
1636,Secadora,44.47,6.0,2024-12-04,Electrodomésticos,266.82,63,TV,5.69,2024-11-03,2024-11-28,False
1636,Secadora,44.47,6.0,2024-12-04,Electrodomésticos,266.82,33,Email,3.8,2024-12-20,2025-01-07,False
1656,Secadora,42.59,7.0,2024-12-04,Electrodomésticos,298.13,3,RRSS,5.1,2024-07-24,2024-08-30,False
1656,Secadora,42.59,7.0,2024-12-04,Electrodomésticos,298.13,63,TV,5.69,2024-11-03,2024-11-28,False
1656,Secadora,42.59,7.0,2024-12-04,Electrodomésticos,298.13,33,Email,3.8,2024-12-20,2025-01-07,False
2197,Cámara digital,77.54,6.0,2024-12-04,Electrónica,465.24,18,RRSS,5.46,2024-07-16,2024-09-13,False
2197,Cámara digital,77.54,6.0,2024-12-04,Electrónica,465.24,78,TV,4.1,2024-08-02,2024-09-20,False
2197,Cámara digital,77.54,6.0,2024-12-04,Electrónica,465.24,48,Email,6.84,2024-10-31,2024-12-09,True
2867,Cámara digital,113.61,9.0,2024-12-04,Electrónica,1022.49,18,RRSS,5.46,2024-07-16,2024-09-13,False
2867,Cámara digital,113.61,9.0,2024-12-04,Electrónica,1022.49,78,TV,4.1,2024-08-02,2024-09-20,False
2867,Cámara digital,113.61,9.0,2024-12-04,Electrónica,1022.49,48,Email,6.84,2024-10-31,2024-12-09,True
31,Lámpara de mesa,100.82,8.0,2024-12-05,Decoración,806.56,32,Email,5.54,2024-03-28,2024-04-20,False
31,Lámpara de mesa,100.82,8.0,2024-12-05,Decoración,806.56,2,RRSS,5.88,2024-05-30,2024-06-29,False
31,Lámpara de mesa,100.82,8.0,2024-12-05,Decoración,806.56,62,TV,4.51,2024-08-26,2024-10-07,False
175,Alfombra,108.47,2.0,2024-12-05,Decoración,216.94,58,Email,4.25,2024-03-31,2024-05-05,False
175,Alfombra,108.47,2.0,2024-12-05,Decoración,216.94,88,TV,7.39,2024-07-25,2024-08-31,False
175,Alfombra,108.47,2.0,2024-12-05,Decoración,216.94,28,RRSS,5.82,2024-11-27,2025-01-08,True
455,Alfombra,82.6,11.0,2024-12-05,Decoración,908.5999999999999,58,Email,4.25,2024-03-31,2024-05-05,False
455,Alfombra,82.6,11.0,2024-12-05,Decoración,908.5999999999999,88,TV,7.39,2024-07-25,2024-08-31,False
455,Alfombra,82.6,11.0,2024-12-05,Decoración,908.5999999999999,28,RRSS,5.82,2024-11-27,2025-01-08,True
1469,Batidora,100.43,8.0,2024-12-05,Electrodomésticos,803.44,57,Email,4.48,2024-04-10,2024-06-08,False
1469,Batidora,100.43,8.0,2024-12-05,Electrodomésticos,803.44,87,TV,6.28,2024-08-27,2024-10-11,False
1469,Batidora,100.43,8.0,2024-12-05,Electrodomésticos,803.44,27,RRSS,4.52,2024-11-01,2024-12-08,True
2090,Consola de videojuegos,45.15,9.0,2024-12-05,Electrónica,406.34999999999997,50,Email,4.97,2024-05-03,2024-05-28,False
2090,Consola de videojuegos,45.15,9.0,2024-12-05,Electrónica,406.34999999999997,20,RRSS,3.16,2024-07-15,2024-08-03,False
2090,Consola de videojuegos,45.15,9.0,2024-12-05,Electrónica,406.34999999999997,80,TV,4.64,2024-11-01,2024-11-20,False
2206,Laptop,105.49,7.0,2024-12-05,Electrónica,738.43,60,Email,4.89,2024-09-28,2024-10-27,False
2206,Laptop,105.49,7.0,2024-12-05,Electrónica,738.43,30,RRSS,4.68,2024-10-23,2024-11-24,False
2206,Laptop,105.49,7.0,2024-12-05,Electrónica,738.43,90,TV,5.62,2024-11-16,2025-01-13,True
2682,Televisor,39.35,7.0,2024-12-05,Electrónica,275.45,29,RRSS,3.96,2024-05-17,2024-06-28,False
2682,Televisor,39.35,7.0,2024-12-05,Electrónica,275.45,59,Email,4.19,2024-11-20,2025-01-19,True
2682,Televisor,39.35,7.0,2024-12-05,Electrónica,275.45,89,TV,4.98,2024-12-13,2025-02-08,False
2689,Proyector,62.73,9.0,2024-12-05,Electrónica,564.5699999999999,67,TV,3.68,2024-05-22,2024-07-12,False
2689,Proyector,62.73,9.0,2024-12-05,Electrónica,564.5699999999999,37,Email,3.22,2024-07-06,2024-07-26,False
2689,Proyector,62.73,9.0,2024-12-05,Electrónica,564.5699999999999,7,RRSS,5.57,2024-07-30,2024-08-16,False
1086,Secadora,50.66,9.0,2024-12-06,Electrodomésticos,455.93999999999994,3,RRSS,5.1,2024-07-24,2024-08-30,False
1086,Secadora,50.66,9.0,2024-12-06,Electrodomésticos,455.93999999999994,63,TV,5.69,2024-11-03,2024-11-28,False
1086,Secadora,50.66,9.0,2024-12-06,Electrodomésticos,455.93999999999994,33,Email,3.8,2024-12-20,2025-01-07,False
1194,Aspiradora,56.97,1.0,2024-12-06,Electrodomésticos,56.97,40,Email,6.24,2024-06-24,2024-08-12,False
1194,Aspiradora,56.97,1.0,2024-12-06,Electrodomésticos,56.97,10,RRSS,7.16,2024-08-19,2024-09-19,False
1194,Aspiradora,56.97,1.0,2024-12-06,Electrodomésticos,56.97,70,TV,3.06,2024-12-13,2024-12-29,False
1555,Lavadora,36.34,3.0,2024-12-06,Electrodomésticos,109.02000000000001,46,Email,3.63,2024-05-12,2024-05-29,False
1555,Lavadora,36.34,3.0,2024-12-06,Electrodomésticos,109.02000000000001,76,TV,4.66,2024-05-26,2024-07-02,False
1555,Lavadora,36.34,3.0,2024-12-06,Electrodomésticos,109.02000000000001,16,RRSS,3.56,2024-08-14,2024-09-20,False
2332,Televisor,54.34,11.0,2024-12-06,Electrónica,597.74,29,RRSS,3.96,2024-05-17,2024-06-28,False
2332,Televisor,54.34,11.0,2024-12-06,Electrónica,597.74,59,Email,4.19,2024-11-20,2025-01-19,True
2332,Televisor,54.34,11.0,2024-12-06,Electrónica,597.74,89,TV,4.98,2024-12-13,2025-02-08,False
2849,Proyector,38.67,11.0,2024-12-06,Electrónica,425.37,67,TV,3.68,2024-05-22,2024-07-12,False
2849,Proyector,38.67,11.0,2024-12-06,Electrónica,425.37,37,Email,3.22,2024-07-06,2024-07-26,False
2849,Proyector,38.67,11.0,2024-12-06,Electrónica,425.37,7,RRSS,5.57,2024-07-30,2024-08-16,False
303,Espejo decorativo,33.85,11.0,2024-12-07,Decoración,372.35,83,TV,5.24,2024-05-31,2024-07-08,False
303,Espejo decorativo,33.85,11.0,2024-12-07,Decoración,372.35,53,Email,4.9,2024-07-17,2024-08-01,False
303,Espejo decorativo,33.85,11.0,2024-12-07,Decoración,372.35,23,RRSS,4.75,2024-08-28,2024-10-17,False
561,Lámpara de mesa,76.9,11.0,2024-12-07,Decoración,845.9000000000001,32,Email,5.54,2024-03-28,2024-04-20,False
561,Lámpara de mesa,76.9,11.0,2024-12-07,Decoración,845.9000000000001,2,RRSS,5.88,2024-05-30,2024-06-29,False
561,Lámpara de mesa,76.9,11.0,2024-12-07,Decoración,845.9000000000001,62,TV,4.51,2024-08-26,2024-10-07,False
876,Cortinas,80.86,6.0,2024-12-07,Decoración,485.15999999999997,43,Email,5.67,2024-05-02,2024-06-17,False
876,Cortinas,80.86,6.0,2024-12-07,Decoración,485.15999999999997,73,TV,6.47,2024-08-17,2024-09-26,False
876,Cortinas,80.86,6.0,2024-12-07,Decoración,485.15999999999997,13,RRSS,5.22,2024-09-16,2024-10-15,False
1596,Secadora,29.1,6.0,2024-12-07,Electrodomésticos,174.60000000000002,3,RRSS,5.1,2024-07-24,2024-08-30,False
1596,Secadora,29.1,6.0,2024-12-07,Electrodomésticos,174.60000000000002,63,TV,5.69,2024-11-03,2024-11-28,False
1596,Secadora,29.1,6.0,2024-12-07,Electrodomésticos,174.60000000000002,33,Email,3.8,2024-12-20,2025-01-07,False
1906,Secadora,96.7,8.0,2024-12-07,Electrodomésticos,773.6,3,RRSS,5.1,2024-07-24,2024-08-30,False
1906,Secadora,96.7,8.0,2024-12-07,Electrodomésticos,773.6,63,TV,5.69,2024-11-03,2024-11-28,False
1906,Secadora,96.7,8.0,2024-12-07,Electrodomésticos,773.6,33,Email,3.8,2024-12-20,2025-01-07,False
2210,Consola de videojuegos,39.67,11.0,2024-12-07,Electrónica,436.37,50,Email,4.97,2024-05-03,2024-05-28,False
2210,Consola de videojuegos,39.67,11.0,2024-12-07,Electrónica,436.37,20,RRSS,3.16,2024-07-15,2024-08-03,False
2210,Consola de videojuegos,39.67,11.0,2024-12-07,Electrónica,436.37,80,TV,4.64,2024-11-01,2024-11-20,False
130,Adorno de pared,68.7,3.0,2024-12-08,Decoración,206.10000000000002,74,TV,4.81,2024-03-20,2024-05-03,False
130,Adorno de pared,68.7,3.0,2024-12-08,Decoración,206.10000000000002,44,Email,5.08,2024-04-13,2024-05-10,False
130,Adorno de pared,68.7,3.0,2024-12-08,Decoración,206.10000000000002,14,RRSS,4.16,2024-10-22,2024-12-21,True
542,Cuadro decorativo,104.02,9.0,2024-12-08,Decoración,936.18,1,RRSS,5.27,2024-04-27,2024-06-04,False
542,Cuadro decorativo,104.02,9.0,2024-12-08,Decoración,936.18,31,Email,5.28,2024-08-15,2024-09-12,False
542,Cuadro decorativo,104.02,9.0,2024-12-08,Decoración,936.18,61,TV,5.3,2024-11-05,2024-12-23,True
1020,Plancha de vapor,55.26,2.0,2024-12-08,Electrodomésticos,110.52,36,Email,5.41,2024-04-02,2024-06-01,False
1020,Plancha de vapor,55.26,2.0,2024-12-08,Electrodomésticos,110.52,6,RRSS,4.02,2024-09-24,2024-11-02,False
1020,Plancha de vapor,55.26,2.0,2024-12-08,Electrodomésticos,110.52,66,TV,4.69,2024-10-04,2024-10-23,False
1264,Aspiradora,114.28,6.0,2024-12-08,Electrodomésticos,685.6800000000001,40,Email,6.24,2024-06-24,2024-08-12,False
1264,Aspiradora,114.28,6.0,2024-12-08,Electrodomésticos,685.6800000000001,10,RRSS,7.16,2024-08-19,2024-09-19,False
1264,Aspiradora,114.28,6.0,2024-12-08,Electrodomésticos,685.6800000000001,70,TV,3.06,2024-12-13,2024-12-29,False
1392,Microondas,35.57,8.0,2024-12-08,Electrodomésticos,284.56,56,Email,4.94,2024-08-06,2024-08-25,False
1392,Microondas,35.57,8.0,2024-12-08,Electrodomésticos,284.56,26,RRSS,5.0,2024-09-25,2024-10-14,False
1392,Microondas,35.57,8.0,2024-12-08,Electrodomésticos,284.56,86,TV,4.25,2024-09-25,2024-11-15,False
2687,Cámara digital,28.98,11.0,2024-12-08,Electrónica,318.78000000000003,18,RRSS,5.46,2024-07-16,2024-09-13,False
2687,Cámara digital,28.98,11.0,2024-12-08,Electrónica,318.78000000000003,78,TV,4.1,2024-08-02,2024-09-20,False
2687,Cámara digital,28.98,11.0,2024-12-08,Electrónica,318.78000000000003,48,Email,6.84,2024-10-31,2024-12-09,True
2949,Proyector,67.97,10.0,2024-12-08,Electrónica,679.7,67,TV,3.68,2024-05-22,2024-07-12,False
2949,Proyector,67.97,10.0,2024-12-08,Electrónica,679.7,37,Email,3.22,2024-07-06,2024-07-26,False
2949,Proyector,67.97,10.0,2024-12-08,Electrónica,679.7,7,RRSS,5.57,2024-07-30,2024-08-16,False
1023,Microondas,55.57,1.0,2024-12-09,Electrodomésticos,55.57,56,Email,4.94,2024-08-06,2024-08-25,False
1023,Microondas,55.57,1.0,2024-12-09,Electrodomésticos,55.57,26,RRSS,5.0,2024-09-25,2024-10-14,False
1023,Microondas,55.57,1.0,2024-12-09,Electrodomésticos,55.57,86,TV,4.25,2024-09-25,2024-11-15,False
1197,Horno eléctrico,92.87,10.0,2024-12-09,Electrodomésticos,928.7,35,Email,5.65,2024-07-31,2024-09-29,False
1197,Horno eléctrico,92.87,10.0,2024-12-09,Electrodomésticos,928.7,5,RRSS,5.16,2024-08-22,2024-10-17,False
1197,Horno eléctrico,92.87,10.0,2024-12-09,Electrodomésticos,928.7,65,TV,3.08,2024-10-23,2024-12-11,True
1641,Freidora eléctrica,28.6,5.0,2024-12-09,Electrodomésticos,143.0,71,TV,4.37,2024-06-05,2024-07-24,False
1641,Freidora eléctrica,28.6,5.0,2024-12-09,Electrodomésticos,143.0,41,Email,3.92,2024-11-23,2025-01-01,True
1641,Freidora eléctrica,28.6,5.0,2024-12-09,Electrodomésticos,143.0,11,RRSS,5.27,2024-12-29,2025-01-21,False
2597,Cámara digital,55.5,1.0,2024-12-09,Electrónica,55.5,18,RRSS,5.46,2024-07-16,2024-09-13,False
2597,Cámara digital,55.5,1.0,2024-12-09,Electrónica,55.5,78,TV,4.1,2024-08-02,2024-09-20,False
2597,Cámara digital,55.5,1.0,2024-12-09,Electrónica,55.5,48,Email,6.84,2024-10-31,2024-12-09,True
67,Elementos de cerámica,109.07,12.0,2024-12-10,Decoración,1308.84,22,RRSS,5.44,2024-06-26,2024-07-15,False
67,Elementos de cerámica,109.07,12.0,2024-12-10,Decoración,1308.84,82,TV,5.69,2024-09-08,2024-10-12,False
67,Elementos de cerámica,109.07,12.0,2024-12-10,Decoración,1308.84,52,Email,5.74,2024-09-09,2024-09-30,False
265,Alfombra,66.72,12.0,2024-12-10,Decoración,800.64,58,Email,4.25,2024-03-31,2024-05-05,False
265,Alfombra,66.72,12.0,2024-12-10,Decoración,800.64,88,TV,7.39,2024-07-25,2024-08-31,False
265,Alfombra,66.72,12.0,2024-12-10,Decoración,800.64,28,RRSS,5.82,2024-11-27,2025-01-08,True
313,Espejo decorativo,50.48,1.0,2024-12-10,Decoración,50.48,83,TV,5.24,2024-05-31,2024-07-08,False
313,Espejo decorativo,50.48,1.0,2024-12-10,Decoración,50.48,53,Email,4.9,2024-07-17,2024-08-01,False
313,Espejo decorativo,50.48,1.0,2024-12-10,Decoración,50.48,23,RRSS,4.75,2024-08-28,2024-10-17,False
1267,Horno eléctrico,81.0,7.0,2024-12-10,Electrodomésticos,567.0,35,Email,5.65,2024-07-31,2024-09-29,False
1267,Horno eléctrico,81.0,7.0,2024-12-10,Electrodomésticos,567.0,5,RRSS,5.16,2024-08-22,2024-10-17,False
1267,Horno eléctrico,81.0,7.0,2024-12-10,Electrodomésticos,567.0,65,TV,3.08,2024-10-23,2024-12-11,True
1447,Horno eléctrico,46.02,9.0,2024-12-10,Electrodomésticos,414.18,35,Email,5.65,2024-07-31,2024-09-29,False
1447,Horno eléctrico,46.02,9.0,2024-12-10,Electrodomésticos,414.18,5,RRSS,5.16,2024-08-22,2024-10-17,False
1447,Horno eléctrico,46.02,9.0,2024-12-10,Electrodomésticos,414.18,65,TV,3.08,2024-10-23,2024-12-11,True
2020,Consola de videojuegos,30.73,6.0,2024-12-10,Electrónica,184.38,50,Email,4.97,2024-05-03,2024-05-28,False
2020,Consola de videojuegos,30.73,6.0,2024-12-10,Electrónica,184.38,20,RRSS,3.16,2024-07-15,2024-08-03,False
2020,Consola de videojuegos,30.73,6.0,2024-12-10,Electrónica,184.38,80,TV,4.64,2024-11-01,2024-11-20,False
2337,Cámara digital,77.7,9.0,2024-12-10,Electrónica,699.3000000000001,18,RRSS,5.46,2024-07-16,2024-09-13,False
2337,Cámara digital,77.7,9.0,2024-12-10,Electrónica,699.3000000000001,78,TV,4.1,2024-08-02,2024-09-20,False
2337,Cámara digital,77.7,9.0,2024-12-10,Electrónica,699.3000000000001,48,Email,6.84,2024-10-31,2024-12-09,False
2348,SmartWatch,49.9,11.0,2024-12-10,Electrónica,548.9,85,TV,5.07,2024-04-01,2024-05-05,False
2348,SmartWatch,49.9,11.0,2024-12-10,Electrónica,548.9,55,Email,4.59,2024-10-13,2024-12-06,False
2348,SmartWatch,49.9,11.0,2024-12-10,Electrónica,548.9,25,RRSS,4.84,2024-11-23,2024-12-29,True
42,Cuadro decorativo,72.51,11.0,2024-12-11,Decoración,797.61,1,RRSS,5.27,2024-04-27,2024-06-04,False
42,Cuadro decorativo,72.51,11.0,2024-12-11,Decoración,797.61,31,Email,5.28,2024-08-15,2024-09-12,False
42,Cuadro decorativo,72.51,11.0,2024-12-11,Decoración,797.61,61,TV,5.3,2024-11-05,2024-12-23,True
62,Cuadro decorativo,34.65,11.0,2024-12-11,Decoración,381.15,1,RRSS,5.27,2024-04-27,2024-06-04,False
62,Cuadro decorativo,34.65,11.0,2024-12-11,Decoración,381.15,31,Email,5.28,2024-08-15,2024-09-12,False
62,Cuadro decorativo,34.65,11.0,2024-12-11,Decoración,381.15,61,TV,5.3,2024-11-05,2024-12-23,True
989,Lámpara de mesa,70.77,7.0,2024-12-11,Decoración,495.39,32,Email,5.54,2024-03-28,2024-04-20,False
989,Lámpara de mesa,70.77,7.0,2024-12-11,Decoración,495.39,2,RRSS,5.88,2024-05-30,2024-06-29,False
989,Lámpara de mesa,70.77,7.0,2024-12-11,Decoración,495.39,62,TV,4.51,2024-08-26,2024-10-07,False
1553,Microondas,83.88,10.0,2024-12-11,Electrodomésticos,838.8,56,Email,4.94,2024-08-06,2024-08-25,False
1553,Microondas,83.88,10.0,2024-12-11,Electrodomésticos,838.8,26,RRSS,5.0,2024-09-25,2024-10-14,False
1553,Microondas,83.88,10.0,2024-12-11,Electrodomésticos,838.8,86,TV,4.25,2024-09-25,2024-11-15,False
1640,Plancha de vapor,34.87,4.0,2024-12-11,Electrodomésticos,139.48,36,Email,5.41,2024-04-02,2024-06-01,False
1640,Plancha de vapor,34.87,4.0,2024-12-11,Electrodomésticos,139.48,6,RRSS,4.02,2024-09-24,2024-11-02,False
1640,Plancha de vapor,34.87,4.0,2024-12-11,Electrodomésticos,139.48,66,TV,4.69,2024-10-04,2024-10-23,False
1975,Lavadora,116.55,6.0,2024-12-11,Electrodomésticos,699.3,46,Email,3.63,2024-05-12,2024-05-29,False
1975,Lavadora,116.55,6.0,2024-12-11,Electrodomésticos,699.3,76,TV,4.66,2024-05-26,2024-07-02,False
1975,Lavadora,116.55,6.0,2024-12-11,Electrodomésticos,699.3,16,RRSS,3.56,2024-08-14,2024-09-20,False
2144,Auriculares,100.7,11.0,2024-12-11,Electrónica,1107.7,47,Email,4.19,2024-06-02,2024-07-22,False
2144,Auriculares,100.7,11.0,2024-12-11,Electrónica,1107.7,17,RRSS,6.06,2024-07-15,2024-08-15,False
2144,Auriculares,100.7,11.0,2024-12-11,Electrónica,1107.7,77,TV,4.99,2024-11-11,2024-12-06,False
2277,Cámara digital,58.12,7.0,2024-12-11,Electrónica,406.84,18,RRSS,5.46,2024-07-16,2024-09-13,False
2277,Cámara digital,58.12,7.0,2024-12-11,Electrónica,406.84,78,TV,4.1,2024-08-02,2024-09-20,False
2277,Cámara digital,58.12,7.0,2024-12-11,Electrónica,406.84,48,Email,6.84,2024-10-31,2024-12-09,False
2818,SmartWatch,27.83,1.0,2024-12-11,Electrónica,27.83,85,TV,5.07,2024-04-01,2024-05-05,False
2818,SmartWatch,27.83,1.0,2024-12-11,Electrónica,27.83,55,Email,4.59,2024-10-13,2024-12-06,False
2818,SmartWatch,27.83,1.0,2024-12-11,Electrónica,27.83,25,RRSS,4.84,2024-11-23,2024-12-29,True
128,Rincón de plantas,96.21,6.0,2024-12-12,Decoración,577.26,38,Email,5.76,2024-06-14,2024-07-15,False
128,Rincón de plantas,96.21,6.0,2024-12-12,Decoración,577.26,8,RRSS,4.88,2024-08-03,2024-08-18,False
128,Rincón de plantas,96.21,6.0,2024-12-12,Decoración,577.26,68,TV,5.81,2024-12-17,2025-02-14,False
1029,Batidora,36.33,5.0,2024-12-12,Electrodomésticos,181.64999999999998,57,Email,4.48,2024-04-10,2024-06-08,False
1029,Batidora,36.33,5.0,2024-12-12,Electrodomésticos,181.64999999999998,87,TV,6.28,2024-08-27,2024-10-11,False
1029,Batidora,36.33,5.0,2024-12-12,Electrodomésticos,181.64999999999998,27,RRSS,4.52,2024-11-01,2024-12-08,False
1414,Aspiradora,85.23,10.0,2024-12-12,Electrodomésticos,852.3000000000001,40,Email,6.24,2024-06-24,2024-08-12,False
1414,Aspiradora,85.23,10.0,2024-12-12,Electrodomésticos,852.3000000000001,10,RRSS,7.16,2024-08-19,2024-09-19,False
1414,Aspiradora,85.23,10.0,2024-12-12,Electrodomésticos,852.3000000000001,70,TV,3.06,2024-12-13,2024-12-29,False
1471,Freidora eléctrica,83.48,8.0,2024-12-12,Electrodomésticos,667.84,71,TV,4.37,2024-06-05,2024-07-24,False
1471,Freidora eléctrica,83.48,8.0,2024-12-12,Electrodomésticos,667.84,41,Email,3.92,2024-11-23,2025-01-01,True
1471,Freidora eléctrica,83.48,8.0,2024-12-12,Electrodomésticos,667.84,11,RRSS,5.27,2024-12-29,2025-01-21,False
1959,Batidora,83.12,2.0,2024-12-12,Electrodomésticos,166.24,57,Email,4.48,2024-04-10,2024-06-08,False
1959,Batidora,83.12,2.0,2024-12-12,Electrodomésticos,166.24,87,TV,6.28,2024-08-27,2024-10-11,False
1959,Batidora,83.12,2.0,2024-12-12,Electrodomésticos,166.24,27,RRSS,4.52,2024-11-01,2024-12-08,False
2106,Laptop,108.85,1.0,2024-12-12,Electrónica,108.85,60,Email,4.89,2024-09-28,2024-10-27,False
2106,Laptop,108.85,1.0,2024-12-12,Electrónica,108.85,30,RRSS,4.68,2024-10-23,2024-11-24,False
2106,Laptop,108.85,1.0,2024-12-12,Electrónica,108.85,90,TV,5.62,2024-11-16,2025-01-13,True
2734,Auriculares,95.05,5.0,2024-12-12,Electrónica,475.25,47,Email,4.19,2024-06-02,2024-07-22,False
2734,Auriculares,95.05,5.0,2024-12-12,Electrónica,475.25,17,RRSS,6.06,2024-07-15,2024-08-15,False
2734,Auriculares,95.05,5.0,2024-12-12,Electrónica,475.25,77,TV,4.99,2024-11-11,2024-12-06,False
2893,Smartphone,42.97,3.0,2024-12-12,Electrónica,128.91,21,RRSS,6.37,2024-03-29,2024-05-16,False
2893,Smartphone,42.97,3.0,2024-12-12,Electrónica,128.91,51,Email,4.65,2024-05-28,2024-06-15,False
2893,Smartphone,42.97,3.0,2024-12-12,Electrónica,128.91,81,TV,4.78,2024-09-28,2024-10-24,False
458,Rincón de plantas,117.55,7.0,2024-12-13,Decoración,822.85,38,Email,5.76,2024-06-14,2024-07-15,False
458,Rincón de plantas,117.55,7.0,2024-12-13,Decoración,822.85,8,RRSS,4.88,2024-08-03,2024-08-18,False
458,Rincón de plantas,117.55,7.0,2024-12-13,Decoración,822.85,68,TV,5.81,2024-12-17,2025-02-14,False
663,Espejo decorativo,102.68,4.0,2024-12-13,Decoración,410.72,83,TV,5.24,2024-05-31,2024-07-08,False
663,Espejo decorativo,102.68,4.0,2024-12-13,Decoración,410.72,53,Email,4.9,2024-07-17,2024-08-01,False
663,Espejo decorativo,102.68,4.0,2024-12-13,Decoración,410.72,23,RRSS,4.75,2024-08-28,2024-10-17,False
1647,Horno eléctrico,43.05,10.0,2024-12-13,Electrodomésticos,430.5,35,Email,5.65,2024-07-31,2024-09-29,False
1647,Horno eléctrico,43.05,10.0,2024-12-13,Electrodomésticos,430.5,5,RRSS,5.16,2024-08-22,2024-10-17,False
1647,Horno eléctrico,43.05,10.0,2024-12-13,Electrodomésticos,430.5,65,TV,3.08,2024-10-23,2024-12-11,False
427,Elementos de cerámica,60.13,6.0,2024-12-14,Decoración,360.78000000000003,22,RRSS,5.44,2024-06-26,2024-07-15,False
427,Elementos de cerámica,60.13,6.0,2024-12-14,Decoración,360.78000000000003,82,TV,5.69,2024-09-08,2024-10-12,False
427,Elementos de cerámica,60.13,6.0,2024-12-14,Decoración,360.78000000000003,52,Email,5.74,2024-09-09,2024-09-30,False
759,Lámpara de mesa,82.4,11.0,2024-12-14,Decoración,906.4000000000001,32,Email,5.54,2024-03-28,2024-04-20,False
759,Lámpara de mesa,82.4,11.0,2024-12-14,Decoración,906.4000000000001,2,RRSS,5.88,2024-05-30,2024-06-29,False
759,Lámpara de mesa,82.4,11.0,2024-12-14,Decoración,906.4000000000001,62,TV,4.51,2024-08-26,2024-10-07,False
1077,Horno eléctrico,114.24,5.0,2024-12-14,Electrodomésticos,571.1999999999999,35,Email,5.65,2024-07-31,2024-09-29,False
1077,Horno eléctrico,114.24,5.0,2024-12-14,Electrodomésticos,571.1999999999999,5,RRSS,5.16,2024-08-22,2024-10-17,False
1077,Horno eléctrico,114.24,5.0,2024-12-14,Electrodomésticos,571.1999999999999,65,TV,3.08,2024-10-23,2024-12-11,False
1223,Microondas,84.83,3.0,2024-12-14,Electrodomésticos,254.49,56,Email,4.94,2024-08-06,2024-08-25,False
1223,Microondas,84.83,3.0,2024-12-14,Electrodomésticos,254.49,26,RRSS,5.0,2024-09-25,2024-10-14,False
1223,Microondas,84.83,3.0,2024-12-14,Electrodomésticos,254.49,86,TV,4.25,2024-09-25,2024-11-15,False
1465,Lavadora,61.87,8.0,2024-12-14,Electrodomésticos,494.96,46,Email,3.63,2024-05-12,2024-05-29,False
1465,Lavadora,61.87,8.0,2024-12-14,Electrodomésticos,494.96,76,TV,4.66,2024-05-26,2024-07-02,False
1465,Lavadora,61.87,8.0,2024-12-14,Electrodomésticos,494.96,16,RRSS,3.56,2024-08-14,2024-09-20,False
1579,Batidora,68.09,5.0,2024-12-14,Electrodomésticos,340.45000000000005,57,Email,4.48,2024-04-10,2024-06-08,False
1579,Batidora,68.09,5.0,2024-12-14,Electrodomésticos,340.45000000000005,87,TV,6.28,2024-08-27,2024-10-11,False
1579,Batidora,68.09,5.0,2024-12-14,Electrodomésticos,340.45000000000005,27,RRSS,4.52,2024-11-01,2024-12-08,False
2145,Auriculares,79.28,9.0,2024-12-14,Electrónica,713.52,47,Email,4.19,2024-06-02,2024-07-22,False
2145,Auriculares,79.28,9.0,2024-12-14,Electrónica,713.52,17,RRSS,6.06,2024-07-15,2024-08-15,False
2145,Auriculares,79.28,9.0,2024-12-14,Electrónica,713.52,77,TV,4.99,2024-11-11,2024-12-06,False
2380,Consola de videojuegos,68.2,2.0,2024-12-14,Electrónica,136.4,50,Email,4.97,2024-05-03,2024-05-28,False
2380,Consola de videojuegos,68.2,2.0,2024-12-14,Electrónica,136.4,20,RRSS,3.16,2024-07-15,2024-08-03,False
2380,Consola de videojuegos,68.2,2.0,2024-12-14,Electrónica,136.4,80,TV,4.64,2024-11-01,2024-11-20,False
2879,Proyector,48.11,12.0,2024-12-14,Electrónica,577.3199999999999,67,TV,3.68,2024-05-22,2024-07-12,False
2879,Proyector,48.11,12.0,2024-12-14,Electrónica,577.3199999999999,37,Email,3.22,2024-07-06,2024-07-26,False
2879,Proyector,48.11,12.0,2024-12-14,Electrónica,577.3199999999999,7,RRSS,5.57,2024-07-30,2024-08-16,False
181,Lámpara de mesa,107.82,8.0,2024-12-15,Decoración,862.56,32,Email,5.54,2024-03-28,2024-04-20,False
181,Lámpara de mesa,107.82,8.0,2024-12-15,Decoración,862.56,2,RRSS,5.88,2024-05-30,2024-06-29,False
181,Lámpara de mesa,107.82,8.0,2024-12-15,Decoración,862.56,62,TV,4.51,2024-08-26,2024-10-07,False
529,Lámpara de mesa,64.12,6.0,2024-12-15,Decoración,384.72,32,Email,5.54,2024-03-28,2024-04-20,False
529,Lámpara de mesa,64.12,6.0,2024-12-15,Decoración,384.72,2,RRSS,5.88,2024-05-30,2024-06-29,False
529,Lámpara de mesa,64.12,6.0,2024-12-15,Decoración,384.72,62,TV,4.51,2024-08-26,2024-10-07,False
546,Cortinas,82.12,10.0,2024-12-15,Decoración,821.2,43,Email,5.67,2024-05-02,2024-06-17,False
546,Cortinas,82.12,10.0,2024-12-15,Decoración,821.2,73,TV,6.47,2024-08-17,2024-09-26,False
546,Cortinas,82.12,10.0,2024-12-15,Decoración,821.2,13,RRSS,5.22,2024-09-16,2024-10-15,False
567,Elementos de cerámica,97.22,8.0,2024-12-15,Decoración,777.76,22,RRSS,5.44,2024-06-26,2024-07-15,False
567,Elementos de cerámica,97.22,8.0,2024-12-15,Decoración,777.76,82,TV,5.69,2024-09-08,2024-10-12,False
567,Elementos de cerámica,97.22,8.0,2024-12-15,Decoración,777.76,52,Email,5.74,2024-09-09,2024-09-30,False
948,Rincón de plantas,72.96,6.0,2024-12-15,Decoración,437.76,38,Email,5.76,2024-06-14,2024-07-15,False
948,Rincón de plantas,72.96,6.0,2024-12-15,Decoración,437.76,8,RRSS,4.88,2024-08-03,2024-08-18,False
948,Rincón de plantas,72.96,6.0,2024-12-15,Decoración,437.76,68,TV,5.81,2024-12-17,2025-02-14,False
1001,Rincón de plantas,42.14,9.0,2024-12-15,Decoración,379.26,38,Email,5.76,2024-06-14,2024-07-15,False
1001,Rincón de plantas,42.14,9.0,2024-12-15,Decoración,379.26,8,RRSS,4.88,2024-08-03,2024-08-18,False
1001,Rincón de plantas,42.14,9.0,2024-12-15,Decoración,379.26,68,TV,5.81,2024-12-17,2025-02-14,False
1126,Secadora,88.77,1.0,2024-12-15,Electrodomésticos,88.77,3,RRSS,5.1,2024-07-24,2024-08-30,False
1126,Secadora,88.77,1.0,2024-12-15,Electrodomésticos,88.77,63,TV,5.69,2024-11-03,2024-11-28,False
1126,Secadora,88.77,1.0,2024-12-15,Electrodomésticos,88.77,33,Email,3.8,2024-12-20,2025-01-07,False
1325,Lavadora,78.84,6.0,2024-12-15,Electrodomésticos,473.04,46,Email,3.63,2024-05-12,2024-05-29,False
1325,Lavadora,78.84,6.0,2024-12-15,Electrodomésticos,473.04,76,TV,4.66,2024-05-26,2024-07-02,False
1325,Lavadora,78.84,6.0,2024-12-15,Electrodomésticos,473.04,16,RRSS,3.56,2024-08-14,2024-09-20,False
1470,Plancha de vapor,107.11,3.0,2024-12-15,Electrodomésticos,321.33,36,Email,5.41,2024-04-02,2024-06-01,False
1470,Plancha de vapor,107.11,3.0,2024-12-15,Electrodomésticos,321.33,6,RRSS,4.02,2024-09-24,2024-11-02,False
1470,Plancha de vapor,107.11,3.0,2024-12-15,Electrodomésticos,321.33,66,TV,4.69,2024-10-04,2024-10-23,False
1492,Heladera,88.58,10.0,2024-12-15,Electrodomésticos,885.8,34,Email,4.2,2024-05-06,2024-07-05,False
1492,Heladera,88.58,10.0,2024-12-15,Electrodomésticos,885.8,4,RRSS,4.53,2024-05-31,2024-07-15,False
1492,Heladera,88.58,10.0,2024-12-15,Electrodomésticos,885.8,64,TV,4.38,2024-07-10,2024-08-09,False
1834,Aspiradora,51.5,6.0,2024-12-15,Electrodomésticos,309.0,40,Email,6.24,2024-06-24,2024-08-12,False
1834,Aspiradora,51.5,6.0,2024-12-15,Electrodomésticos,309.0,10,RRSS,7.16,2024-08-19,2024-09-19,False
1834,Aspiradora,51.5,6.0,2024-12-15,Electrodomésticos,309.0,70,TV,3.06,2024-12-13,2024-12-29,True
1840,Plancha de vapor,68.39,9.0,2024-12-15,Electrodomésticos,615.51,36,Email,5.41,2024-04-02,2024-06-01,False
1840,Plancha de vapor,68.39,9.0,2024-12-15,Electrodomésticos,615.51,6,RRSS,4.02,2024-09-24,2024-11-02,False
1840,Plancha de vapor,68.39,9.0,2024-12-15,Electrodomésticos,615.51,66,TV,4.69,2024-10-04,2024-10-23,False
1897,Horno eléctrico,40.71,3.0,2024-12-15,Electrodomésticos,122.13,35,Email,5.65,2024-07-31,2024-09-29,False
1897,Horno eléctrico,40.71,3.0,2024-12-15,Electrodomésticos,122.13,5,RRSS,5.16,2024-08-22,2024-10-17,False
1897,Horno eléctrico,40.71,3.0,2024-12-15,Electrodomésticos,122.13,65,TV,3.08,2024-10-23,2024-12-11,False
2520,Consola de videojuegos,99.63,10.0,2024-12-15,Electrónica,996.3,50,Email,4.97,2024-05-03,2024-05-28,False
2520,Consola de videojuegos,99.63,10.0,2024-12-15,Electrónica,996.3,20,RRSS,3.16,2024-07-15,2024-08-03,False
2520,Consola de videojuegos,99.63,10.0,2024-12-15,Electrónica,996.3,80,TV,4.64,2024-11-01,2024-11-20,False
2626,Laptop,57.33,8.0,2024-12-15,Electrónica,458.64,60,Email,4.89,2024-09-28,2024-10-27,False
2626,Laptop,57.33,8.0,2024-12-15,Electrónica,458.64,30,RRSS,4.68,2024-10-23,2024-11-24,False
2626,Laptop,57.33,8.0,2024-12-15,Electrónica,458.64,90,TV,5.62,2024-11-16,2025-01-13,True
2759,Proyector,83.88,7.0,2024-12-15,Electrónica,587.16,67,TV,3.68,2024-05-22,2024-07-12,False
2759,Proyector,83.88,7.0,2024-12-15,Electrónica,587.16,37,Email,3.22,2024-07-06,2024-07-26,False
2759,Proyector,83.88,7.0,2024-12-15,Electrónica,587.16,7,RRSS,5.57,2024-07-30,2024-08-16,False
69,Lámpara de mesa,93.24,11.0,2024-12-16,Decoración,1025.6399999999999,32,Email,5.54,2024-03-28,2024-04-20,False
69,Lámpara de mesa,93.24,11.0,2024-12-16,Decoración,1025.6399999999999,2,RRSS,5.88,2024-05-30,2024-06-29,False
69,Lámpara de mesa,93.24,11.0,2024-12-16,Decoración,1025.6399999999999,62,TV,4.51,2024-08-26,2024-10-07,False
370,Adorno de pared,93.19,8.0,2024-12-16,Decoración,745.52,74,TV,4.81,2024-03-20,2024-05-03,False
370,Adorno de pared,93.19,8.0,2024-12-16,Decoración,745.52,44,Email,5.08,2024-04-13,2024-05-10,False
370,Adorno de pared,93.19,8.0,2024-12-16,Decoración,745.52,14,RRSS,4.16,2024-10-22,2024-12-21,True
628,Rincón de plantas,29.36,11.0,2024-12-16,Decoración,322.96,38,Email,5.76,2024-06-14,2024-07-15,False
628,Rincón de plantas,29.36,11.0,2024-12-16,Decoración,322.96,8,RRSS,4.88,2024-08-03,2024-08-18,False
628,Rincón de plantas,29.36,11.0,2024-12-16,Decoración,322.96,68,TV,5.81,2024-12-17,2025-02-14,False
706,Cortinas,42.73,7.0,2024-12-16,Decoración,299.10999999999996,43,Email,5.67,2024-05-02,2024-06-17,False
706,Cortinas,42.73,7.0,2024-12-16,Decoración,299.10999999999996,73,TV,6.47,2024-08-17,2024-09-26,False
706,Cortinas,42.73,7.0,2024-12-16,Decoración,299.10999999999996,13,RRSS,5.22,2024-09-16,2024-10-15,False
980,Adorno de pared,75.85,6.0,2024-12-16,Decoración,455.09999999999997,74,TV,4.81,2024-03-20,2024-05-03,False
980,Adorno de pared,75.85,6.0,2024-12-16,Decoración,455.09999999999997,44,Email,5.08,2024-04-13,2024-05-10,False
980,Adorno de pared,75.85,6.0,2024-12-16,Decoración,455.09999999999997,14,RRSS,4.16,2024-10-22,2024-12-21,True
1586,Secadora,44.98,5.0,2024-12-16,Electrodomésticos,224.89999999999998,3,RRSS,5.1,2024-07-24,2024-08-30,False
1586,Secadora,44.98,5.0,2024-12-16,Electrodomésticos,224.89999999999998,63,TV,5.69,2024-11-03,2024-11-28,False
1586,Secadora,44.98,5.0,2024-12-16,Electrodomésticos,224.89999999999998,33,Email,3.8,2024-12-20,2025-01-07,False
1989,Batidora,124.17,7.0,2024-12-16,Electrodomésticos,869.19,57,Email,4.48,2024-04-10,2024-06-08,False
1989,Batidora,124.17,7.0,2024-12-16,Electrodomésticos,869.19,87,TV,6.28,2024-08-27,2024-10-11,False
1989,Batidora,124.17,7.0,2024-12-16,Electrodomésticos,869.19,27,RRSS,4.52,2024-11-01,2024-12-08,False
2135,Auriculares,34.52,4.0,2024-12-16,Electrónica,138.08,47,Email,4.19,2024-06-02,2024-07-22,False
2135,Auriculares,34.52,4.0,2024-12-16,Electrónica,138.08,17,RRSS,6.06,2024-07-15,2024-08-15,False
2135,Auriculares,34.52,4.0,2024-12-16,Electrónica,138.08,77,TV,4.99,2024-11-11,2024-12-06,False
2342,Televisor,50.79,2.0,2024-12-16,Electrónica,101.58,29,RRSS,3.96,2024-05-17,2024-06-28,False
2342,Televisor,50.79,2.0,2024-12-16,Electrónica,101.58,59,Email,4.19,2024-11-20,2025-01-19,True
2342,Televisor,50.79,2.0,2024-12-16,Electrónica,101.58,89,TV,4.98,2024-12-13,2025-02-08,True
2581,Parlantes Bluetooth,32.01,9.0,2024-12-16,Electrónica,288.09,84,TV,4.42,2024-04-17,2024-05-05,False
2581,Parlantes Bluetooth,32.01,9.0,2024-12-16,Electrónica,288.09,54,Email,2.95,2024-08-09,2024-09-22,False
2581,Parlantes Bluetooth,32.01,9.0,2024-12-16,Electrónica,288.09,24,RRSS,6.0,2024-09-22,2024-10-26,False
2843,Smartphone,63.78,8.0,2024-12-16,Electrónica,510.24,21,RRSS,6.37,2024-03-29,2024-05-16,False
2843,Smartphone,63.78,8.0,2024-12-16,Electrónica,510.24,51,Email,4.65,2024-05-28,2024-06-15,False
2843,Smartphone,63.78,8.0,2024-12-16,Electrónica,510.24,81,TV,4.78,2024-09-28,2024-10-24,False
2921,Parlantes Bluetooth,97.14,8.0,2024-12-16,Electrónica,777.12,84,TV,4.42,2024-04-17,2024-05-05,False
2921,Parlantes Bluetooth,97.14,8.0,2024-12-16,Electrónica,777.12,54,Email,2.95,2024-08-09,2024-09-22,False
2921,Parlantes Bluetooth,97.14,8.0,2024-12-16,Electrónica,777.12,24,RRSS,6.0,2024-09-22,2024-10-26,False
471,Lámpara de mesa,39.0,10.0,2024-12-17,Decoración,390.0,32,Email,5.54,2024-03-28,2024-04-20,False
471,Lámpara de mesa,39.0,10.0,2024-12-17,Decoración,390.0,2,RRSS,5.88,2024-05-30,2024-06-29,False
471,Lámpara de mesa,39.0,10.0,2024-12-17,Decoración,390.0,62,TV,4.51,2024-08-26,2024-10-07,False
626,Cortinas,33.62,11.0,2024-12-17,Decoración,369.82,43,Email,5.67,2024-05-02,2024-06-17,False
626,Cortinas,33.62,11.0,2024-12-17,Decoración,369.82,73,TV,6.47,2024-08-17,2024-09-26,False
626,Cortinas,33.62,11.0,2024-12-17,Decoración,369.82,13,RRSS,5.22,2024-09-16,2024-10-15,False
653,Espejo decorativo,107.93,8.0,2024-12-17,Decoración,863.44,83,TV,5.24,2024-05-31,2024-07-08,False
653,Espejo decorativo,107.93,8.0,2024-12-17,Decoración,863.44,53,Email,4.9,2024-07-17,2024-08-01,False
653,Espejo decorativo,107.93,8.0,2024-12-17,Decoración,863.44,23,RRSS,4.75,2024-08-28,2024-10-17,False
742,Cuadro decorativo,66.69,6.0,2024-12-17,Decoración,400.14,1,RRSS,5.27,2024-04-27,2024-06-04,False
742,Cuadro decorativo,66.69,6.0,2024-12-17,Decoración,400.14,31,Email,5.28,2024-08-15,2024-09-12,False
742,Cuadro decorativo,66.69,6.0,2024-12-17,Decoración,400.14,61,TV,5.3,2024-11-05,2024-12-23,True
1393,Microondas,96.48,11.0,2024-12-17,Electrodomésticos,1061.28,56,Email,4.94,2024-08-06,2024-08-25,False
1393,Microondas,96.48,11.0,2024-12-17,Electrodomésticos,1061.28,26,RRSS,5.0,2024-09-25,2024-10-14,False
1393,Microondas,96.48,11.0,2024-12-17,Electrodomésticos,1061.28,86,TV,4.25,2024-09-25,2024-11-15,False
1504,Aspiradora,42.52,2.0,2024-12-17,Electrodomésticos,85.04,40,Email,6.24,2024-06-24,2024-08-12,False
1504,Aspiradora,42.52,2.0,2024-12-17,Electrodomésticos,85.04,10,RRSS,7.16,2024-08-19,2024-09-19,False
1504,Aspiradora,42.52,2.0,2024-12-17,Electrodomésticos,85.04,70,TV,3.06,2024-12-13,2024-12-29,True
1639,Batidora,89.35,11.0,2024-12-17,Electrodomésticos,982.8499999999999,57,Email,4.48,2024-04-10,2024-06-08,False
1639,Batidora,89.35,11.0,2024-12-17,Electrodomésticos,982.8499999999999,87,TV,6.28,2024-08-27,2024-10-11,False
1639,Batidora,89.35,11.0,2024-12-17,Electrodomésticos,982.8499999999999,27,RRSS,4.52,2024-11-01,2024-12-08,False
1832,Heladera,85.62,12.0,2024-12-17,Electrodomésticos,1027.44,34,Email,4.2,2024-05-06,2024-07-05,False
1832,Heladera,85.62,12.0,2024-12-17,Electrodomésticos,1027.44,4,RRSS,4.53,2024-05-31,2024-07-15,False
1832,Heladera,85.62,12.0,2024-12-17,Electrodomésticos,1027.44,64,TV,4.38,2024-07-10,2024-08-09,False
2064,Tablet,90.59,7.0,2024-12-17,Electrónica,634.13,12,RRSS,3.4,2024-03-26,2024-05-13,False
2064,Tablet,90.59,7.0,2024-12-17,Electrónica,634.13,72,TV,4.9,2024-07-08,2024-09-03,False
2064,Tablet,90.59,7.0,2024-12-17,Electrónica,634.13,42,Email,4.42,2024-07-14,2024-09-03,False
75,Alfombra,65.48,5.0,2024-12-18,Decoración,327.40000000000003,58,Email,4.25,2024-03-31,2024-05-05,False
75,Alfombra,65.48,5.0,2024-12-18,Decoración,327.40000000000003,88,TV,7.39,2024-07-25,2024-08-31,False
75,Alfombra,65.48,5.0,2024-12-18,Decoración,327.40000000000003,28,RRSS,5.82,2024-11-27,2025-01-08,True
729,Lámpara de mesa,61.89,3.0,2024-12-18,Decoración,185.67000000000002,32,Email,5.54,2024-03-28,2024-04-20,False
729,Lámpara de mesa,61.89,3.0,2024-12-18,Decoración,185.67000000000002,2,RRSS,5.88,2024-05-30,2024-06-29,False
729,Lámpara de mesa,61.89,3.0,2024-12-18,Decoración,185.67000000000002,62,TV,4.51,2024-08-26,2024-10-07,False
1731,Freidora eléctrica,88.92,3.0,2024-12-18,Electrodomésticos,266.76,71,TV,4.37,2024-06-05,2024-07-24,False
1731,Freidora eléctrica,88.92,3.0,2024-12-18,Electrodomésticos,266.76,41,Email,3.92,2024-11-23,2025-01-01,True
1731,Freidora eléctrica,88.92,3.0,2024-12-18,Electrodomésticos,266.76,11,RRSS,5.27,2024-12-29,2025-01-21,False
2339,Proyector,75.0,7.0,2024-12-18,Electrónica,525.0,67,TV,3.68,2024-05-22,2024-07-12,False
2339,Proyector,75.0,7.0,2024-12-18,Electrónica,525.0,37,Email,3.22,2024-07-06,2024-07-26,False
2339,Proyector,75.0,7.0,2024-12-18,Electrónica,525.0,7,RRSS,5.57,2024-07-30,2024-08-16,False
2663,Smartphone,118.95,10.0,2024-12-18,Electrónica,1189.5,21,RRSS,6.37,2024-03-29,2024-05-16,False
2663,Smartphone,118.95,10.0,2024-12-18,Electrónica,1189.5,51,Email,4.65,2024-05-28,2024-06-15,False
2663,Smartphone,118.95,10.0,2024-12-18,Electrónica,1189.5,81,TV,4.78,2024-09-28,2024-10-24,False
2869,Proyector,122.17,9.0,2024-12-18,Electrónica,1099.53,67,TV,3.68,2024-05-22,2024-07-12,False
2869,Proyector,122.17,9.0,2024-12-18,Electrónica,1099.53,37,Email,3.22,2024-07-06,2024-07-26,False
2869,Proyector,122.17,9.0,2024-12-18,Electrónica,1099.53,7,RRSS,5.57,2024-07-30,2024-08-16,False
112,Cuadro decorativo,96.66,9.0,2024-12-19,Decoración,869.9399999999999,1,RRSS,5.27,2024-04-27,2024-06-04,False
112,Cuadro decorativo,96.66,9.0,2024-12-19,Decoración,869.9399999999999,31,Email,5.28,2024-08-15,2024-09-12,False
112,Cuadro decorativo,96.66,9.0,2024-12-19,Decoración,869.9399999999999,61,TV,5.3,2024-11-05,2024-12-23,True
793,Espejo decorativo,27.21,2.0,2024-12-19,Decoración,54.42,83,TV,5.24,2024-05-31,2024-07-08,False
793,Espejo decorativo,27.21,2.0,2024-12-19,Decoración,54.42,53,Email,4.9,2024-07-17,2024-08-01,False
793,Espejo decorativo,27.21,2.0,2024-12-19,Decoración,54.42,23,RRSS,4.75,2024-08-28,2024-10-17,False
1061,Freidora eléctrica,112.38,11.0,2024-12-19,Electrodomésticos,1236.1799999999998,71,TV,4.37,2024-06-05,2024-07-24,False
1061,Freidora eléctrica,112.38,11.0,2024-12-19,Electrodomésticos,1236.1799999999998,41,Email,3.92,2024-11-23,2025-01-01,True
1061,Freidora eléctrica,112.38,11.0,2024-12-19,Electrodomésticos,1236.1799999999998,11,RRSS,5.27,2024-12-29,2025-01-21,False
2167,Cámara digital,119.75,3.0,2024-12-19,Electrónica,359.25,18,RRSS,5.46,2024-07-16,2024-09-13,False
2167,Cámara digital,119.75,3.0,2024-12-19,Electrónica,359.25,78,TV,4.1,2024-08-02,2024-09-20,False
2167,Cámara digital,119.75,3.0,2024-12-19,Electrónica,359.25,48,Email,6.84,2024-10-31,2024-12-09,False
2833,Smartphone,97.07,9.0,2024-12-19,Electrónica,873.6299999999999,21,RRSS,6.37,2024-03-29,2024-05-16,False
2833,Smartphone,97.07,9.0,2024-12-19,Electrónica,873.6299999999999,51,Email,4.65,2024-05-28,2024-06-15,False
2833,Smartphone,97.07,9.0,2024-12-19,Electrónica,873.6299999999999,81,TV,4.78,2024-09-28,2024-10-24,False
15,Alfombra,47.77,6.0,2024-12-20,Decoración,286.62,58,Email,4.25,2024-03-31,2024-05-05,False
15,Alfombra,47.77,6.0,2024-12-20,Decoración,286.62,88,TV,7.39,2024-07-25,2024-08-31,False
15,Alfombra,47.77,6.0,2024-12-20,Decoración,286.62,28,RRSS,5.82,2024-11-27,2025-01-08,True
1059,Batidora,55.79,9.0,2024-12-20,Electrodomésticos,502.11,57,Email,4.48,2024-04-10,2024-06-08,False
1059,Batidora,55.79,9.0,2024-12-20,Electrodomésticos,502.11,87,TV,6.28,2024-08-27,2024-10-11,False
1059,Batidora,55.79,9.0,2024-12-20,Electrodomésticos,502.11,27,RRSS,4.52,2024-11-01,2024-12-08,False
1624,Aspiradora,28.64,9.0,2024-12-20,Electrodomésticos,257.76,40,Email,6.24,2024-06-24,2024-08-12,False
1624,Aspiradora,28.64,9.0,2024-12-20,Electrodomésticos,257.76,10,RRSS,7.16,2024-08-19,2024-09-19,False
1624,Aspiradora,28.64,9.0,2024-12-20,Electrodomésticos,257.76,70,TV,3.06,2024-12-13,2024-12-29,True
1887,Horno eléctrico,36.01,2.0,2024-12-20,Electrodomésticos,72.02,35,Email,5.65,2024-07-31,2024-09-29,False
1887,Horno eléctrico,36.01,2.0,2024-12-20,Electrodomésticos,72.02,5,RRSS,5.16,2024-08-22,2024-10-17,False
1887,Horno eléctrico,36.01,2.0,2024-12-20,Electrodomésticos,72.02,65,TV,3.08,2024-10-23,2024-12-11,False
2230,Consola de videojuegos,74.41,10.0,2024-12-20,Electrónica,744.0999999999999,50,Email,4.97,2024-05-03,2024-05-28,False
2230,Consola de videojuegos,74.41,10.0,2024-12-20,Electrónica,744.0999999999999,20,RRSS,3.16,2024-07-15,2024-08-03,False
2230,Consola de videojuegos,74.41,10.0,2024-12-20,Electrónica,744.0999999999999,80,TV,4.64,2024-11-01,2024-11-20,False
2451,Parlantes Bluetooth,42.08,2.0,2024-12-20,Electrónica,84.16,84,TV,4.42,2024-04-17,2024-05-05,False
2451,Parlantes Bluetooth,42.08,2.0,2024-12-20,Electrónica,84.16,54,Email,2.95,2024-08-09,2024-09-22,False
2451,Parlantes Bluetooth,42.08,2.0,2024-12-20,Electrónica,84.16,24,RRSS,6.0,2024-09-22,2024-10-26,False
222,Cuadro decorativo,84.64,1.0,2024-12-21,Decoración,84.64,1,RRSS,5.27,2024-04-27,2024-06-04,False
222,Cuadro decorativo,84.64,1.0,2024-12-21,Decoración,84.64,31,Email,5.28,2024-08-15,2024-09-12,False
222,Cuadro decorativo,84.64,1.0,2024-12-21,Decoración,84.64,61,TV,5.3,2024-11-05,2024-12-23,True
800,Adorno de pared,116.74,3.0,2024-12-21,Decoración,350.21999999999997,74,TV,4.81,2024-03-20,2024-05-03,False
800,Adorno de pared,116.74,3.0,2024-12-21,Decoración,350.21999999999997,44,Email,5.08,2024-04-13,2024-05-10,False
800,Adorno de pared,116.74,3.0,2024-12-21,Decoración,350.21999999999997,14,RRSS,4.16,2024-10-22,2024-12-21,True
1594,Aspiradora,46.9,8.0,2024-12-21,Electrodomésticos,375.2,40,Email,6.24,2024-06-24,2024-08-12,False
1594,Aspiradora,46.9,8.0,2024-12-21,Electrodomésticos,375.2,10,RRSS,7.16,2024-08-19,2024-09-19,False
1594,Aspiradora,46.9,8.0,2024-12-21,Electrodomésticos,375.2,70,TV,3.06,2024-12-13,2024-12-29,True
1752,Heladera,33.85,7.0,2024-12-21,Electrodomésticos,236.95000000000002,34,Email,4.2,2024-05-06,2024-07-05,False
1752,Heladera,33.85,7.0,2024-12-21,Electrodomésticos,236.95000000000002,4,RRSS,4.53,2024-05-31,2024-07-15,False
1752,Heladera,33.85,7.0,2024-12-21,Electrodomésticos,236.95000000000002,64,TV,4.38,2024-07-10,2024-08-09,False
2320,Consola de videojuegos,83.94,8.0,2024-12-21,Electrónica,671.52,50,Email,4.97,2024-05-03,2024-05-28,False
2320,Consola de videojuegos,83.94,8.0,2024-12-21,Electrónica,671.52,20,RRSS,3.16,2024-07-15,2024-08-03,False
2320,Consola de videojuegos,83.94,8.0,2024-12-21,Electrónica,671.52,80,TV,4.64,2024-11-01,2024-11-20,False
108,Rincón de plantas,47.84,1.0,2024-12-22,Decoración,47.84,38,Email,5.76,2024-06-14,2024-07-15,False
108,Rincón de plantas,47.84,1.0,2024-12-22,Decoración,47.84,8,RRSS,4.88,2024-08-03,2024-08-18,False
108,Rincón de plantas,47.84,1.0,2024-12-22,Decoración,47.84,68,TV,5.81,2024-12-17,2025-02-14,True
917,Elementos de cerámica,52.65,8.0,2024-12-22,Decoración,421.2,22,RRSS,5.44,2024-06-26,2024-07-15,False
917,Elementos de cerámica,52.65,8.0,2024-12-22,Decoración,421.2,82,TV,5.69,2024-09-08,2024-10-12,False
917,Elementos de cerámica,52.65,8.0,2024-12-22,Decoración,421.2,52,Email,5.74,2024-09-09,2024-09-30,False
1088,Cafetera,116.94,9.0,2024-12-22,Electrodomésticos,1052.46,49,Email,5.2,2024-06-20,2024-07-22,False
1088,Cafetera,116.94,9.0,2024-12-22,Electrodomésticos,1052.46,79,TV,7.26,2024-08-13,2024-10-11,False
1088,Cafetera,116.94,9.0,2024-12-22,Electrodomésticos,1052.46,19,RRSS,5.7,2024-08-19,2024-09-15,False
1128,Cafetera,90.54,2.0,2024-12-22,Electrodomésticos,181.08,49,Email,5.2,2024-06-20,2024-07-22,False
1128,Cafetera,90.54,2.0,2024-12-22,Electrodomésticos,181.08,79,TV,7.26,2024-08-13,2024-10-11,False
1128,Cafetera,90.54,2.0,2024-12-22,Electrodomésticos,181.08,19,RRSS,5.7,2024-08-19,2024-09-15,False
1216,Secadora,38.24,2.0,2024-12-22,Electrodomésticos,76.48,3,RRSS,5.1,2024-07-24,2024-08-30,False
1216,Secadora,38.24,2.0,2024-12-22,Electrodomésticos,76.48,63,TV,5.69,2024-11-03,2024-11-28,False
1216,Secadora,38.24,2.0,2024-12-22,Electrodomésticos,76.48,33,Email,3.8,2024-12-20,2025-01-07,True
1386,Secadora,41.84,7.0,2024-12-22,Electrodomésticos,292.88,3,RRSS,5.1,2024-07-24,2024-08-30,False
1386,Secadora,41.84,7.0,2024-12-22,Electrodomésticos,292.88,63,TV,5.69,2024-11-03,2024-11-28,False
1386,Secadora,41.84,7.0,2024-12-22,Electrodomésticos,292.88,33,Email,3.8,2024-12-20,2025-01-07,True
1597,Horno eléctrico,115.11,3.0,2024-12-22,Electrodomésticos,345.33,35,Email,5.65,2024-07-31,2024-09-29,False
1597,Horno eléctrico,115.11,3.0,2024-12-22,Electrodomésticos,345.33,5,RRSS,5.16,2024-08-22,2024-10-17,False
1597,Horno eléctrico,115.11,3.0,2024-12-22,Electrodomésticos,345.33,65,TV,3.08,2024-10-23,2024-12-11,False
1652,Heladera,101.22,11.0,2024-12-22,Electrodomésticos,1113.42,34,Email,4.2,2024-05-06,2024-07-05,False
1652,Heladera,101.22,11.0,2024-12-22,Electrodomésticos,1113.42,4,RRSS,4.53,2024-05-31,2024-07-15,False
1652,Heladera,101.22,11.0,2024-12-22,Electrodomésticos,1113.42,64,TV,4.38,2024-07-10,2024-08-09,False
1767,Horno eléctrico,65.28,1.0,2024-12-22,Electrodomésticos,65.28,35,Email,5.65,2024-07-31,2024-09-29,False
1767,Horno eléctrico,65.28,1.0,2024-12-22,Electrodomésticos,65.28,5,RRSS,5.16,2024-08-22,2024-10-17,False
1767,Horno eléctrico,65.28,1.0,2024-12-22,Electrodomésticos,65.28,65,TV,3.08,2024-10-23,2024-12-11,False
1968,Cafetera,69.28,2.0,2024-12-22,Electrodomésticos,138.56,49,Email,5.2,2024-06-20,2024-07-22,False
1968,Cafetera,69.28,2.0,2024-12-22,Electrodomésticos,138.56,79,TV,7.26,2024-08-13,2024-10-11,False
1968,Cafetera,69.28,2.0,2024-12-22,Electrodomésticos,138.56,19,RRSS,5.7,2024-08-19,2024-09-15,False
2845,Auriculares,34.64,10.0,2024-12-22,Electrónica,346.4,47,Email,4.19,2024-06-02,2024-07-22,False
2845,Auriculares,34.64,10.0,2024-12-22,Electrónica,346.4,17,RRSS,6.06,2024-07-15,2024-08-15,False
2845,Auriculares,34.64,10.0,2024-12-22,Electrónica,346.4,77,TV,4.99,2024-11-11,2024-12-06,False
301,Lámpara de mesa,62.77,6.0,2024-12-23,Decoración,376.62,32,Email,5.54,2024-03-28,2024-04-20,False
301,Lámpara de mesa,62.77,6.0,2024-12-23,Decoración,376.62,2,RRSS,5.88,2024-05-30,2024-06-29,False
301,Lámpara de mesa,62.77,6.0,2024-12-23,Decoración,376.62,62,TV,4.51,2024-08-26,2024-10-07,False
497,Elementos de cerámica,124.16,4.0,2024-12-23,Decoración,496.64,22,RRSS,5.44,2024-06-26,2024-07-15,False
497,Elementos de cerámica,124.16,4.0,2024-12-23,Decoración,496.64,82,TV,5.69,2024-09-08,2024-10-12,False
497,Elementos de cerámica,124.16,4.0,2024-12-23,Decoración,496.64,52,Email,5.74,2024-09-09,2024-09-30,False
559,Lámpara de mesa,40.35,2.0,2024-12-23,Decoración,80.7,32,Email,5.54,2024-03-28,2024-04-20,False
559,Lámpara de mesa,40.35,2.0,2024-12-23,Decoración,80.7,2,RRSS,5.88,2024-05-30,2024-06-29,False
559,Lámpara de mesa,40.35,2.0,2024-12-23,Decoración,80.7,62,TV,4.51,2024-08-26,2024-10-07,False
894,Jarrón decorativo,46.35,12.0,2024-12-23,Decoración,556.2,15,RRSS,4.65,2024-05-09,2024-06-13,False
894,Jarrón decorativo,46.35,12.0,2024-12-23,Decoración,556.2,45,Email,4.52,2024-06-05,2024-07-31,False
894,Jarrón decorativo,46.35,12.0,2024-12-23,Decoración,556.2,75,TV,4.1,2024-11-03,2024-12-25,True
1416,Secadora,64.14,1.0,2024-12-23,Electrodomésticos,64.14,3,RRSS,5.1,2024-07-24,2024-08-30,False
1416,Secadora,64.14,1.0,2024-12-23,Electrodomésticos,64.14,63,TV,5.69,2024-11-03,2024-11-28,False
1416,Secadora,64.14,1.0,2024-12-23,Electrodomésticos,64.14,33,Email,3.8,2024-12-20,2025-01-07,True
1728,Cafetera,75.14,11.0,2024-12-23,Electrodomésticos,826.54,49,Email,5.2,2024-06-20,2024-07-22,False
1728,Cafetera,75.14,11.0,2024-12-23,Electrodomésticos,826.54,79,TV,7.26,2024-08-13,2024-10-11,False
1728,Cafetera,75.14,11.0,2024-12-23,Electrodomésticos,826.54,19,RRSS,5.7,2024-08-19,2024-09-15,False
2355,Auriculares,119.48,8.0,2024-12-23,Electrónica,955.84,47,Email,4.19,2024-06-02,2024-07-22,False
2355,Auriculares,119.48,8.0,2024-12-23,Electrónica,955.84,17,RRSS,6.06,2024-07-15,2024-08-15,False
2355,Auriculares,119.48,8.0,2024-12-23,Electrónica,955.84,77,TV,4.99,2024-11-11,2024-12-06,False
2429,Proyector,91.85,6.0,2024-12-23,Electrónica,551.0999999999999,67,TV,3.68,2024-05-22,2024-07-12,False
2429,Proyector,91.85,6.0,2024-12-23,Electrónica,551.0999999999999,37,Email,3.22,2024-07-06,2024-07-26,False
2429,Proyector,91.85,6.0,2024-12-23,Electrónica,551.0999999999999,7,RRSS,5.57,2024-07-30,2024-08-16,False
2574,Tablet,49.2,5.0,2024-12-23,Electrónica,246.0,12,RRSS,3.4,2024-03-26,2024-05-13,False
2574,Tablet,49.2,5.0,2024-12-23,Electrónica,246.0,72,TV,4.9,2024-07-08,2024-09-03,False
2574,Tablet,49.2,5.0,2024-12-23,Electrónica,246.0,42,Email,4.42,2024-07-14,2024-09-03,False
2764,Tablet,92.81,11.0,2024-12-23,Electrónica,1020.9100000000001,12,RRSS,3.4,2024-03-26,2024-05-13,False
2764,Tablet,92.81,11.0,2024-12-23,Electrónica,1020.9100000000001,72,TV,4.9,2024-07-08,2024-09-03,False
2764,Tablet,92.81,11.0,2024-12-23,Electrónica,1020.9100000000001,42,Email,4.42,2024-07-14,2024-09-03,False
2905,Auriculares,40.58,2.0,2024-12-23,Electrónica,81.16,47,Email,4.19,2024-06-02,2024-07-22,False
2905,Auriculares,40.58,2.0,2024-12-23,Electrónica,81.16,17,RRSS,6.06,2024-07-15,2024-08-15,False
2905,Auriculares,40.58,2.0,2024-12-23,Electrónica,81.16,77,TV,4.99,2024-11-11,2024-12-06,False
1337,Horno eléctrico,118.72,2.0,2024-12-24,Electrodomésticos,237.44,35,Email,5.65,2024-07-31,2024-09-29,False
1337,Horno eléctrico,118.72,2.0,2024-12-24,Electrodomésticos,237.44,5,RRSS,5.16,2024-08-22,2024-10-17,False
1337,Horno eléctrico,118.72,2.0,2024-12-24,Electrodomésticos,237.44,65,TV,3.08,2024-10-23,2024-12-11,False
1794,Aspiradora,61.8,12.0,2024-12-24,Electrodomésticos,741.5999999999999,40,Email,6.24,2024-06-24,2024-08-12,False
1794,Aspiradora,61.8,12.0,2024-12-24,Electrodomésticos,741.5999999999999,10,RRSS,7.16,2024-08-19,2024-09-19,False
1794,Aspiradora,61.8,12.0,2024-12-24,Electrodomésticos,741.5999999999999,70,TV,3.06,2024-12-13,2024-12-29,True
2457,Cámara digital,75.98,8.0,2024-12-24,Electrónica,607.84,18,RRSS,5.46,2024-07-16,2024-09-13,False
2457,Cámara digital,75.98,8.0,2024-12-24,Electrónica,607.84,78,TV,4.1,2024-08-02,2024-09-20,False
2457,Cámara digital,75.98,8.0,2024-12-24,Electrónica,607.84,48,Email,6.84,2024-10-31,2024-12-09,False
2513,Smartphone,119.12,8.0,2024-12-24,Electrónica,952.96,21,RRSS,6.37,2024-03-29,2024-05-16,False
2513,Smartphone,119.12,8.0,2024-12-24,Electrónica,952.96,51,Email,4.65,2024-05-28,2024-06-15,False
2513,Smartphone,119.12,8.0,2024-12-24,Electrónica,952.96,81,TV,4.78,2024-09-28,2024-10-24,False
120,Adorno de pared,64.26,6.0,2024-12-25,Decoración,385.56000000000006,74,TV,4.81,2024-03-20,2024-05-03,False
120,Adorno de pared,64.26,6.0,2024-12-25,Decoración,385.56000000000006,44,Email,5.08,2024-04-13,2024-05-10,False
120,Adorno de pared,64.26,6.0,2024-12-25,Decoración,385.56000000000006,14,RRSS,4.16,2024-10-22,2024-12-21,False
1273,Microondas,78.3,8.0,2024-12-25,Electrodomésticos,626.4,56,Email,4.94,2024-08-06,2024-08-25,False
1273,Microondas,78.3,8.0,2024-12-25,Electrodomésticos,626.4,26,RRSS,5.0,2024-09-25,2024-10-14,False
1273,Microondas,78.3,8.0,2024-12-25,Electrodomésticos,626.4,86,TV,4.25,2024-09-25,2024-11-15,False
1318,Cafetera,98.58,6.0,2024-12-25,Electrodomésticos,591.48,49,Email,5.2,2024-06-20,2024-07-22,False
1318,Cafetera,98.58,6.0,2024-12-25,Electrodomésticos,591.48,79,TV,7.26,2024-08-13,2024-10-11,False
1318,Cafetera,98.58,6.0,2024-12-25,Electrodomésticos,591.48,19,RRSS,5.7,2024-08-19,2024-09-15,False
1473,Microondas,83.38,1.0,2024-12-25,Electrodomésticos,83.38,56,Email,4.94,2024-08-06,2024-08-25,False
1473,Microondas,83.38,1.0,2024-12-25,Electrodomésticos,83.38,26,RRSS,5.0,2024-09-25,2024-10-14,False
1473,Microondas,83.38,1.0,2024-12-25,Electrodomésticos,83.38,86,TV,4.25,2024-09-25,2024-11-15,False
1807,Horno eléctrico,45.12,4.0,2024-12-25,Electrodomésticos,180.48,35,Email,5.65,2024-07-31,2024-09-29,False
1807,Horno eléctrico,45.12,4.0,2024-12-25,Electrodomésticos,180.48,5,RRSS,5.16,2024-08-22,2024-10-17,False
1807,Horno eléctrico,45.12,4.0,2024-12-25,Electrodomésticos,180.48,65,TV,3.08,2024-10-23,2024-12-11,False
1907,Horno eléctrico,47.5,1.0,2024-12-25,Electrodomésticos,47.5,35,Email,5.65,2024-07-31,2024-09-29,False
1907,Horno eléctrico,47.5,1.0,2024-12-25,Electrodomésticos,47.5,5,RRSS,5.16,2024-08-22,2024-10-17,False
1907,Horno eléctrico,47.5,1.0,2024-12-25,Electrodomésticos,47.5,65,TV,3.08,2024-10-23,2024-12-11,False
1996,Secadora,113.87,9.0,2024-12-25,Electrodomésticos,1024.83,3,RRSS,5.1,2024-07-24,2024-08-30,False
1996,Secadora,113.87,9.0,2024-12-25,Electrodomésticos,1024.83,63,TV,5.69,2024-11-03,2024-11-28,False
1996,Secadora,113.87,9.0,2024-12-25,Electrodomésticos,1024.83,33,Email,3.8,2024-12-20,2025-01-07,True
2422,Televisor,58.0,10.0,2024-12-25,Electrónica,580.0,29,RRSS,3.96,2024-05-17,2024-06-28,False
2422,Televisor,58.0,10.0,2024-12-25,Electrónica,580.0,59,Email,4.19,2024-11-20,2025-01-19,True
2422,Televisor,58.0,10.0,2024-12-25,Electrónica,580.0,89,TV,4.98,2024-12-13,2025-02-08,True
2511,Parlantes Bluetooth,52.04,5.0,2024-12-25,Electrónica,260.2,84,TV,4.42,2024-04-17,2024-05-05,False
2511,Parlantes Bluetooth,52.04,5.0,2024-12-25,Electrónica,260.2,54,Email,2.95,2024-08-09,2024-09-22,False
2511,Parlantes Bluetooth,52.04,5.0,2024-12-25,Electrónica,260.2,24,RRSS,6.0,2024-09-22,2024-10-26,False
2863,Smartphone,88.08,5.0,2024-12-25,Electrónica,440.4,21,RRSS,6.37,2024-03-29,2024-05-16,False
2863,Smartphone,88.08,5.0,2024-12-25,Electrónica,440.4,51,Email,4.65,2024-05-28,2024-06-15,False
2863,Smartphone,88.08,5.0,2024-12-25,Electrónica,440.4,81,TV,4.78,2024-09-28,2024-10-24,False
76,Cortinas,49.77,10.0,2024-12-26,Decoración,497.70000000000005,43,Email,5.67,2024-05-02,2024-06-17,False
76,Cortinas,49.77,10.0,2024-12-26,Decoración,497.70000000000005,73,TV,6.47,2024-08-17,2024-09-26,False
76,Cortinas,49.77,10.0,2024-12-26,Decoración,497.70000000000005,13,RRSS,5.22,2024-09-16,2024-10-15,False
122,Cuadro decorativo,63.48,12.0,2024-12-26,Decoración,761.76,1,RRSS,5.27,2024-04-27,2024-06-04,False
122,Cuadro decorativo,63.48,12.0,2024-12-26,Decoración,761.76,31,Email,5.28,2024-08-15,2024-09-12,False
122,Cuadro decorativo,63.48,12.0,2024-12-26,Decoración,761.76,61,TV,5.3,2024-11-05,2024-12-23,False
494,Jarrón decorativo,79.23,5.0,2024-12-26,Decoración,396.15000000000003,15,RRSS,4.65,2024-05-09,2024-06-13,False
494,Jarrón decorativo,79.23,5.0,2024-12-26,Decoración,396.15000000000003,45,Email,4.52,2024-06-05,2024-07-31,False
494,Jarrón decorativo,79.23,5.0,2024-12-26,Decoración,396.15000000000003,75,TV,4.1,2024-11-03,2024-12-25,False
506,Cortinas,30.9,6.0,2024-12-26,Decoración,185.39999999999998,43,Email,5.67,2024-05-02,2024-06-17,False
506,Cortinas,30.9,6.0,2024-12-26,Decoración,185.39999999999998,73,TV,6.47,2024-08-17,2024-09-26,False
506,Cortinas,30.9,6.0,2024-12-26,Decoración,185.39999999999998,13,RRSS,5.22,2024-09-16,2024-10-15,False
1520,Plancha de vapor,74.47,8.0,2024-12-26,Electrodomésticos,595.76,36,Email,5.41,2024-04-02,2024-06-01,False
1520,Plancha de vapor,74.47,8.0,2024-12-26,Electrodomésticos,595.76,6,RRSS,4.02,2024-09-24,2024-11-02,False
1520,Plancha de vapor,74.47,8.0,2024-12-26,Electrodomésticos,595.76,66,TV,4.69,2024-10-04,2024-10-23,False
1876,Secadora,41.79,4.0,2024-12-26,Electrodomésticos,167.16,3,RRSS,5.1,2024-07-24,2024-08-30,False
1876,Secadora,41.79,4.0,2024-12-26,Electrodomésticos,167.16,63,TV,5.69,2024-11-03,2024-11-28,False
1876,Secadora,41.79,4.0,2024-12-26,Electrodomésticos,167.16,33,Email,3.8,2024-12-20,2025-01-07,True
2605,Auriculares,41.66,3.0,2024-12-26,Electrónica,124.97999999999999,47,Email,4.19,2024-06-02,2024-07-22,False
2605,Auriculares,41.66,3.0,2024-12-26,Electrónica,124.97999999999999,17,RRSS,6.06,2024-07-15,2024-08-15,False
2605,Auriculares,41.66,3.0,2024-12-26,Electrónica,124.97999999999999,77,TV,4.99,2024-11-11,2024-12-06,False
2899,Proyector,29.76,1.0,2024-12-26,Electrónica,29.76,67,TV,3.68,2024-05-22,2024-07-12,False
2899,Proyector,29.76,1.0,2024-12-26,Electrónica,29.76,37,Email,3.22,2024-07-06,2024-07-26,False
2899,Proyector,29.76,1.0,2024-12-26,Electrónica,29.76,7,RRSS,5.57,2024-07-30,2024-08-16,False
2961,Parlantes Bluetooth,29.97,3.0,2024-12-26,Electrónica,89.91,84,TV,4.42,2024-04-17,2024-05-05,False
2961,Parlantes Bluetooth,29.97,3.0,2024-12-26,Electrónica,89.91,54,Email,2.95,2024-08-09,2024-09-22,False
2961,Parlantes Bluetooth,29.97,3.0,2024-12-26,Electrónica,89.91,24,RRSS,6.0,2024-09-22,2024-10-26,False
1236,Secadora,27.84,11.0,2024-12-27,Electrodomésticos,306.24,3,RRSS,5.1,2024-07-24,2024-08-30,False
1236,Secadora,27.84,11.0,2024-12-27,Electrodomésticos,306.24,63,TV,5.69,2024-11-03,2024-11-28,False
1236,Secadora,27.84,11.0,2024-12-27,Electrodomésticos,306.24,33,Email,3.8,2024-12-20,2025-01-07,True
1429,Batidora,103.49,8.0,2024-12-27,Electrodomésticos,827.92,57,Email,4.48,2024-04-10,2024-06-08,False
1429,Batidora,103.49,8.0,2024-12-27,Electrodomésticos,827.92,87,TV,6.28,2024-08-27,2024-10-11,False
1429,Batidora,103.49,8.0,2024-12-27,Electrodomésticos,827.92,27,RRSS,4.52,2024-11-01,2024-12-08,False
1853,Microondas,89.05,1.0,2024-12-27,Electrodomésticos,89.05,56,Email,4.94,2024-08-06,2024-08-25,False
1853,Microondas,89.05,1.0,2024-12-27,Electrodomésticos,89.05,26,RRSS,5.0,2024-09-25,2024-10-14,False
1853,Microondas,89.05,1.0,2024-12-27,Electrodomésticos,89.05,86,TV,4.25,2024-09-25,2024-11-15,False
2414,Tablet,47.99,5.0,2024-12-27,Electrónica,239.95000000000002,12,RRSS,3.4,2024-03-26,2024-05-13,False
2414,Tablet,47.99,5.0,2024-12-27,Electrónica,239.95000000000002,72,TV,4.9,2024-07-08,2024-09-03,False
2414,Tablet,47.99,5.0,2024-12-27,Electrónica,239.95000000000002,42,Email,4.42,2024-07-14,2024-09-03,False
2951,Parlantes Bluetooth,89.89,6.0,2024-12-27,Electrónica,539.34,84,TV,4.42,2024-04-17,2024-05-05,False
2951,Parlantes Bluetooth,89.89,6.0,2024-12-27,Electrónica,539.34,54,Email,2.95,2024-08-09,2024-09-22,False
2951,Parlantes Bluetooth,89.89,6.0,2024-12-27,Electrónica,539.34,24,RRSS,6.0,2024-09-22,2024-10-26,False
2990,Smartphone,60.16,11.0,2024-12-27,Electrónica,661.76,21,RRSS,6.37,2024-03-29,2024-05-16,False
2990,Smartphone,60.16,11.0,2024-12-27,Electrónica,661.76,51,Email,4.65,2024-05-28,2024-06-15,False
2990,Smartphone,60.16,11.0,2024-12-27,Electrónica,661.76,81,TV,4.78,2024-09-28,2024-10-24,False
167,Elementos de cerámica,104.96,6.0,2024-12-28,Decoración,629.76,22,RRSS,5.44,2024-06-26,2024-07-15,False
167,Elementos de cerámica,104.96,6.0,2024-12-28,Decoración,629.76,82,TV,5.69,2024-09-08,2024-10-12,False
167,Elementos de cerámica,104.96,6.0,2024-12-28,Decoración,629.76,52,Email,5.74,2024-09-09,2024-09-30,False
1274,Aspiradora,124.15,9.0,2024-12-28,Electrodomésticos,1117.3500000000001,40,Email,6.24,2024-06-24,2024-08-12,False
1274,Aspiradora,124.15,9.0,2024-12-28,Electrodomésticos,1117.3500000000001,10,RRSS,7.16,2024-08-19,2024-09-19,False
1274,Aspiradora,124.15,9.0,2024-12-28,Electrodomésticos,1117.3500000000001,70,TV,3.06,2024-12-13,2024-12-29,True
1530,Plancha de vapor,47.14,2.0,2024-12-28,Electrodomésticos,94.28,36,Email,5.41,2024-04-02,2024-06-01,False
1530,Plancha de vapor,47.14,2.0,2024-12-28,Electrodomésticos,94.28,6,RRSS,4.02,2024-09-24,2024-11-02,False
1530,Plancha de vapor,47.14,2.0,2024-12-28,Electrodomésticos,94.28,66,TV,4.69,2024-10-04,2024-10-23,False
2038,SmartWatch,100.58,5.0,2024-12-28,Electrónica,502.9,85,TV,5.07,2024-04-01,2024-05-05,False
2038,SmartWatch,100.58,5.0,2024-12-28,Electrónica,502.9,55,Email,4.59,2024-10-13,2024-12-06,False
2038,SmartWatch,100.58,5.0,2024-12-28,Electrónica,502.9,25,RRSS,4.84,2024-11-23,2024-12-29,True
2204,Tablet,70.13,12.0,2024-12-28,Electrónica,841.56,12,RRSS,3.4,2024-03-26,2024-05-13,False
2204,Tablet,70.13,12.0,2024-12-28,Electrónica,841.56,72,TV,4.9,2024-07-08,2024-09-03,False
2204,Tablet,70.13,12.0,2024-12-28,Electrónica,841.56,42,Email,4.42,2024-07-14,2024-09-03,False
231,Lámpara de mesa,36.84,9.0,2024-12-29,Decoración,331.56000000000006,32,Email,5.54,2024-03-28,2024-04-20,False
231,Lámpara de mesa,36.84,9.0,2024-12-29,Decoración,331.56000000000006,2,RRSS,5.88,2024-05-30,2024-06-29,False
231,Lámpara de mesa,36.84,9.0,2024-12-29,Decoración,331.56000000000006,62,TV,4.51,2024-08-26,2024-10-07,False
240,Adorno de pared,81.02,7.0,2024-12-29,Decoración,567.14,74,TV,4.81,2024-03-20,2024-05-03,False
240,Adorno de pared,81.02,7.0,2024-12-29,Decoración,567.14,44,Email,5.08,2024-04-13,2024-05-10,False
240,Adorno de pared,81.02,7.0,2024-12-29,Decoración,567.14,14,RRSS,4.16,2024-10-22,2024-12-21,False
486,Cortinas,57.65,11.0,2024-12-29,Decoración,634.15,43,Email,5.67,2024-05-02,2024-06-17,False
486,Cortinas,57.65,11.0,2024-12-29,Decoración,634.15,73,TV,6.47,2024-08-17,2024-09-26,False
486,Cortinas,57.65,11.0,2024-12-29,Decoración,634.15,13,RRSS,5.22,2024-09-16,2024-10-15,False
639,Lámpara de mesa,51.77,7.0,2024-12-29,Decoración,362.39000000000004,32,Email,5.54,2024-03-28,2024-04-20,False
639,Lámpara de mesa,51.77,7.0,2024-12-29,Decoración,362.39000000000004,2,RRSS,5.88,2024-05-30,2024-06-29,False
639,Lámpara de mesa,51.77,7.0,2024-12-29,Decoración,362.39000000000004,62,TV,4.51,2024-08-26,2024-10-07,False
743,Espejo decorativo,117.04,8.0,2024-12-29,Decoración,936.32,83,TV,5.24,2024-05-31,2024-07-08,False
743,Espejo decorativo,117.04,8.0,2024-12-29,Decoración,936.32,53,Email,4.9,2024-07-17,2024-08-01,False
743,Espejo decorativo,117.04,8.0,2024-12-29,Decoración,936.32,23,RRSS,4.75,2024-08-28,2024-10-17,False
1139,Batidora,28.94,10.0,2024-12-29,Electrodomésticos,289.40000000000003,57,Email,4.48,2024-04-10,2024-06-08,False
1139,Batidora,28.94,10.0,2024-12-29,Electrodomésticos,289.40000000000003,87,TV,6.28,2024-08-27,2024-10-11,False
1139,Batidora,28.94,10.0,2024-12-29,Electrodomésticos,289.40000000000003,27,RRSS,4.52,2024-11-01,2024-12-08,False
1161,Freidora eléctrica,99.68,2.0,2024-12-29,Electrodomésticos,199.36,71,TV,4.37,2024-06-05,2024-07-24,False
1161,Freidora eléctrica,99.68,2.0,2024-12-29,Electrodomésticos,199.36,41,Email,3.92,2024-11-23,2025-01-01,True
1161,Freidora eléctrica,99.68,2.0,2024-12-29,Electrodomésticos,199.36,11,RRSS,5.27,2024-12-29,2025-01-21,True
1893,Microondas,89.88,3.0,2024-12-29,Electrodomésticos,269.64,56,Email,4.94,2024-08-06,2024-08-25,False
1893,Microondas,89.88,3.0,2024-12-29,Electrodomésticos,269.64,26,RRSS,5.0,2024-09-25,2024-10-14,False
1893,Microondas,89.88,3.0,2024-12-29,Electrodomésticos,269.64,86,TV,4.25,2024-09-25,2024-11-15,False
2309,Proyector,118.01,3.0,2024-12-29,Electrónica,354.03000000000003,67,TV,3.68,2024-05-22,2024-07-12,False
2309,Proyector,118.01,3.0,2024-12-29,Electrónica,354.03000000000003,37,Email,3.22,2024-07-06,2024-07-26,False
2309,Proyector,118.01,3.0,2024-12-29,Electrónica,354.03000000000003,7,RRSS,5.57,2024-07-30,2024-08-16,False
2424,Tablet,69.18,4.0,2024-12-29,Electrónica,276.72,12,RRSS,3.4,2024-03-26,2024-05-13,False
2424,Tablet,69.18,4.0,2024-12-29,Electrónica,276.72,72,TV,4.9,2024-07-08,2024-09-03,False
2424,Tablet,69.18,4.0,2024-12-29,Electrónica,276.72,42,Email,4.42,2024-07-14,2024-09-03,False
235,Alfombra,112.51,6.0,2024-12-30,Decoración,675.0600000000001,58,Email,4.25,2024-03-31,2024-05-05,False
235,Alfombra,112.51,6.0,2024-12-30,Decoración,675.0600000000001,88,TV,7.39,2024-07-25,2024-08-31,False
235,Alfombra,112.51,6.0,2024-12-30,Decoración,675.0600000000001,28,RRSS,5.82,2024-11-27,2025-01-08,True
418,Rincón de plantas,112.02,8.0,2024-12-30,Decoración,896.16,38,Email,5.76,2024-06-14,2024-07-15,False
418,Rincón de plantas,112.02,8.0,2024-12-30,Decoración,896.16,8,RRSS,4.88,2024-08-03,2024-08-18,False
418,Rincón de plantas,112.02,8.0,2024-12-30,Decoración,896.16,68,TV,5.81,2024-12-17,2025-02-14,True
909,Lámpara de mesa,35.85,5.0,2024-12-30,Decoración,179.25,32,Email,5.54,2024-03-28,2024-04-20,False
909,Lámpara de mesa,35.85,5.0,2024-12-30,Decoración,179.25,2,RRSS,5.88,2024-05-30,2024-06-29,False
909,Lámpara de mesa,35.85,5.0,2024-12-30,Decoración,179.25,62,TV,4.51,2024-08-26,2024-10-07,False
1583,Microondas,105.36,9.0,2024-12-30,Electrodomésticos,948.24,56,Email,4.94,2024-08-06,2024-08-25,False
1583,Microondas,105.36,9.0,2024-12-30,Electrodomésticos,948.24,26,RRSS,5.0,2024-09-25,2024-10-14,False
1583,Microondas,105.36,9.0,2024-12-30,Electrodomésticos,948.24,86,TV,4.25,2024-09-25,2024-11-15,False
1837,Horno eléctrico,104.12,9.0,2024-12-30,Electrodomésticos,937.08,35,Email,5.65,2024-07-31,2024-09-29,False
1837,Horno eléctrico,104.12,9.0,2024-12-30,Electrodomésticos,937.08,5,RRSS,5.16,2024-08-22,2024-10-17,False
1837,Horno eléctrico,104.12,9.0,2024-12-30,Electrodomésticos,937.08,65,TV,3.08,2024-10-23,2024-12-11,False
2276,Laptop,85.27,9.0,2024-12-30,Electrónica,767.43,60,Email,4.89,2024-09-28,2024-10-27,False
2276,Laptop,85.27,9.0,2024-12-30,Electrónica,767.43,30,RRSS,4.68,2024-10-23,2024-11-24,False
2276,Laptop,85.27,9.0,2024-12-30,Electrónica,767.43,90,TV,5.62,2024-11-16,2025-01-13,True
2696,Laptop,107.81,4.0,2024-12-30,Electrónica,431.24,60,Email,4.89,2024-09-28,2024-10-27,False
2696,Laptop,107.81,4.0,2024-12-30,Electrónica,431.24,30,RRSS,4.68,2024-10-23,2024-11-24,False
2696,Laptop,107.81,4.0,2024-12-30,Electrónica,431.24,90,TV,5.62,2024-11-16,2025-01-13,True
2913,Smartphone,99.85,7.0,2024-12-30,Electrónica,698.9499999999999,21,RRSS,6.37,2024-03-29,2024-05-16,False
2913,Smartphone,99.85,7.0,2024-12-30,Electrónica,698.9499999999999,51,Email,4.65,2024-05-28,2024-06-15,False
2913,Smartphone,99.85,7.0,2024-12-30,Electrónica,698.9499999999999,81,TV,4.78,2024-09-28,2024-10-24,False
2930,Consola de videojuegos,55.47,6.0,2024-12-30,Electrónica,332.82,50,Email,4.97,2024-05-03,2024-05-28,False
2930,Consola de videojuegos,55.47,6.0,2024-12-30,Electrónica,332.82,20,RRSS,3.16,2024-07-15,2024-08-03,False
2930,Consola de videojuegos,55.47,6.0,2024-12-30,Electrónica,332.82,80,TV,4.64,2024-11-01,2024-11-20,False
